X1,X2,X3,X4,X5,X6,X7,X8,X9,X10,X11,X12,X13,X14,X15,X16,y
4,7.0,18.0,25.0,28.0,27.0,20.0,10.0,-10.0,-18.0,-20.0,-16.0,13.0,32.0,12.0,10.0,0.0
87,114.0,120.0,106.0,76.0,54.0,28.0,5.0,-19.0,-49.0,-85.0,-102.0,-100.0,-89.0,-61.0,-21.0,0.0
68,104.0,73.0,34.0,-12.0,-26.0,-38.0,-36.0,-67.0,-88.0,-25.0,31.0,18.0,-4.0,6.0,-29.0,0.0
-67,-90.0,-97.0,-94.0,-86.0,-71.0,-43.0,-11.0,23.0,46.0,58.0,50.0,39.0,19.0,-9.0,-41.0,0.0
-47,-52.0,-45.0,-41.0,-29.0,-24.0,-21.0,-19.0,-13.0,-3.0,-2.0,4.0,11.0,14.0,11.0,14.0,0.0
-67,-30.0,7.0,33.0,51.0,79.0,105.0,122.0,132.0,115.0,83.0,42.0,10.0,-22.0,-47.0,-57.0,0.0
72,60.0,67.0,69.0,55.0,46.0,30.0,23.0,31.0,40.0,51.0,54.0,65.0,69.0,60.0,50.0,0.0
56,14.0,-12.0,-38.0,-73.0,-115.0,-137.0,-130.0,-78.0,-18.0,33.0,85.0,132.0,196.0,244.0,258.0,0.0
-17,-16.0,-12.0,13.0,53.0,84.0,77.0,57.0,24.0,-20.0,-39.0,-45.0,-40.0,-35.0,-19.0,-4.0,0.0
-8,37.0,72.0,94.0,122.0,140.0,145.0,119.0,108.0,96.0,82.0,50.0,-22.0,-97.0,-140.0,-142.0,0.0
13,-7.0,-23.0,-25.0,-10.0,3.0,20.0,25.0,16.0,2.0,2.0,16.0,26.0,22.0,19.0,28.0,0.0
125,41.0,-42.0,-91.0,-82.0,-47.0,-41.0,23.0,70.0,96.0,77.0,61.0,98.0,83.0,91.0,92.0,0.0
121,118.0,105.0,74.0,38.0,-1.0,-37.0,-66.0,-77.0,-67.0,-47.0,-23.0,7.0,14.0,20.0,15.0,0.0
22,7.0,-26.0,-41.0,-29.0,3.0,-21.0,-37.0,-29.0,-37.0,-6.0,14.0,-37.0,-64.0,-82.0,-90.0,0.0
99,85.0,47.0,16.0,-19.0,-37.0,-67.0,-90.0,-108.0,-103.0,-69.0,-32.0,0.0,25.0,39.0,37.0,0.0
56,68.0,72.0,79.0,110.0,126.0,122.0,94.0,61.0,39.0,31.0,40.0,48.0,62.0,71.0,88.0,0.0
-22,-36.0,-47.0,-48.0,-39.0,-33.0,-28.0,-17.0,-10.0,-15.0,-24.0,-27.0,-29.0,-24.0,-4.0,6.0,0.0
7,16.0,27.0,20.0,17.0,7.0,0.0,-13.0,-21.0,-21.0,-28.0,-23.0,-17.0,-19.0,-18.0,-6.0,0.0
59,26.0,-10.0,-15.0,-11.0,-6.0,14.0,64.0,84.0,88.0,99.0,86.0,52.0,49.0,67.0,60.0,0.0
-42,-22.0,-3.0,3.0,2.0,-17.0,-44.0,-50.0,-44.0,-28.0,-3.0,18.0,19.0,12.0,2.0,-23.0,0.0
-24,-32.0,-28.0,-18.0,-10.0,5.0,30.0,53.0,60.0,57.0,46.0,28.0,24.0,29.0,47.0,52.0,0.0
23,28.0,17.0,11.0,18.0,24.0,28.0,4.0,-29.0,-62.0,-76.0,-85.0,-110.0,-131.0,-149.0,-147.0,0.0
104,82.0,64.0,65.0,89.0,113.0,141.0,158.0,169.0,174.0,189.0,201.0,212.0,197.0,167.0,133.0,0.0
93,123.0,131.0,133.0,116.0,98.0,95.0,88.0,79.0,78.0,72.0,70.0,75.0,58.0,19.0,-14.0,0.0
44,36.0,35.0,35.0,38.0,42.0,42.0,32.0,15.0,1.0,-19.0,-31.0,-30.0,-12.0,14.0,50.0,0.0
18,40.0,32.0,13.0,28.0,23.0,8.0,1.0,24.0,25.0,-2.0,-5.0,-11.0,-35.0,-63.0,-70.0,0.0
-37,-44.0,-48.0,-48.0,-38.0,-18.0,11.0,40.0,48.0,48.0,44.0,39.0,29.0,24.0,26.0,25.0,0.0
-150,-182.0,-177.0,-129.0,-84.0,-27.0,10.0,4.0,-42.0,-91.0,-128.0,-158.0,-164.0,-151.0,-134.0,-121.0,0.0
-3,-24.0,-27.0,-6.0,15.0,29.0,48.0,78.0,88.0,71.0,64.0,57.0,37.0,38.0,67.0,84.0,0.0
3,-12.0,-22.0,-37.0,-63.0,-86.0,-82.0,-51.0,-30.0,-13.0,-20.0,-29.0,-38.0,-29.0,-15.0,-23.0,0.0
-23,7.0,21.0,20.0,18.0,4.0,-21.0,-56.0,-46.0,-22.0,-31.0,-66.0,-99.0,-121.0,-140.0,-130.0,0.0
9,-27.0,-37.0,-22.0,3.0,5.0,-2.0,-17.0,-35.0,-37.0,-27.0,-2.0,15.0,34.0,50.0,68.0,0.0
-17,-7.0,0.0,13.0,14.0,3.0,-26.0,-72.0,-125.0,-163.0,-168.0,-152.0,-132.0,-112.0,-96.0,-92.0,0.0
70,54.0,-14.0,-100.0,-108.0,-98.0,-94.0,-68.0,-31.0,27.0,102.0,154.0,161.0,115.0,35.0,-33.0,0.0
27,46.0,63.0,89.0,92.0,75.0,23.0,-31.0,-90.0,-133.0,-161.0,-181.0,-191.0,-183.0,-141.0,-96.0,0.0
4,5.0,-3.0,-12.0,-18.0,-6.0,-1.0,-3.0,-6.0,-5.0,-14.0,-27.0,-27.0,-36.0,-41.0,-65.0,0.0
-83,-69.0,-43.0,-25.0,-1.0,38.0,89.0,133.0,153.0,153.0,124.0,74.0,17.0,-25.0,-46.0,-53.0,0.0
-81,-117.0,-146.0,-175.0,-205.0,-199.0,-161.0,-143.0,-124.0,-87.0,-46.0,-18.0,21.0,42.0,48.0,18.0,0.0
-18,-50.0,-21.0,23.0,18.0,37.0,39.0,70.0,72.0,51.0,23.0,-11.0,1.0,-6.0,-61.0,-40.0,0.0
-76,-27.0,25.0,22.0,-23.0,-56.0,-44.0,-45.0,-74.0,-27.0,-20.0,-28.0,1.0,-26.0,-12.0,32.0,0.0
-6,-14.0,-20.0,-18.0,-4.0,22.0,45.0,64.0,66.0,44.0,23.0,11.0,25.0,37.0,44.0,33.0,0.0
-82,-83.0,-75.0,-54.0,-27.0,-3.0,31.0,28.0,-17.0,-65.0,-108.0,-147.0,-190.0,-184.0,-139.0,-83.0,0.0
-86,-75.0,-76.0,-62.0,-40.0,-26.0,-29.0,-25.0,-12.0,-12.0,1.0,2.0,-6.0,-32.0,-64.0,-76.0,0.0
0,7.0,36.0,52.0,78.0,101.0,81.0,26.0,-9.0,-25.0,-40.0,-34.0,17.0,48.0,57.0,75.0,0.0
-143,-213.0,-242.0,-226.0,-185.0,-121.0,-50.0,15.0,74.0,123.0,145.0,133.0,87.0,14.0,-83.0,-164.0,0.0
36,58.0,91.0,97.0,80.0,56.0,29.0,3.0,-2.0,2.0,5.0,9.0,22.0,37.0,53.0,64.0,0.0
42,30.0,-5.0,-52.0,-94.0,-130.0,-145.0,-137.0,-103.0,-61.0,-23.0,3.0,7.0,14.0,31.0,46.0,0.0
-32,-6.0,20.0,38.0,46.0,41.0,44.0,42.0,46.0,52.0,58.0,51.0,25.0,1.0,-27.0,-45.0,0.0
31,65.0,84.0,92.0,84.0,58.0,6.0,-43.0,-68.0,-71.0,-52.0,-27.0,-5.0,11.0,34.0,57.0,0.0
10,54.0,89.0,90.0,73.0,44.0,5.0,-41.0,-93.0,-144.0,-195.0,-216.0,-217.0,-184.0,-147.0,-99.0,0.0
-77,-70.0,-64.0,-41.0,-5.0,8.0,5.0,1.0,-12.0,-37.0,-9.0,13.0,-21.0,-30.0,-15.0,-1.0,0.0
0,-14.0,-71.0,-92.0,-112.0,-79.0,-53.0,-37.0,-25.0,2.0,-6.0,-20.0,-60.0,-69.0,-74.0,-65.0,0.0
-1,7.0,18.0,34.0,48.0,48.0,22.0,11.0,3.0,-15.0,-26.0,-17.0,-9.0,-4.0,7.0,6.0,0.0
-7,0.0,-5.0,-14.0,2.0,-1.0,-11.0,-23.0,-49.0,-43.0,3.0,26.0,25.0,21.0,9.0,-17.0,0.0
17,-4.0,-14.0,-13.0,-1.0,7.0,-6.0,-27.0,-36.0,-33.0,-26.0,-13.0,-4.0,-9.0,-13.0,-36.0,0.0
41,36.0,21.0,-18.0,-61.0,-95.0,-114.0,-125.0,-124.0,-103.0,-79.0,-53.0,-31.0,-4.0,14.0,34.0,0.0
34,52.0,77.0,74.0,49.0,9.0,-44.0,-91.0,-137.0,-168.0,-180.0,-169.0,-140.0,-114.0,-91.0,-63.0,0.0
-2,-18.0,-35.0,-56.0,-65.0,-49.0,-21.0,11.0,46.0,70.0,87.0,91.0,102.0,96.0,80.0,73.0,0.0
25,24.0,17.0,-5.0,-31.0,-26.0,-13.0,4.0,15.0,35.0,52.0,44.0,25.0,2.0,-8.0,-3.0,0.0
-29,-55.0,-87.0,-106.0,-108.0,-57.0,-11.0,23.0,23.0,-7.0,-45.0,-69.0,-78.0,-79.0,-72.0,-58.0,0.0
82,56.0,20.0,17.0,10.0,1.0,-35.0,-70.0,-111.0,-150.0,-153.0,-143.0,-125.0,-128.0,-146.0,-154.0,0.0
-91,-72.0,-49.0,-34.0,-34.0,-46.0,-48.0,-36.0,-20.0,1.0,17.0,9.0,-22.0,-69.0,-98.0,-124.0,0.0
87,61.0,44.0,45.0,59.0,71.0,62.0,47.0,29.0,25.0,40.0,57.0,68.0,65.0,73.0,85.0,0.0
-64,16.0,80.0,124.0,145.0,158.0,143.0,109.0,68.0,25.0,-33.0,-83.0,-111.0,-103.0,-59.0,1.0,0.0
2,-7.0,-21.0,-22.0,-12.0,-4.0,-11.0,-19.0,-23.0,-24.0,-5.0,24.0,50.0,65.0,78.0,85.0,0.0
33,9.0,-12.0,-26.0,-38.0,-38.0,-37.0,-43.0,-48.0,-44.0,-15.0,3.0,24.0,38.0,35.0,24.0,0.0
1,17.0,38.0,40.0,45.0,46.0,37.0,21.0,23.0,21.0,10.0,12.0,29.0,22.0,21.0,32.0,0.0
-88,-86.0,-47.0,-2.0,22.0,19.0,7.0,-4.0,-7.0,-4.0,-22.0,-44.0,-30.0,-1.0,12.0,23.0,0.0
4,43.0,69.0,68.0,62.0,39.0,29.0,30.0,25.0,2.0,-35.0,-68.0,-90.0,-86.0,-63.0,-40.0,0.0
99,101.0,86.0,78.0,80.0,83.0,83.0,63.0,36.0,0.0,-12.0,7.0,32.0,51.0,71.0,87.0,0.0
244,261.0,238.0,171.0,80.0,-18.0,-104.0,-150.0,-169.0,-163.0,-137.0,-77.0,0.0,82.0,157.0,233.0,0.0
68,23.0,-29.0,-63.0,-91.0,-114.0,-118.0,-104.0,-88.0,-69.0,-33.0,-9.0,3.0,-1.0,5.0,17.0,0.0
27,43.0,83.0,148.0,154.0,167.0,184.0,166.0,112.0,63.0,26.0,-18.0,-42.0,-63.0,-58.0,-64.0,0.0
34,102.0,149.0,128.0,84.0,45.0,-1.0,-30.0,-22.0,15.0,51.0,103.0,152.0,182.0,181.0,146.0,0.0
-88,-79.0,-61.0,-18.0,20.0,57.0,52.0,18.0,-12.0,-31.0,-32.0,-42.0,-65.0,-99.0,-116.0,-102.0,0.0
-38,-35.0,-3.0,13.0,8.0,15.0,35.0,41.0,31.0,38.0,41.0,12.0,-22.0,-60.0,-88.0,-98.0,0.0
134,86.0,10.0,-68.0,-136.0,-159.0,-158.0,-122.0,-73.0,-26.0,3.0,11.0,19.0,11.0,-8.0,-25.0,0.0
29,20.0,12.0,-2.0,-3.0,6.0,8.0,-1.0,-14.0,-25.0,-28.0,-16.0,0.0,25.0,29.0,17.0,0.0
3,24.0,27.0,-13.0,-43.0,-53.0,-61.0,-63.0,-57.0,-58.0,-38.0,3.0,52.0,65.0,50.0,4.0,0.0
-12,6.0,22.0,54.0,68.0,65.0,51.0,45.0,45.0,45.0,54.0,51.0,39.0,20.0,4.0,-11.0,0.0
-167,-131.0,-87.0,-60.0,-28.0,-9.0,14.0,32.0,37.0,8.0,-58.0,-123.0,-190.0,-240.0,-251.0,-222.0,0.0
-9,-11.0,-8.0,-7.0,-3.0,0.0,-4.0,-2.0,12.0,33.0,46.0,57.0,69.0,60.0,50.0,30.0,0.0
-23,-21.0,-10.0,-3.0,-14.0,-32.0,-38.0,-41.0,-80.0,-16.0,23.0,31.0,33.0,33.0,41.0,36.0,0.0
-64,-64.0,-69.0,-1.0,14.0,22.0,0.0,55.0,67.0,107.0,125.0,77.0,34.0,-43.0,-103.0,-120.0,0.0
-28,-34.0,-35.0,-31.0,-2.0,-28.0,-38.0,-41.0,-45.0,-35.0,-10.0,23.0,64.0,88.0,44.0,-8.0,0.0
-110,-68.0,-10.0,20.0,4.0,-36.0,-70.0,-104.0,-168.0,-180.0,-150.0,-126.0,-121.0,-114.0,-104.0,-100.0,0.0
-51,-39.0,-38.0,-29.0,-23.0,-1.0,43.0,92.0,122.0,104.0,73.0,31.0,-3.0,-51.0,-91.0,-120.0,0.0
-48,4.0,44.0,78.0,100.0,107.0,105.0,89.0,40.0,-25.0,-50.0,-42.0,-31.0,-29.0,-16.0,-7.0,0.0
-37,-7.0,13.0,21.0,7.0,-21.0,-48.0,-61.0,-76.0,-82.0,-82.0,-84.0,-90.0,-92.0,-80.0,-59.0,0.0
48,45.0,29.0,12.0,4.0,-3.0,-13.0,-25.0,-47.0,-68.0,-75.0,-63.0,-46.0,-36.0,-25.0,-23.0,0.0
129,64.0,-29.0,-113.0,-170.0,-182.0,-164.0,-128.0,-96.0,-59.0,-29.0,7.0,61.0,108.0,117.0,79.0,0.0
3,3.0,-1.0,-12.0,-23.0,-24.0,-27.0,-27.0,-30.0,-33.0,-37.0,-32.0,-20.0,-20.0,-20.0,-19.0,0.0
14,1.0,22.0,34.0,20.0,-24.0,-34.0,-18.0,-11.0,1.0,51.0,109.0,144.0,146.0,117.0,48.0,0.0
100,77.0,58.0,54.0,37.0,16.0,0.0,4.0,9.0,11.0,4.0,-11.0,-14.0,-4.0,14.0,22.0,0.0
-18,41.0,91.0,103.0,101.0,98.0,96.0,77.0,40.0,-12.0,-64.0,-88.0,-85.0,-57.0,-20.0,20.0,0.0
71,76.0,70.0,63.0,39.0,30.0,31.0,30.0,40.0,55.0,74.0,88.0,93.0,94.0,78.0,68.0,0.0
16,37.0,38.0,26.0,4.0,-12.0,-16.0,-15.0,-7.0,-8.0,-15.0,-27.0,-33.0,-36.0,-25.0,-1.0,0.0
-81,-84.0,-75.0,-57.0,-40.0,-6.0,31.0,66.0,81.0,94.0,91.0,73.0,29.0,-32.0,-99.0,-141.0,0.0
-54,-15.0,25.0,64.0,92.0,89.0,52.0,15.0,-22.0,-43.0,-53.0,-66.0,-77.0,-75.0,-62.0,-48.0,0.0
-42,-31.0,9.0,35.0,21.0,18.0,23.0,26.0,14.0,-1.0,-10.0,-26.0,-20.0,-19.0,-19.0,-1.0,0.0
-5,17.0,23.0,24.0,20.0,16.0,31.0,46.0,59.0,51.0,58.0,65.0,63.0,30.0,-27.0,-73.0,0.0
-83,-42.0,15.0,55.0,45.0,18.0,-19.0,-43.0,-8.0,-7.0,10.0,62.0,88.0,77.0,81.0,42.0,0.0
8,31.0,59.0,69.0,55.0,26.0,3.0,-16.0,-20.0,-13.0,-6.0,16.0,60.0,88.0,110.0,106.0,0.0
-6,-6.0,-10.0,-31.0,-55.0,-71.0,-84.0,-71.0,-46.0,-25.0,-9.0,22.0,56.0,53.0,38.0,-2.0,0.0
25,-28.0,-103.0,-170.0,-217.0,-237.0,-223.0,-179.0,-123.0,-82.0,-41.0,-13.0,12.0,41.0,66.0,76.0,0.0
2,3.0,-10.0,-39.0,-38.0,-34.0,-21.0,2.0,19.0,18.0,0.0,-12.0,-17.0,-24.0,-13.0,-32.0,0.0
-49,-58.0,-54.0,-35.0,-19.0,-5.0,-11.0,-11.0,-3.0,10.0,24.0,30.0,24.0,8.0,-3.0,-25.0,0.0
4,14.0,12.0,24.0,19.0,8.0,6.0,-5.0,-17.0,-41.0,-55.0,-70.0,-79.0,-69.0,-46.0,-22.0,0.0
73,60.0,42.0,42.0,13.0,-8.0,10.0,17.0,10.0,33.0,76.0,72.0,46.0,35.0,12.0,-25.0,0.0
-36,-30.0,-25.0,-36.0,-53.0,-66.0,-60.0,-53.0,-31.0,-12.0,6.0,9.0,-3.0,-17.0,-41.0,-51.0,0.0
-22,-9.0,8.0,19.0,34.0,34.0,27.0,16.0,18.0,19.0,20.0,28.0,20.0,10.0,-1.0,-4.0,0.0
-228,-206.0,-156.0,-93.0,-29.0,29.0,68.0,101.0,117.0,97.0,36.0,-42.0,-96.0,-132.0,-147.0,-153.0,0.0
6,12.0,27.0,49.0,66.0,67.0,58.0,46.0,47.0,38.0,37.0,32.0,14.0,-22.0,-66.0,-91.0,0.0
23,10.0,-7.0,-15.0,-27.0,-31.0,-40.0,-56.0,-74.0,-76.0,-67.0,-44.0,-4.0,32.0,62.0,83.0,0.0
33,23.0,19.0,24.0,26.0,34.0,49.0,68.0,76.0,69.0,54.0,30.0,13.0,6.0,2.0,-1.0,0.0
52,82.0,72.0,96.0,132.0,127.0,71.0,54.0,85.0,77.0,16.0,-7.0,40.0,83.0,63.0,63.0,0.0
35,57.0,73.0,58.0,14.0,-42.0,-69.0,-79.0,-62.0,-39.0,-17.0,12.0,48.0,79.0,83.0,73.0,0.0
-62,-73.0,-88.0,-91.0,-77.0,-34.0,-2.0,-3.0,5.0,24.0,-4.0,-43.0,-46.0,-64.0,-66.0,-46.0,0.0
-1,-11.0,-27.0,-37.0,-44.0,-50.0,-50.0,-49.0,-44.0,-51.0,-47.0,-43.0,-30.0,-5.0,22.0,32.0,0.0
-105,-80.0,-40.0,-12.0,22.0,44.0,55.0,38.0,1.0,-36.0,-50.0,-37.0,-13.0,1.0,-10.0,-7.0,0.0
-159,-160.0,-151.0,-117.0,-83.0,-30.0,13.0,54.0,97.0,132.0,149.0,162.0,164.0,157.0,133.0,92.0,0.0
1,-59.0,-116.0,-168.0,-223.0,-257.0,-195.0,-113.0,-77.0,16.0,81.0,122.0,146.0,143.0,117.0,59.0,0.0
32,10.0,-18.0,-41.0,-57.0,-74.0,-67.0,-47.0,-24.0,-15.0,-8.0,0.0,4.0,19.0,33.0,44.0,0.0
-45,-53.0,-55.0,-62.0,-95.0,-133.0,-132.0,-124.0,-102.0,-58.0,-16.0,6.0,14.0,15.0,-36.0,-91.0,0.0
106,82.0,27.0,-23.0,-52.0,-77.0,-77.0,-75.0,-69.0,-38.0,-17.0,17.0,37.0,50.0,53.0,20.0,0.0
-15,-3.0,-5.0,-24.0,-58.0,-68.0,-30.0,4.0,21.0,48.0,43.0,32.0,37.0,38.0,-5.0,-69.0,0.0
42,49.0,75.0,83.0,79.0,59.0,37.0,29.0,10.0,-5.0,-34.0,-69.0,-88.0,-82.0,-57.0,-23.0,0.0
-61,-71.0,-59.0,-42.0,-30.0,-37.0,-42.0,-58.0,-59.0,-64.0,-73.0,-85.0,-82.0,-41.0,15.0,71.0,0.0
66,63.0,54.0,49.0,41.0,39.0,37.0,28.0,14.0,6.0,10.0,11.0,12.0,16.0,14.0,8.0,0.0
-8,-38.0,-45.0,-35.0,-15.0,-7.0,-3.0,-2.0,-11.0,-13.0,-11.0,-12.0,-13.0,-4.0,11.0,22.0,0.0
123,97.0,68.0,29.0,-21.0,-43.0,-35.0,-24.0,-15.0,28.0,76.0,75.0,46.0,31.0,7.0,-22.0,0.0
7,12.0,14.0,13.0,23.0,20.0,2.0,-11.0,-19.0,-44.0,-76.0,-74.0,-67.0,-55.0,-11.0,32.0,0.0
-182,-133.0,-78.0,-21.0,11.0,18.0,-1.0,-34.0,-74.0,-94.0,-97.0,-96.0,-118.0,-152.0,-175.0,-176.0,0.0
-5,42.0,71.0,84.0,72.0,47.0,16.0,-13.0,-54.0,-96.0,-135.0,-159.0,-166.0,-154.0,-120.0,-87.0,0.0
9,36.0,39.0,38.0,34.0,15.0,-1.0,-16.0,-28.0,-38.0,-41.0,-44.0,-64.0,-69.0,-64.0,-53.0,0.0
-262,-200.0,-120.0,-81.0,-57.0,10.0,92.0,157.0,225.0,221.0,160.0,88.0,35.0,2.0,-81.0,-118.0,0.0
-32,-36.0,-28.0,-39.0,-7.0,44.0,75.0,89.0,92.0,91.0,62.0,17.0,-15.0,0.0,6.0,27.0,0.0
-9,-18.0,-35.0,-26.0,6.0,-26.0,-21.0,-2.0,10.0,44.0,47.0,25.0,4.0,0.0,21.0,39.0,0.0
-129,-101.0,-43.0,14.0,63.0,108.0,153.0,185.0,208.0,216.0,203.0,177.0,132.0,69.0,-10.0,-92.0,0.0
110,69.0,29.0,12.0,11.0,17.0,20.0,23.0,20.0,3.0,0.0,-3.0,7.0,0.0,-6.0,-17.0,0.0
-19,-30.0,-28.0,-36.0,-41.0,-43.0,-40.0,-23.0,-7.0,6.0,0.0,-10.0,-33.0,-52.0,-65.0,-56.0,0.0
-62,-71.0,-73.0,-59.0,-48.0,-36.0,-32.0,-18.0,-16.0,1.0,30.0,62.0,88.0,101.0,118.0,121.0,0.0
57,62.0,49.0,36.0,21.0,6.0,-23.0,-39.0,-28.0,-15.0,-22.0,-34.0,-42.0,-22.0,9.0,26.0,0.0
30,22.0,8.0,6.0,8.0,7.0,8.0,-1.0,-15.0,-34.0,-41.0,-28.0,-15.0,-10.0,-6.0,-1.0,0.0
39,40.0,18.0,-5.0,-9.0,-31.0,-66.0,-66.0,-69.0,-66.0,-35.0,-6.0,37.0,104.0,162.0,160.0,0.0
-31,-33.0,-32.0,-25.0,-8.0,-6.0,-14.0,-21.0,-8.0,10.0,11.0,15.0,6.0,0.0,4.0,11.0,0.0
92,95.0,125.0,123.0,123.0,118.0,72.0,31.0,51.0,12.0,-17.0,-29.0,-24.0,-15.0,15.0,26.0,0.0
50,28.0,33.0,50.0,62.0,58.0,33.0,11.0,-36.0,-57.0,-45.0,-19.0,6.0,32.0,32.0,28.0,0.0
78,103.0,126.0,118.0,90.0,37.0,-27.0,-90.0,-126.0,-146.0,-149.0,-130.0,-108.0,-78.0,-65.0,-41.0,0.0
-74,-43.0,-14.0,-10.0,-34.0,-72.0,-96.0,-89.0,-61.0,-29.0,-2.0,3.0,-4.0,-20.0,-19.0,-18.0,0.0
44,9.0,-31.0,-65.0,-89.0,-96.0,-97.0,-92.0,-64.0,-26.0,25.0,59.0,56.0,23.0,-16.0,-48.0,0.0
7,-3.0,-11.0,-4.0,25.0,53.0,53.0,37.0,17.0,6.0,15.0,15.0,4.0,-14.0,-24.0,-24.0,0.0
46,40.0,62.0,73.0,90.0,98.0,85.0,70.0,62.0,59.0,50.0,48.0,65.0,82.0,93.0,90.0,0.0
-41,-47.0,-37.0,-18.0,-16.0,-12.0,-1.0,3.0,-15.0,-27.0,-30.0,-51.0,-61.0,-55.0,-48.0,-59.0,0.0
-11,0.0,7.0,8.0,2.0,-16.0,-32.0,-26.0,-10.0,6.0,20.0,39.0,47.0,47.0,50.0,27.0,0.0
64,22.0,-22.0,-48.0,-52.0,-39.0,-22.0,-5.0,-2.0,4.0,23.0,60.0,88.0,98.0,91.0,68.0,0.0
-22,-28.0,-18.0,-6.0,-23.0,-28.0,-14.0,-17.0,-20.0,-7.0,9.0,-2.0,-5.0,-12.0,-26.0,-52.0,0.0
29,22.0,21.0,18.0,30.0,53.0,73.0,84.0,87.0,74.0,46.0,32.0,19.0,31.0,45.0,56.0,0.0
-106,-79.0,-52.0,-21.0,26.0,74.0,108.0,122.0,116.0,80.0,42.0,2.0,-39.0,-86.0,-125.0,-137.0,0.0
121,142.0,148.0,131.0,72.0,55.0,55.0,21.0,-29.0,24.0,74.0,87.0,82.0,101.0,114.0,59.0,0.0
-31,-33.0,-38.0,-38.0,-28.0,-11.0,4.0,2.0,-6.0,-32.0,-63.0,-81.0,-87.0,-89.0,-86.0,-74.0,0.0
-6,27.0,19.0,-10.0,-36.0,-63.0,-107.0,-149.0,-133.0,-148.0,-136.0,-70.0,-58.0,-51.0,-70.0,-112.0,0.0
29,44.0,47.0,50.0,58.0,54.0,46.0,31.0,20.0,0.0,-41.0,-76.0,-101.0,-96.0,-71.0,-28.0,0.0
-61,-50.0,-30.0,-8.0,10.0,34.0,44.0,45.0,40.0,42.0,40.0,36.0,31.0,26.0,20.0,12.0,0.0
29,4.0,-19.0,-35.0,-37.0,-51.0,-66.0,-86.0,-96.0,-107.0,-108.0,-95.0,-74.0,-55.0,-43.0,-34.0,0.0
-105,-95.0,-89.0,-86.0,-82.0,-67.0,-39.0,-17.0,7.0,4.0,-19.0,-38.0,-55.0,-73.0,-94.0,-99.0,0.0
-1,7.0,21.0,38.0,42.0,39.0,31.0,30.0,26.0,14.0,10.0,6.0,5.0,9.0,12.0,5.0,0.0
0,33.0,80.0,111.0,111.0,83.0,43.0,10.0,-6.0,-8.0,-7.0,2.0,19.0,45.0,54.0,48.0,0.0
100,57.0,-3.0,-29.0,-60.0,-86.0,-74.0,-45.0,6.0,31.0,62.0,83.0,89.0,88.0,42.0,-49.0,0.0
39,54.0,64.0,71.0,50.0,15.0,-22.0,-43.0,-40.0,-21.0,-5.0,1.0,-2.0,-3.0,-6.0,-16.0,0.0
-39,-18.0,-19.0,0.0,-28.0,-13.0,25.0,11.0,12.0,-6.0,-38.0,-51.0,-48.0,-77.0,-62.0,-53.0,0.0
13,-55.0,-96.0,-127.0,-100.0,-101.0,-55.0,23.0,53.0,53.0,-12.0,-74.0,-106.0,-87.0,-91.0,-94.0,0.0
104,120.0,117.0,71.0,7.0,17.0,-17.0,-52.0,-29.0,12.0,65.0,115.0,112.0,135.0,156.0,115.0,0.0
-135,-147.0,-130.0,-94.0,-57.0,-5.0,43.0,82.0,100.0,91.0,62.0,32.0,-1.0,-18.0,-26.0,-16.0,0.0
47,42.0,28.0,25.0,53.0,61.0,72.0,65.0,43.0,28.0,15.0,16.0,23.0,43.0,79.0,98.0,0.0
-78,-57.0,-16.0,29.0,68.0,98.0,126.0,133.0,119.0,90.0,57.0,20.0,-26.0,-52.0,-72.0,-76.0,0.0
31,12.0,-20.0,-32.0,-48.0,-45.0,-28.0,57.0,66.0,85.0,97.0,67.0,15.0,-24.0,-37.0,-27.0,0.0
-49,-84.0,-65.0,-29.0,39.0,60.0,50.0,15.0,-31.0,-52.0,-36.0,-52.0,-51.0,-35.0,-65.0,-101.0,0.0
-57,-18.0,4.0,15.0,-1.0,33.0,9.0,-33.0,-90.0,-139.0,-177.0,-166.0,-144.0,-125.0,-44.0,10.0,0.0
42,2.0,-19.0,-11.0,3.0,21.0,39.0,51.0,63.0,76.0,100.0,101.0,90.0,60.0,16.0,-28.0,0.0
54,56.0,51.0,40.0,22.0,14.0,25.0,43.0,56.0,61.0,56.0,47.0,38.0,33.0,32.0,35.0,0.0
-144,-146.0,-140.0,-134.0,-113.0,-67.0,-25.0,6.0,13.0,11.0,-8.0,-28.0,-37.0,-53.0,-63.0,-83.0,0.0
-69,-66.0,-59.0,-38.0,-9.0,21.0,53.0,78.0,85.0,86.0,72.0,56.0,37.0,-3.0,-17.0,-43.0,0.0
-10,31.0,54.0,90.0,115.0,91.0,67.0,41.0,-8.0,-67.0,-89.0,-89.0,-101.0,-85.0,-26.0,9.0,0.0
-34,-20.0,-6.0,-9.0,-12.0,-7.0,-3.0,11.0,23.0,25.0,13.0,0.0,-12.0,-34.0,-52.0,-54.0,0.0
20,60.0,94.0,88.0,48.0,1.0,-21.0,-10.0,20.0,55.0,49.0,12.0,-41.0,-68.0,-58.0,-17.0,0.0
-4,-11.0,-10.0,0.0,12.0,15.0,14.0,3.0,-10.0,-13.0,-23.0,-46.0,-70.0,-92.0,-112.0,-113.0,0.0
-80,-60.0,-32.0,-6.0,18.0,53.0,75.0,85.0,86.0,70.0,51.0,19.0,-16.0,-50.0,-79.0,-84.0,0.0
-13,10.0,5.0,-10.0,-22.0,-62.0,-74.0,-71.0,-51.0,-43.0,-51.0,-54.0,-33.0,-30.0,-18.0,-14.0,0.0
37,-4.0,-43.0,-62.0,-58.0,-45.0,-29.0,-32.0,-56.0,-86.0,-101.0,-108.0,-108.0,-88.0,-64.0,-42.0,0.0
-13,-8.0,-2.0,20.0,20.0,-2.0,-32.0,-57.0,-55.0,-45.0,-27.0,-31.0,-42.0,-60.0,-55.0,-35.0,0.0
48,23.0,22.0,33.0,38.0,55.0,75.0,88.0,82.0,78.0,84.0,97.0,94.0,75.0,35.0,-7.0,0.0
61,43.0,2.0,-37.0,-73.0,-98.0,-120.0,-109.0,-87.0,-67.0,-50.0,-45.0,-32.0,-33.0,-24.0,-16.0,0.0
-4,-9.0,-16.0,-38.0,-51.0,-57.0,-56.0,-49.0,-26.0,-3.0,2.0,-6.0,-18.0,-36.0,-55.0,-59.0,0.0
74,72.0,53.0,34.0,7.0,-15.0,-29.0,-39.0,-43.0,-42.0,-19.0,10.0,55.0,104.0,140.0,147.0,0.0
3,29.0,41.0,52.0,36.0,18.0,1.0,-15.0,-29.0,-43.0,-45.0,-51.0,-56.0,-54.0,-56.0,-49.0,0.0
-140,-158.0,-151.0,-114.0,-67.0,-20.0,22.0,46.0,67.0,70.0,64.0,41.0,12.0,-24.0,-57.0,-57.0,0.0
-111,-103.0,-88.0,-67.0,-37.0,14.0,68.0,125.0,170.0,178.0,138.0,56.0,-30.0,-103.0,-149.0,-168.0,0.0
-85,-59.0,-50.0,-45.0,-50.0,-34.0,4.0,54.0,85.0,80.0,64.0,37.0,11.0,-4.0,-12.0,-29.0,0.0
23,33.0,27.0,11.0,0.0,-5.0,1.0,4.0,-11.0,-34.0,-50.0,-46.0,-39.0,-28.0,-11.0,2.0,0.0
29,43.0,50.0,43.0,12.0,-14.0,-26.0,-10.0,26.0,66.0,91.0,90.0,81.0,63.0,50.0,50.0,0.0
37,54.0,16.0,-24.0,-27.0,-17.0,0.0,45.0,117.0,110.0,67.0,-7.0,-72.0,-105.0,-112.0,-100.0,0.0
-81,-61.0,-32.0,1.0,33.0,54.0,54.0,55.0,76.0,96.0,99.0,75.0,41.0,7.0,1.0,15.0,0.0
27,12.0,-16.0,-33.0,-7.0,3.0,9.0,15.0,15.0,-9.0,-37.0,-56.0,-51.0,-42.0,-40.0,-31.0,0.0
-22,-9.0,0.0,-1.0,-12.0,-40.0,-65.0,-84.0,-90.0,-84.0,-65.0,-42.0,-30.0,-14.0,-4.0,-2.0,0.0
-61,-76.0,-61.0,-34.0,-5.0,25.0,51.0,66.0,79.0,94.0,99.0,91.0,69.0,48.0,19.0,-2.0,0.0
-59,-45.0,-6.0,43.0,69.0,85.0,79.0,53.0,25.0,16.0,14.0,20.0,45.0,68.0,70.0,56.0,0.0
23,33.0,30.0,23.0,41.0,61.0,83.0,90.0,77.0,25.0,-26.0,-47.0,-56.0,-52.0,-35.0,-17.0,0.0
128,162.0,148.0,70.0,-35.0,-129.0,-202.0,-214.0,-204.0,-160.0,-101.0,-41.0,11.0,50.0,78.0,89.0,0.0
20,31.0,49.0,62.0,57.0,45.0,23.0,9.0,-30.0,-56.0,-77.0,-79.0,-72.0,-55.0,-40.0,-22.0,0.0
-31,-37.0,-28.0,-18.0,-13.0,-6.0,-15.0,-22.0,-12.0,6.0,14.0,12.0,7.0,-10.0,-32.0,-47.0,0.0
-107,-60.0,-34.0,-18.0,7.0,10.0,-15.0,-17.0,-15.0,-37.0,-36.0,-10.0,-2.0,-24.0,-37.0,-49.0,0.0
-96,-65.0,-37.0,10.0,63.0,102.0,105.0,81.0,24.0,-73.0,-163.0,-224.0,-220.0,-177.0,-114.0,-63.0,0.0
-42,32.0,79.0,112.0,98.0,70.0,45.0,38.0,56.0,48.0,16.0,-35.0,-85.0,-100.0,-90.0,-48.0,0.0
20,-11.0,-67.0,-125.0,-150.0,-159.0,-140.0,-95.0,-45.0,-7.0,12.0,-2.0,-45.0,-80.0,-107.0,-124.0,0.0
62,66.0,130.0,145.0,115.0,68.0,70.0,62.0,36.0,39.0,59.0,58.0,64.0,103.0,85.0,39.0,0.0
-44,-33.0,-15.0,-6.0,0.0,1.0,-1.0,-18.0,-27.0,-34.0,-26.0,-8.0,5.0,18.0,2.0,-18.0,0.0
179,137.0,81.0,51.0,12.0,-36.0,-93.0,-119.0,-114.0,-92.0,-59.0,-13.0,54.0,111.0,142.0,145.0,0.0
36,17.0,1.0,-16.0,-27.0,-36.0,-25.0,6.0,15.0,16.0,15.0,17.0,5.0,-5.0,-25.0,-34.0,0.0
73,61.0,47.0,22.0,-4.0,-10.0,3.0,4.0,1.0,13.0,11.0,6.0,-4.0,-35.0,-53.0,-52.0,0.0
-42,-46.0,-61.0,-58.0,-34.0,-28.0,-10.0,19.0,62.0,71.0,63.0,40.0,17.0,-40.0,-75.0,-99.0,0.0
-44,22.0,31.0,21.0,-3.0,-37.0,-58.0,-73.0,-76.0,-68.0,-64.0,-58.0,-55.0,-56.0,-56.0,-46.0,0.0
210,181.0,105.0,2.0,-106.0,-190.0,-237.0,-254.0,-248.0,-222.0,-165.0,-82.0,7.0,83.0,138.0,163.0,0.0
-49,17.0,80.0,106.0,95.0,80.0,70.0,66.0,58.0,55.0,37.0,16.0,-3.0,-24.0,-32.0,-11.0,0.0
17,17.0,42.0,63.0,84.0,101.0,119.0,130.0,128.0,121.0,85.0,58.0,41.0,30.0,33.0,39.0,0.0
8,-16.0,-62.0,-87.0,-95.0,-106.0,-109.0,-93.0,-85.0,-98.0,-98.0,-91.0,-95.0,-106.0,-94.0,-97.0,0.0
42,-9.0,-37.0,-14.0,-28.0,-77.0,-87.0,-45.0,-48.0,-46.0,-29.0,-20.0,-30.0,-12.0,17.0,-14.0,0.0
40,39.0,17.0,-14.0,-30.0,-20.0,-1.0,16.0,6.0,-16.0,-41.0,-51.0,-37.0,-26.0,-15.0,-17.0,0.0
40,35.0,29.0,22.0,12.0,-6.0,-7.0,4.0,26.0,49.0,68.0,84.0,77.0,75.0,49.0,-6.0,0.0
-10,12.0,36.0,60.0,75.0,82.0,66.0,41.0,9.0,-17.0,-29.0,-21.0,-3.0,0.0,-1.0,-1.0,0.0
-11,-42.0,-65.0,-92.0,-100.0,-69.0,-30.0,-19.0,-1.0,19.0,10.0,-29.0,-46.0,-44.0,-49.0,-33.0,0.0
-62,-27.0,-5.0,-6.0,-20.0,-23.0,-23.0,-46.0,-46.0,-56.0,-43.0,-29.0,-17.0,2.0,15.0,-9.0,0.0
-16,-25.0,-42.0,-50.0,-53.0,-52.0,-43.0,-32.0,-24.0,-20.0,-10.0,-6.0,-4.0,8.0,23.0,22.0,0.0
31,34.0,32.0,39.0,34.0,27.0,22.0,8.0,-35.0,-53.0,-32.0,1.0,38.0,78.0,96.0,66.0,0.0
-26,-17.0,16.0,26.0,3.0,-12.0,-21.0,-22.0,-21.0,-37.0,-81.0,-91.0,-80.0,-69.0,-61.0,-59.0,0.0
37,75.0,81.0,52.0,-1.0,-29.0,-56.0,-115.0,-121.0,-136.0,-153.0,-115.0,-20.0,21.0,23.0,30.0,0.0
18,20.0,11.0,-13.0,-30.0,-37.0,-51.0,-56.0,-55.0,-46.0,-36.0,-34.0,-27.0,-28.0,-21.0,-16.0,0.0
-88,-33.0,15.0,43.0,53.0,51.0,16.0,-28.0,-30.0,-28.0,-28.0,-16.0,2.0,-5.0,-22.0,-10.0,0.0
-156,-164.0,-152.0,-113.0,-55.0,0.0,45.0,63.0,41.0,2.0,-60.0,-120.0,-180.0,-201.0,-190.0,-158.0,0.0
-84,-135.0,-177.0,-206.0,-206.0,-189.0,-150.0,-96.0,-49.0,-13.0,9.0,19.0,18.0,20.0,28.0,27.0,0.0
37,35.0,9.0,-44.0,-94.0,-138.0,-158.0,-147.0,-123.0,-96.0,-84.0,-60.0,-37.0,-19.0,0.0,26.0,0.0
126,101.0,71.0,58.0,39.0,7.0,29.0,60.0,92.0,103.0,77.0,42.0,11.0,-10.0,-3.0,-21.0,0.0
9,21.0,29.0,41.0,60.0,76.0,94.0,95.0,73.0,43.0,0.0,-34.0,-54.0,-51.0,-42.0,-29.0,0.0
-52,-55.0,-52.0,-48.0,-32.0,-23.0,-31.0,-39.0,-36.0,-19.0,-4.0,10.0,9.0,2.0,-3.0,-2.0,0.0
22,32.0,30.0,-1.0,-34.0,-54.0,-48.0,-40.0,-36.0,-25.0,-23.0,-43.0,-42.0,-38.0,-54.0,-67.0,0.0
26,-39.0,-101.0,-132.0,-122.0,-85.0,-37.0,-4.0,22.0,41.0,55.0,66.0,94.0,115.0,126.0,116.0,0.0
37,68.0,91.0,91.0,60.0,30.0,-13.0,-49.0,-95.0,-114.0,-99.0,-73.0,-43.0,-35.0,-28.0,-7.0,0.0
32,13.0,-16.0,-51.0,-96.0,-128.0,-143.0,-156.0,-153.0,-144.0,-118.0,-76.0,-31.0,16.0,32.0,37.0,0.0
-24,-44.0,-64.0,-68.0,-62.0,-41.0,-24.0,14.0,39.0,100.0,161.0,167.0,119.0,40.0,-30.0,-79.0,0.0
-78,-66.0,-30.0,-7.0,5.0,-10.0,-26.0,-57.0,-80.0,-89.0,-107.0,-105.0,-79.0,-71.0,-69.0,-48.0,0.0
118,77.0,20.0,-21.0,-52.0,-65.0,-78.0,-69.0,-61.0,-60.0,-58.0,-69.0,-61.0,-56.0,-26.0,2.0,0.0
114,78.0,26.0,-27.0,-69.0,-93.0,-94.0,-71.0,-42.0,-13.0,-1.0,7.0,-1.0,7.0,34.0,53.0,0.0
151,185.0,173.0,108.0,63.0,35.0,-18.0,-85.0,-86.0,-57.0,12.0,67.0,99.0,81.0,87.0,80.0,0.0
16,32.0,36.0,37.0,29.0,19.0,-11.0,-36.0,-57.0,-62.0,-55.0,-33.0,11.0,42.0,74.0,92.0,0.0
-124,-148.0,-152.0,-140.0,-117.0,-95.0,-72.0,-63.0,-43.0,-18.0,2.0,6.0,-11.0,-42.0,-85.0,-117.0,0.0
15,-5.0,-5.0,1.0,11.0,32.0,70.0,101.0,99.0,49.0,-31.0,-64.0,-52.0,-25.0,9.0,44.0,0.0
-74,-65.0,-55.0,-37.0,-19.0,-4.0,11.0,33.0,53.0,64.0,75.0,83.0,81.0,65.0,57.0,44.0,0.0
81,74.0,85.0,118.0,134.0,124.0,150.0,151.0,115.0,85.0,85.0,63.0,29.0,26.0,21.0,13.0,0.0
-6,15.0,36.0,55.0,56.0,57.0,53.0,50.0,36.0,22.0,20.0,15.0,19.0,12.0,7.0,-4.0,0.0
-109,-119.0,-117.0,-85.0,-28.0,32.0,86.0,129.0,144.0,114.0,54.0,-14.0,-71.0,-123.0,-143.0,-154.0,0.0
39,74.0,86.0,64.0,12.0,-54.0,-116.0,-150.0,-171.0,-178.0,-156.0,-120.0,-93.0,-84.0,-93.0,-97.0,0.0
33,36.0,26.0,-9.0,-17.0,-32.0,-35.0,-19.0,17.0,39.0,82.0,65.0,33.0,29.0,39.0,71.0,0.0
-86,-114.0,-133.0,-145.0,-148.0,-128.0,-91.0,-39.0,2.0,34.0,38.0,33.0,25.0,8.0,-13.0,-42.0,0.0
-61,-63.0,-75.0,-88.0,-96.0,-88.0,-64.0,-34.0,-1.0,19.0,35.0,36.0,26.0,-12.0,-60.0,-103.0,0.0
-78,-77.0,-102.0,-108.0,-88.0,-41.0,24.0,43.0,33.0,30.0,16.0,2.0,-6.0,-11.0,-26.0,-1.0,0.0
-51,-35.0,-22.0,-14.0,-6.0,6.0,12.0,27.0,44.0,38.0,11.0,-15.0,-21.0,-11.0,14.0,41.0,0.0
-73,-76.0,-63.0,-28.0,3.0,-15.0,-33.0,-32.0,-24.0,-30.0,-44.0,-56.0,-39.0,-40.0,-68.0,-80.0,0.0
3,-14.0,-40.0,-62.0,-77.0,-69.0,-50.0,-17.0,14.0,41.0,74.0,100.0,109.0,93.0,69.0,33.0,0.0
-4,-31.0,-64.0,-85.0,-89.0,-81.0,-57.0,-43.0,-42.0,-59.0,-75.0,-79.0,-58.0,-12.0,37.0,69.0,0.0
89,90.0,91.0,78.0,62.0,19.0,3.0,6.0,31.0,45.0,58.0,61.0,47.0,45.0,47.0,57.0,0.0
-119,-90.0,-55.0,-27.0,-20.0,-24.0,-25.0,-10.0,11.0,19.0,11.0,-23.0,-56.0,-72.0,-50.0,-8.0,0.0
121,150.0,170.0,169.0,145.0,94.0,7.0,-85.0,-171.0,-232.0,-276.0,-306.0,-288.0,-237.0,-166.0,-92.0,0.0
-47,-42.0,-22.0,20.0,76.0,120.0,145.0,140.0,123.0,102.0,86.0,72.0,40.0,14.0,-8.0,-30.0,0.0
50,20.0,-31.0,-71.0,-74.0,-79.0,-81.0,-46.0,13.0,41.0,42.0,22.0,-15.0,-62.0,-67.0,-50.0,0.0
-217,-250.0,-250.0,-213.0,-144.0,-55.0,32.0,110.0,170.0,220.0,262.0,274.0,242.0,187.0,125.0,74.0,0.0
-5,-37.0,-56.0,-50.0,-48.0,-62.0,-56.0,-54.0,-73.0,-71.0,-35.0,-34.0,-46.0,-15.0,2.0,-28.0,0.0
-163,-140.0,-111.0,-74.0,-52.0,-34.0,-17.0,5.0,24.0,36.0,47.0,35.0,6.0,-29.0,-57.0,-83.0,0.0
-154,-152.0,-135.0,-104.0,-70.0,-30.0,14.0,27.0,12.0,-39.0,-127.0,-157.0,-177.0,-184.0,-177.0,-175.0,0.0
-30,-66.0,-95.0,-126.0,-160.0,-180.0,-201.0,-212.0,-199.0,-150.0,-81.0,-14.0,43.0,52.0,26.0,-15.0,0.0
66,84.0,98.0,119.0,148.0,156.0,152.0,136.0,113.0,91.0,70.0,50.0,24.0,2.0,2.0,7.0,0.0
-95,-142.0,-128.0,-87.0,-44.0,-20.0,-20.0,-20.0,-14.0,2.0,25.0,34.0,18.0,2.0,-14.0,-22.0,0.0
35,17.0,12.0,31.0,57.0,76.0,71.0,56.0,31.0,7.0,0.0,4.0,4.0,-9.0,-12.0,-10.0,0.0
107,93.0,71.0,38.0,8.0,-14.0,-9.0,-5.0,-2.0,-9.0,-33.0,-56.0,-59.0,-38.0,-12.0,27.0,0.0
7,-10.0,-29.0,-52.0,-87.0,-133.0,-160.0,-158.0,-108.0,-71.0,-17.0,15.0,0.0,-17.0,-22.0,-68.0,0.0
-28,-11.0,8.0,31.0,43.0,50.0,48.0,57.0,48.0,19.0,-16.0,-42.0,-47.0,-39.0,-35.0,-47.0,0.0
-12,-30.0,-55.0,-59.0,-45.0,-2.0,43.0,74.0,82.0,57.0,17.0,-27.0,-49.0,-51.0,-32.0,-5.0,0.0
-17,21.0,74.0,92.0,79.0,74.0,66.0,35.0,5.0,10.0,16.0,9.0,9.0,15.0,9.0,20.0,0.0
-235,-196.0,-146.0,-87.0,-28.0,43.0,111.0,148.0,135.0,83.0,4.0,-49.0,-81.0,-107.0,-145.0,-174.0,0.0
-12,-31.0,-60.0,-82.0,-101.0,-91.0,-49.0,12.0,0.0,6.0,12.0,-15.0,-51.0,-64.0,-45.0,5.0,0.0
7,-19.0,-30.0,-64.0,-62.0,-31.0,8.0,40.0,63.0,18.0,-43.0,-38.0,-76.0,-98.0,-95.0,-67.0,0.0
-27,-25.0,-36.0,-35.0,-8.0,4.0,-15.0,-46.0,-44.0,-19.0,3.0,23.0,5.0,-15.0,-22.0,-17.0,0.0
11,-9.0,-32.0,-61.0,-98.0,-121.0,-125.0,-112.0,-96.0,-68.0,-37.0,-13.0,1.0,15.0,10.0,-8.0,0.0
-56,-25.0,-6.0,41.0,74.0,66.0,6.0,-60.0,-142.0,-187.0,-168.0,-149.0,-119.0,-77.0,-25.0,-10.0,0.0
-22,-24.0,-23.0,2.0,37.0,30.0,19.0,11.0,22.0,40.0,86.0,105.0,98.0,87.0,90.0,74.0,0.0
27,22.0,30.0,38.0,39.0,17.0,-8.0,-31.0,-46.0,-52.0,-55.0,-55.0,-49.0,-20.0,3.0,21.0,0.0
43,21.0,-13.0,-40.0,-61.0,-74.0,-85.0,-92.0,-102.0,-120.0,-122.0,-100.0,-53.0,-8.0,42.0,79.0,0.0
-33,-115.0,-174.0,-196.0,-211.0,-195.0,-151.0,-125.0,-67.0,26.0,100.0,117.0,129.0,73.0,7.0,-66.0,0.0
-244,-211.0,-153.0,-90.0,-22.0,30.0,73.0,102.0,116.0,103.0,48.0,-20.0,-97.0,-160.0,-186.0,-173.0,0.0
-46,-93.0,-135.0,-151.0,-155.0,-135.0,-92.0,-52.0,-23.0,-5.0,10.0,0.0,-22.0,-54.0,-77.0,-79.0,0.0
-43,-61.0,-52.0,-32.0,-21.0,-24.0,-37.0,-18.0,20.0,56.0,58.0,22.0,-36.0,-76.0,-60.0,-21.0,0.0
28,44.0,57.0,69.0,71.0,68.0,70.0,73.0,71.0,74.0,100.0,121.0,132.0,124.0,106.0,84.0,0.0
10,33.0,35.0,21.0,-3.0,-22.0,-36.0,-45.0,-52.0,-59.0,-73.0,-98.0,-112.0,-95.0,-68.0,-41.0,0.0
5,-50.0,-85.0,-92.0,-82.0,-52.0,-41.0,-33.0,-32.0,-16.0,13.0,19.0,20.0,4.0,-12.0,-20.0,0.0
113,114.0,106.0,99.0,89.0,75.0,68.0,60.0,61.0,56.0,62.0,75.0,86.0,89.0,81.0,83.0,0.0
22,30.0,24.0,16.0,-6.0,-10.0,2.0,8.0,-8.0,-38.0,-66.0,-82.0,-74.0,-55.0,-39.0,-34.0,0.0
-24,-37.0,-35.0,-32.0,-24.0,-5.0,16.0,41.0,64.0,76.0,75.0,69.0,64.0,62.0,47.0,36.0,0.0
-4,0.0,3.0,-1.0,-15.0,-23.0,-26.0,-27.0,-24.0,-2.0,10.0,14.0,19.0,11.0,5.0,-6.0,0.0
2,-5.0,-10.0,12.0,31.0,28.0,33.0,45.0,35.0,18.0,11.0,-8.0,-45.0,-61.0,-46.0,-54.0,0.0
-79,-130.0,-174.0,-190.0,-159.0,-87.0,14.0,80.0,105.0,68.0,14.0,-29.0,-19.0,17.0,28.0,-5.0,0.0
29,43.0,46.0,39.0,22.0,-9.0,-36.0,-57.0,-57.0,-67.0,-64.0,-65.0,-55.0,-47.0,-30.0,-6.0,0.0
54,81.0,59.0,46.0,43.0,21.0,-6.0,6.0,38.0,42.0,40.0,60.0,59.0,35.0,39.0,57.0,0.0
59,26.0,6.0,-7.0,-2.0,0.0,-5.0,-14.0,-7.0,24.0,50.0,65.0,73.0,78.0,88.0,111.0,0.0
104,32.0,26.0,11.0,-8.0,-3.0,26.0,43.0,31.0,56.0,73.0,-1.0,-25.0,-35.0,-81.0,-137.0,0.0
-81,-99.0,-127.0,-155.0,-146.0,-105.0,-38.0,-1.0,44.0,62.0,34.0,-5.0,-34.0,-46.0,-56.0,-24.0,0.0
-15,5.0,0.0,-11.0,19.0,50.0,33.0,25.0,23.0,-12.0,-50.0,-62.0,-78.0,-111.0,-110.0,-74.0,0.0
20,-3.0,-31.0,-53.0,-59.0,-67.0,-78.0,-86.0,-85.0,-81.0,-76.0,-70.0,-70.0,-83.0,-97.0,-100.0,0.0
-95,-56.0,-34.0,-36.0,-26.0,-9.0,15.0,32.0,21.0,-23.0,-95.0,-175.0,-243.0,-257.0,-219.0,-155.0,0.0
4,14.0,12.0,4.0,-7.0,-31.0,-27.0,-11.0,2.0,4.0,3.0,-6.0,-14.0,3.0,14.0,18.0,0.0
-122,-181.0,-214.0,-220.0,-200.0,-160.0,-101.0,-25.0,35.0,91.0,136.0,162.0,153.0,105.0,37.0,-57.0,0.0
-19,0.0,56.0,114.0,132.0,132.0,100.0,37.0,-27.0,-34.0,-19.0,-13.0,-3.0,14.0,17.0,-3.0,0.0
-27,-79.0,-119.0,-150.0,-164.0,-151.0,-129.0,-99.0,-60.0,-16.0,21.0,32.0,24.0,-2.0,-38.0,-47.0,0.0
-23,-16.0,-15.0,-27.0,-46.0,-56.0,-47.0,-32.0,-2.0,23.0,37.0,32.0,27.0,19.0,-3.0,-28.0,0.0
32,31.0,7.0,-15.0,-20.0,-26.0,-50.0,-68.0,-68.0,-65.0,-39.0,3.0,25.0,36.0,36.0,33.0,0.0
5,-40.0,-88.0,-125.0,-140.0,-146.0,-146.0,-130.0,-95.0,-55.0,-17.0,31.0,78.0,118.0,145.0,161.0,0.0
39,53.0,65.0,74.0,79.0,73.0,61.0,50.0,36.0,12.0,-2.0,-17.0,-43.0,-93.0,-138.0,-166.0,0.0
20,12.0,-5.0,-19.0,-35.0,-47.0,-54.0,-57.0,-49.0,-41.0,-13.0,19.0,50.0,71.0,76.0,72.0,0.0
24,-1.0,-18.0,-19.0,-2.0,29.0,62.0,59.0,22.0,-37.0,-84.0,-101.0,-98.0,-67.0,-43.0,-38.0,0.0
76,71.0,69.0,55.0,41.0,21.0,22.0,47.0,71.0,73.0,72.0,75.0,86.0,84.0,78.0,65.0,0.0
-55,-58.0,-57.0,-45.0,-29.0,-3.0,32.0,77.0,103.0,117.0,115.0,95.0,59.0,11.0,-38.0,-86.0,0.0
-20,-4.0,7.0,23.0,37.0,35.0,32.0,26.0,21.0,14.0,13.0,10.0,1.0,-6.0,-10.0,-15.0,0.0
107,75.0,49.0,28.0,21.0,27.0,27.0,31.0,25.0,25.0,42.0,74.0,100.0,120.0,135.0,146.0,0.0
-197,-238.0,-255.0,-245.0,-219.0,-186.0,-141.0,-98.0,-62.0,-18.0,32.0,87.0,111.0,119.0,101.0,52.0,0.0
9,-16.0,-45.0,-73.0,-110.0,-129.0,-140.0,-115.0,-100.0,-82.0,-28.0,-1.0,-6.0,-36.0,-96.0,-131.0,0.0
15,39.0,55.0,85.0,91.0,101.0,96.0,94.0,83.0,80.0,87.0,88.0,81.0,54.0,25.0,6.0,0.0
-23,-42.0,-43.0,-51.0,-40.0,-14.0,1.0,4.0,18.0,29.0,23.0,30.0,36.0,22.0,-18.0,-30.0,0.0
17,0.0,-3.0,13.0,17.0,8.0,-5.0,-3.0,-15.0,-20.0,-14.0,-20.0,-42.0,-48.0,-40.0,-48.0,0.0
-7,15.0,27.0,27.0,26.0,19.0,10.0,5.0,0.0,6.0,8.0,14.0,15.0,7.0,4.0,4.0,0.0
36,85.0,118.0,130.0,96.0,17.0,-101.0,-221.0,-290.0,-302.0,-266.0,-202.0,-130.0,-73.0,-29.0,6.0,0.0
-67,-76.0,-68.0,-41.0,-1.0,31.0,68.0,69.0,56.0,35.0,26.0,19.0,17.0,29.0,40.0,44.0,0.0
-2,-93.0,-168.0,-211.0,-227.0,-208.0,-160.0,-87.0,-18.0,37.0,101.0,147.0,151.0,116.0,39.0,-38.0,0.0
-49,-41.0,-31.0,-31.0,-37.0,-27.0,-9.0,5.0,24.0,32.0,36.0,37.0,39.0,49.0,45.0,38.0,0.0
68,78.0,81.0,66.0,62.0,36.0,17.0,-5.0,-10.0,-10.0,-23.0,-19.0,-15.0,17.0,62.0,113.0,0.0
-60,-73.0,-63.0,-33.0,2.0,32.0,48.0,48.0,18.0,-6.0,-31.0,-38.0,-46.0,-48.0,-46.0,-54.0,0.0
50,85.0,101.0,84.0,50.0,10.0,-23.0,-55.0,-66.0,-54.0,-35.0,-17.0,7.0,34.0,57.0,71.0,0.0
-8,-24.0,-35.0,-30.0,-21.0,8.0,35.0,48.0,41.0,27.0,16.0,3.0,-15.0,-26.0,-31.0,-31.0,0.0
15,6.0,-13.0,-29.0,-48.0,-62.0,-65.0,-55.0,-45.0,-30.0,-19.0,-27.0,-47.0,-70.0,-80.0,-83.0,0.0
119,92.0,69.0,84.0,96.0,99.0,102.0,128.0,134.0,131.0,126.0,93.0,28.0,-6.0,1.0,-28.0,0.0
-65,-67.0,-60.0,-44.0,-22.0,-9.0,-3.0,-12.0,-29.0,-37.0,-46.0,-49.0,-39.0,1.0,52.0,97.0,0.0
36,34.0,31.0,30.0,14.0,4.0,-13.0,-29.0,-29.0,0.0,46.0,71.0,71.0,52.0,43.0,42.0,0.0
-16,-35.0,-44.0,-18.0,26.0,65.0,77.0,51.0,26.0,-2.0,-30.0,-42.0,-53.0,-46.0,-35.0,-8.0,0.0
65,76.0,66.0,46.0,18.0,-13.0,-27.0,-36.0,-35.0,-31.0,-23.0,-23.0,-20.0,-8.0,-3.0,5.0,0.0
43,65.0,49.0,38.0,25.0,-26.0,-92.0,-136.0,-186.0,-229.0,-218.0,-188.0,-148.0,-82.0,-11.0,27.0,0.0
39,66.0,77.0,56.0,9.0,-35.0,-77.0,-92.0,-90.0,-85.0,-81.0,-80.0,-69.0,-65.0,-54.0,-32.0,0.0
144,158.0,137.0,89.0,25.0,-45.0,-114.0,-169.0,-205.0,-202.0,-174.0,-128.0,-85.0,-27.0,24.0,61.0,0.0
27,11.0,-1.0,-10.0,-17.0,-26.0,-29.0,-27.0,-23.0,-17.0,-9.0,-6.0,-1.0,12.0,16.0,8.0,0.0
101,82.0,62.0,59.0,67.0,80.0,103.0,115.0,117.0,102.0,103.0,116.0,122.0,109.0,87.0,77.0,0.0
25,51.0,49.0,40.0,14.0,-12.0,-39.0,-50.0,-43.0,-38.0,-31.0,-35.0,-57.0,-85.0,-84.0,-75.0,0.0
-147,-76.0,9.0,87.0,140.0,153.0,138.0,93.0,20.0,-48.0,-100.0,-140.0,-164.0,-161.0,-147.0,-118.0,0.0
49,45.0,40.0,28.0,34.0,45.0,65.0,90.0,101.0,119.0,113.0,81.0,34.0,1.0,-15.0,-13.0,0.0
-73,-48.0,-26.0,0.0,29.0,52.0,81.0,87.0,69.0,25.0,-32.0,-110.0,-177.0,-216.0,-227.0,-210.0,0.0
-38,-15.0,23.0,53.0,62.0,57.0,34.0,10.0,-22.0,-52.0,-82.0,-102.0,-96.0,-81.0,-57.0,-28.0,0.0
-15,9.0,27.0,26.0,13.0,-12.0,-52.0,-85.0,-109.0,-117.0,-115.0,-101.0,-78.0,-66.0,-53.0,-42.0,0.0
-45,-62.0,-51.0,-27.0,-6.0,-12.0,-30.0,-35.0,-19.0,23.0,65.0,78.0,48.0,-6.0,-36.0,-32.0,0.0
13,23.0,17.0,-5.0,-33.0,-48.0,-51.0,-47.0,-28.0,-17.0,-4.0,5.0,13.0,10.0,-3.0,-3.0,0.0
-28,-35.0,-35.0,-26.0,5.0,20.0,27.0,20.0,5.0,6.0,8.0,2.0,-19.0,-47.0,-71.0,-92.0,0.0
-45,-51.0,-62.0,-62.0,-53.0,-38.0,-12.0,6.0,18.0,21.0,24.0,21.0,20.0,25.0,23.0,13.0,0.0
-95,-51.0,4.0,53.0,82.0,92.0,84.0,75.0,41.0,18.0,-14.0,-53.0,-96.0,-131.0,-136.0,-127.0,0.0
65,97.0,121.0,106.0,89.0,94.0,71.0,5.0,-33.0,-38.0,-39.0,-32.0,-14.0,-7.0,-4.0,23.0,0.0
85,59.0,17.0,-21.0,-51.0,-62.0,-75.0,-80.0,-86.0,-69.0,-58.0,-29.0,10.0,35.0,55.0,77.0,0.0
10,-38.0,-75.0,-97.0,-116.0,-145.0,-173.0,-181.0,-155.0,-105.0,-52.0,-6.0,11.0,21.0,21.0,3.0,0.0
31,2.0,1.0,-14.0,-39.0,-21.0,7.0,23.0,34.0,41.0,0.0,-64.0,-89.0,-108.0,-132.0,-120.0,0.0
29,22.0,-12.0,-50.0,-56.0,-66.0,-87.0,-85.0,-83.0,-52.0,-20.0,10.0,22.0,21.0,-6.0,-33.0,0.0
125,130.0,107.0,82.0,68.0,67.0,68.0,71.0,74.0,62.0,63.0,72.0,80.0,86.0,73.0,63.0,0.0
27,2.0,-12.0,-2.0,28.0,62.0,76.0,72.0,51.0,25.0,14.0,14.0,2.0,-24.0,-45.0,-54.0,0.0
60,67.0,46.0,-4.0,-76.0,-130.0,-142.0,-112.0,-56.0,-16.0,7.0,17.0,22.0,0.0,-32.0,-60.0,0.0
-37,-47.0,-47.0,-31.0,12.0,62.0,100.0,123.0,116.0,90.0,62.0,40.0,19.0,-4.0,-24.0,-48.0,0.0
-54,-22.0,10.0,29.0,19.0,0.0,-13.0,-34.0,-42.0,-53.0,-66.0,-76.0,-79.0,-76.0,-77.0,-62.0,0.0
-99,-84.0,-56.0,-7.0,46.0,100.0,127.0,132.0,116.0,87.0,66.0,42.0,11.0,-38.0,-87.0,-116.0,0.0
-2,-5.0,12.0,17.0,22.0,25.0,26.0,-3.0,-35.0,-38.0,-37.0,-47.0,-54.0,-64.0,-76.0,-68.0,0.0
27,6.0,-1.0,-11.0,-20.0,-31.0,-28.0,-18.0,5.0,41.0,61.0,70.0,61.0,43.0,17.0,-13.0,0.0
-164,-178.0,-157.0,-149.0,-151.0,-131.0,-103.0,-105.0,-101.0,-79.0,-54.0,-38.0,-17.0,10.0,3.0,4.0,0.0
-53,-60.0,-67.0,-65.0,-49.0,-31.0,-12.0,3.0,3.0,1.0,5.0,-7.0,-26.0,-41.0,-45.0,-43.0,0.0
68,61.0,51.0,42.0,43.0,54.0,61.0,55.0,26.0,5.0,1.0,16.0,28.0,42.0,43.0,39.0,0.0
89,40.0,1.0,-19.0,-33.0,-40.0,-40.0,-25.0,1.0,14.0,25.0,2.0,-24.0,-2.0,19.0,48.0,0.0
-89,-78.0,-77.0,-72.0,-30.0,24.0,79.0,87.0,60.0,2.0,-59.0,-99.0,-115.0,-111.0,-113.0,-107.0,0.0
-7,-10.0,0.0,-8.0,-4.0,15.0,22.0,15.0,9.0,14.0,-1.0,-10.0,-27.0,-41.0,-41.0,15.0,0.0
54,42.0,28.0,17.0,2.0,12.0,4.0,9.0,10.0,19.0,42.0,58.0,70.0,66.0,63.0,75.0,0.0
23,40.0,64.0,73.0,85.0,82.0,74.0,69.0,67.0,67.0,76.0,100.0,91.0,65.0,14.0,-13.0,0.0
36,36.0,34.0,41.0,37.0,35.0,34.0,35.0,47.0,54.0,64.0,62.0,49.0,68.0,104.0,131.0,0.0
131,92.0,20.0,-48.0,-97.0,-120.0,-114.0,-83.0,-43.0,-19.0,-29.0,-30.0,3.0,61.0,127.0,168.0,0.0
15,31.0,34.0,17.0,-12.0,-49.0,-83.0,-108.0,-124.0,-138.0,-117.0,-73.0,-22.0,10.0,32.0,41.0,0.0
50,54.0,50.0,41.0,53.0,54.0,42.0,14.0,-20.0,-55.0,-86.0,-90.0,-85.0,-68.0,-41.0,-10.0,0.0
-40,-29.0,-27.0,-44.0,-53.0,-29.0,-27.0,-38.0,-27.0,7.0,16.0,-3.0,-19.0,-26.0,-54.0,-64.0,0.0
-8,-9.0,-14.0,-27.0,-23.0,-17.0,-12.0,-5.0,14.0,19.0,2.0,-14.0,-27.0,-53.0,-60.0,-22.0,0.0
-116,-125.0,-128.0,-111.0,-78.0,-24.0,32.0,80.0,114.0,124.0,96.0,83.0,61.0,55.0,35.0,9.0,0.0
18,27.0,34.0,26.0,0.0,-22.0,-39.0,-31.0,-11.0,2.0,4.0,6.0,5.0,6.0,3.0,-12.0,0.0
-25,-29.0,-4.0,24.0,43.0,34.0,15.0,-10.0,-35.0,-29.0,-12.0,4.0,-3.0,-17.0,-20.0,-29.0,0.0
57,51.0,54.0,20.0,-54.0,-143.0,-215.0,-248.0,-230.0,-178.0,-92.0,13.0,118.0,204.0,251.0,270.0,0.0
-90,-133.0,-160.0,-175.0,-171.0,-159.0,-116.0,-40.0,44.0,121.0,187.0,234.0,245.0,222.0,166.0,86.0,0.0
-6,-12.0,-6.0,0.0,-12.0,-7.0,-4.0,6.0,17.0,28.0,37.0,39.0,50.0,60.0,58.0,55.0,0.0
138,139.0,126.0,114.0,92.0,79.0,65.0,49.0,41.0,53.0,77.0,73.0,55.0,33.0,32.0,50.0,0.0
-47,-7.0,21.0,41.0,64.0,70.0,39.0,-16.0,-74.0,-122.0,-161.0,-177.0,-160.0,-135.0,-94.0,-66.0,0.0
38,14.0,-23.0,-48.0,-68.0,-68.0,-50.0,-30.0,-31.0,-39.0,-34.0,-20.0,8.0,43.0,81.0,80.0,0.0
-76,-63.0,-51.0,-19.0,21.0,52.0,67.0,78.0,69.0,60.0,38.0,20.0,-5.0,-36.0,-52.0,-62.0,0.0
-15,-14.0,-13.0,-14.0,-20.0,-13.0,-10.0,-7.0,-2.0,-3.0,9.0,16.0,30.0,30.0,35.0,35.0,0.0
-29,-24.0,-37.0,-57.0,-65.0,-60.0,-43.0,-18.0,-4.0,4.0,9.0,13.0,2.0,1.0,2.0,-2.0,0.0
-85,-104.0,-96.0,-77.0,-52.0,-24.0,6.0,34.0,53.0,86.0,104.0,121.0,118.0,73.0,9.0,-48.0,0.0
-142,-144.0,-121.0,-91.0,-77.0,-45.0,-8.0,6.0,12.0,4.0,-31.0,-89.0,-168.0,-223.0,-227.0,-196.0,0.0
53,42.0,27.0,17.0,4.0,3.0,13.0,13.0,5.0,0.0,11.0,26.0,33.0,12.0,-12.0,-33.0,0.0
17,-1.0,-6.0,-1.0,7.0,7.0,12.0,11.0,12.0,27.0,52.0,70.0,73.0,80.0,76.0,66.0,0.0
7,13.0,29.0,30.0,16.0,-9.0,-30.0,-49.0,-62.0,-69.0,-81.0,-95.0,-96.0,-79.0,-47.0,-19.0,0.0
-144,-167.0,-169.0,-147.0,-114.0,-74.0,-25.0,30.0,83.0,113.0,126.0,105.0,55.0,-5.0,-54.0,-99.0,0.0
25,-20.0,-64.0,-100.0,-129.0,-165.0,-199.0,-213.0,-202.0,-183.0,-148.0,-117.0,-84.0,-55.0,-19.0,17.0,0.0
12,50.0,79.0,102.0,116.0,129.0,118.0,87.0,33.0,-31.0,-84.0,-109.0,-98.0,-81.0,-50.0,-29.0,0.0
-20,38.0,86.0,125.0,118.0,76.0,18.0,-37.0,-93.0,-138.0,-154.0,-150.0,-117.0,-81.0,-46.0,-21.0,0.0
-86,-61.0,-40.0,-28.0,4.0,41.0,72.0,72.0,49.0,27.0,1.0,-23.0,-44.0,-67.0,-89.0,-85.0,0.0
-68,-34.0,2.0,37.0,55.0,52.0,51.0,56.0,61.0,46.0,19.0,-30.0,-78.0,-108.0,-108.0,-89.0,0.0
37,40.0,56.0,71.0,66.0,22.0,-16.0,-56.0,-79.0,-61.0,-34.0,-32.0,-51.0,-46.0,-43.0,-51.0,0.0
-173,-186.0,-192.0,-188.0,-166.0,-120.0,-68.0,-10.0,40.0,67.0,65.0,44.0,17.0,-19.0,-57.0,-97.0,0.0
66,86.0,102.0,109.0,106.0,95.0,78.0,38.0,-7.0,-53.0,-87.0,-107.0,-97.0,-69.0,-35.0,-2.0,0.0
-4,33.0,50.0,46.0,32.0,1.0,-29.0,-60.0,-94.0,-121.0,-136.0,-139.0,-146.0,-139.0,-116.0,-71.0,0.0
-5,31.0,70.0,93.0,91.0,69.0,48.0,42.0,49.0,47.0,28.0,-1.0,-33.0,-54.0,-52.0,-26.0,0.0
-23,-27.0,-23.0,-24.0,-32.0,-32.0,-17.0,-1.0,27.0,49.0,39.0,11.0,-25.0,-47.0,-71.0,-86.0,0.0
-12,7.0,27.0,48.0,54.0,58.0,56.0,50.0,47.0,38.0,14.0,-22.0,-35.0,-29.0,-6.0,14.0,0.0
-73,-41.0,-13.0,8.0,27.0,43.0,47.0,30.0,11.0,-24.0,-66.0,-87.0,-94.0,-92.0,-86.0,-79.0,0.0
-23,3.0,34.0,60.0,87.0,119.0,132.0,128.0,94.0,54.0,19.0,-12.0,-25.0,-37.0,-39.0,-25.0,0.0
-42,-35.0,2.0,19.0,15.0,7.0,1.0,-7.0,-10.0,-18.0,-39.0,-52.0,-42.0,-9.0,30.0,58.0,0.0
44,76.0,60.0,28.0,-15.0,-60.0,-91.0,-98.0,-92.0,-72.0,-42.0,-1.0,41.0,65.0,77.0,64.0,0.0
17,79.0,128.0,143.0,108.0,57.0,4.0,-31.0,-70.0,-106.0,-132.0,-130.0,-102.0,-49.0,11.0,43.0,0.0
233,237.0,209.0,154.0,88.0,20.0,-55.0,-138.0,-215.0,-230.0,-219.0,-150.0,-86.0,-13.0,36.0,72.0,0.0
-22,-5.0,-15.0,-11.0,36.0,41.0,21.0,-3.0,17.0,27.0,50.0,59.0,45.0,20.0,24.0,43.0,0.0
-20,-47.0,-64.0,-69.0,-90.0,-98.0,-104.0,-77.0,-32.0,-1.0,7.0,10.0,65.0,118.0,125.0,98.0,0.0
-26,-29.0,-53.0,-63.0,-53.0,-45.0,-41.0,-23.0,-19.0,-22.0,-16.0,-2.0,-4.0,-24.0,4.0,24.0,0.0
75,81.0,79.0,68.0,52.0,36.0,23.0,25.0,27.0,26.0,29.0,25.0,6.0,-26.0,-40.0,-37.0,0.0
-3,21.0,38.0,25.0,-18.0,-71.0,-96.0,-94.0,-73.0,-59.0,-63.0,-74.0,-66.0,-42.0,-22.0,-5.0,0.0
31,-9.0,-24.0,-28.0,-28.0,-21.0,-3.0,-6.0,-34.0,-32.0,-28.0,-17.0,6.0,34.0,47.0,44.0,0.0
-28,0.0,-13.0,2.0,36.0,73.0,70.0,67.0,92.0,64.0,15.0,-32.0,-31.0,-31.0,-13.0,30.0,0.0
-73,-116.0,-122.0,-86.0,-15.0,73.0,149.0,192.0,188.0,142.0,61.0,-13.0,-18.0,25.0,75.0,96.0,0.0
-70,-73.0,-60.0,-41.0,-20.0,-11.0,5.0,29.0,46.0,40.0,24.0,10.0,-17.0,-42.0,-48.0,-39.0,0.0
-13,-32.0,-35.0,-38.0,-35.0,-38.0,-47.0,-53.0,-68.0,-70.0,-71.0,-64.0,-49.0,-23.0,5.0,13.0,0.0
12,-21.0,-34.0,-27.0,-2.0,25.0,29.0,23.0,17.0,-11.0,-40.0,-55.0,-29.0,-14.0,-18.0,-29.0,0.0
39,43.0,39.0,38.0,23.0,10.0,2.0,6.0,13.0,12.0,-1.0,-19.0,-37.0,-43.0,-34.0,-31.0,0.0
96,71.0,34.0,3.0,-27.0,-58.0,-77.0,-67.0,-27.0,23.0,68.0,97.0,107.0,111.0,97.0,80.0,0.0
40,28.0,-13.0,-48.0,-35.0,-25.0,-37.0,-42.0,-30.0,-35.0,-16.0,20.0,34.0,8.0,-33.0,-61.0,0.0
-4,26.0,25.0,-1.0,-9.0,1.0,39.0,85.0,123.0,121.0,91.0,43.0,5.0,-15.0,-22.0,-26.0,0.0
140,183.0,210.0,209.0,178.0,99.0,10.0,-64.0,-132.0,-173.0,-181.0,-165.0,-122.0,-63.0,-29.0,-7.0,0.0
-51,-41.0,-39.0,-52.0,-71.0,-77.0,-56.0,-8.0,55.0,103.0,115.0,96.0,59.0,35.0,1.0,-24.0,0.0
24,-10.0,-56.0,-105.0,-141.0,-145.0,-120.0,-82.0,-42.0,-9.0,10.0,22.0,40.0,63.0,62.0,44.0,0.0
-94,-131.0,-139.0,-136.0,-116.0,-80.0,-45.0,-9.0,11.0,42.0,57.0,68.0,52.0,36.0,12.0,-15.0,0.0
-22,-10.0,3.0,8.0,12.0,2.0,-11.0,-23.0,-41.0,-64.0,-91.0,-103.0,-115.0,-115.0,-101.0,-71.0,0.0
0,-13.0,-23.0,-38.0,-51.0,-49.0,-33.0,-1.0,36.0,63.0,79.0,88.0,97.0,91.0,83.0,57.0,0.0
6,22.0,31.0,34.0,29.0,30.0,36.0,33.0,21.0,0.0,-26.0,-54.0,-72.0,-70.0,-55.0,-25.0,0.0
40,31.0,56.0,69.0,66.0,65.0,43.0,30.0,36.0,66.0,80.0,91.0,98.0,61.0,-10.0,-52.0,0.0
76,66.0,54.0,36.0,10.0,-18.0,-46.0,-56.0,-50.0,-42.0,-29.0,-5.0,23.0,45.0,58.0,67.0,0.0
-35,-32.0,-22.0,-22.0,-26.0,-44.0,-70.0,-82.0,-75.0,-50.0,-29.0,-2.0,16.0,29.0,38.0,40.0,0.0
15,-3.0,-32.0,-53.0,-61.0,-64.0,-56.0,-40.0,-19.0,-3.0,21.0,41.0,41.0,31.0,16.0,0.0,0.0
45,18.0,-45.0,-103.0,-127.0,-112.0,-60.0,-21.0,4.0,5.0,-3.0,-11.0,-11.0,-8.0,-10.0,0.0,0.0
63,14.0,-2.0,3.0,23.0,53.0,69.0,88.0,88.0,64.0,49.0,35.0,12.0,-4.0,0.0,-24.0,0.0
-70,-100.0,-125.0,-115.0,-69.0,-20.0,55.0,55.0,56.0,15.0,-39.0,-69.0,-94.0,-113.0,-113.0,-119.0,0.0
-6,-30.0,-47.0,-40.0,-47.0,-51.0,-31.0,-10.0,10.0,34.0,50.0,14.0,-14.0,-26.0,-36.0,-40.0,0.0
-166,-142.0,-105.0,-54.0,-2.0,26.0,30.0,21.0,12.0,4.0,8.0,-10.0,-40.0,-87.0,-128.0,-145.0,0.0
39,18.0,-13.0,-48.0,-60.0,-26.0,-4.0,-16.0,-33.0,-60.0,-92.0,-91.0,-75.0,-55.0,-33.0,11.0,0.0
98,135.0,161.0,139.0,123.0,100.0,68.0,0.0,-42.0,-70.0,-110.0,-80.0,-9.0,16.0,43.0,93.0,0.0
-10,4.0,6.0,1.0,-5.0,-4.0,-2.0,14.0,25.0,27.0,10.0,-2.0,10.0,24.0,44.0,39.0,0.0
-66,-68.0,-83.0,-95.0,-100.0,-84.0,-61.0,-33.0,-6.0,6.0,11.0,2.0,-18.0,-50.0,-95.0,-118.0,0.0
25,47.0,53.0,44.0,30.0,9.0,-15.0,-29.0,-46.0,-55.0,-50.0,-31.0,-17.0,-6.0,9.0,25.0,0.0
-14,-38.0,1.0,1.0,11.0,26.0,-1.0,-30.0,-18.0,-14.0,-25.0,-3.0,-11.0,-24.0,6.0,26.0,0.0
-17,-3.0,-6.0,-18.0,-40.0,-52.0,-45.0,-8.0,29.0,44.0,40.0,26.0,1.0,-26.0,-55.0,-73.0,0.0
-5,-17.0,-40.0,-57.0,-81.0,-85.0,-73.0,-50.0,-21.0,14.0,41.0,50.0,57.0,66.0,67.0,56.0,0.0
-53,-64.0,-66.0,-58.0,-60.0,-56.0,-46.0,-44.0,-33.0,-17.0,-2.0,3.0,3.0,-12.0,-42.0,-75.0,0.0
35,-12.0,-32.0,-36.0,-44.0,-12.0,6.0,41.0,58.0,58.0,106.0,139.0,157.0,148.0,131.0,86.0,0.0
-11,-16.0,-16.0,-19.0,-27.0,-42.0,-60.0,-66.0,-61.0,-38.0,-15.0,-9.0,-21.0,-28.0,-18.0,4.0,0.0
69,81.0,91.0,91.0,54.0,-5.0,-57.0,-86.0,-69.0,-49.0,-31.0,-28.0,-27.0,-29.0,-17.0,30.0,0.0
-94,-118.0,-124.0,-119.0,-85.0,-37.0,19.0,67.0,93.0,104.0,92.0,86.0,74.0,47.0,-6.0,-55.0,0.0
110,131.0,133.0,96.0,32.0,-16.0,-47.0,-75.0,-53.0,-26.0,-8.0,9.0,23.0,13.0,-13.0,-55.0,0.0
47,44.0,49.0,49.0,64.0,71.0,77.0,75.0,75.0,68.0,52.0,54.0,43.0,38.0,35.0,48.0,0.0
-2,26.0,44.0,52.0,46.0,25.0,13.0,8.0,2.0,-1.0,20.0,38.0,62.0,82.0,114.0,127.0,0.0
-6,13.0,36.0,50.0,50.0,44.0,32.0,14.0,2.0,-4.0,-2.0,0.0,13.0,21.0,19.0,17.0,0.0
29,10.0,-22.0,-37.0,-54.0,-80.0,-92.0,-82.0,-54.0,-12.0,41.0,61.0,61.0,52.0,29.0,-14.0,0.0
-7,-25.0,-58.0,-79.0,-111.0,-110.0,-86.0,-30.0,33.0,69.0,78.0,47.0,11.0,-8.0,-19.0,-27.0,0.0
26,53.0,41.0,11.0,-9.0,-28.0,-35.0,-37.0,-11.0,12.0,13.0,-1.0,-13.0,-22.0,-46.0,-48.0,0.0
26,29.0,39.0,38.0,8.0,-30.0,-43.0,-41.0,-34.0,-20.0,14.0,23.0,22.0,29.0,10.0,-20.0,0.0
-65,-53.0,-52.0,-43.0,-14.0,32.0,78.0,104.0,114.0,101.0,71.0,37.0,0.0,-22.0,-31.0,-22.0,0.0
-42,-53.0,-76.0,-98.0,-110.0,-108.0,-91.0,-85.0,-83.0,-83.0,-73.0,-64.0,-55.0,-37.0,-18.0,6.0,0.0
-138,-101.0,-68.0,-37.0,-17.0,0.0,19.0,36.0,59.0,86.0,105.0,116.0,106.0,75.0,18.0,-40.0,0.0
-38,3.0,26.0,13.0,13.0,-5.0,-4.0,-9.0,-13.0,3.0,2.0,15.0,48.0,70.0,68.0,55.0,0.0
91,138.0,163.0,176.0,167.0,147.0,104.0,61.0,2.0,-52.0,-109.0,-145.0,-162.0,-135.0,-75.0,-14.0,0.0
-50,-34.0,-34.0,-42.0,-4.0,42.0,21.0,-1.0,25.0,24.0,8.0,-32.0,-11.0,5.0,44.0,48.0,0.0
-22,-23.0,-18.0,0.0,29.0,70.0,106.0,147.0,165.0,158.0,129.0,93.0,48.0,5.0,-18.0,-31.0,0.0
81,85.0,92.0,58.0,46.0,65.0,-5.0,-69.0,-55.0,9.0,31.0,70.0,113.0,142.0,90.0,55.0,0.0
16,-3.0,6.0,8.0,-5.0,0.0,9.0,-6.0,-29.0,-47.0,-48.0,-55.0,-45.0,-30.0,-60.0,-79.0,0.0
-82,-49.0,-30.0,-22.0,-18.0,-4.0,5.0,6.0,4.0,-6.0,-12.0,-20.0,-28.0,-42.0,-62.0,-65.0,0.0
6,15.0,7.0,-3.0,-5.0,-24.0,-48.0,-60.0,-52.0,-35.0,-15.0,10.0,27.0,13.0,-24.0,-45.0,0.0
98,129.0,138.0,129.0,91.0,28.0,-21.0,-84.0,-130.0,-106.0,-69.0,10.0,89.0,145.0,188.0,159.0,0.0
54,71.0,93.0,84.0,49.0,32.0,25.0,20.0,28.0,41.0,39.0,34.0,38.0,27.0,17.0,14.0,0.0
-71,-102.0,-120.0,-99.0,-68.0,-55.0,-48.0,-13.0,16.0,27.0,37.0,18.0,-2.0,-14.0,-14.0,-26.0,0.0
-95,-125.0,-127.0,-82.0,-51.0,-24.0,21.0,66.0,89.0,59.0,30.0,-12.0,-38.0,-19.0,3.0,34.0,0.0
83,97.0,111.0,120.0,127.0,129.0,133.0,128.0,124.0,116.0,105.0,101.0,102.0,91.0,91.0,80.0,0.0
-40,-37.0,5.0,60.0,104.0,100.0,72.0,43.0,40.0,41.0,35.0,13.0,-19.0,-60.0,-86.0,-95.0,0.0
20,25.0,31.0,38.0,47.0,67.0,66.0,45.0,5.0,-9.0,15.0,36.0,61.0,71.0,67.0,53.0,0.0
-16,-31.0,-19.0,13.0,37.0,53.0,58.0,52.0,28.0,-11.0,-19.0,-17.0,-20.0,-31.0,-74.0,-113.0,0.0
-23,-25.0,-47.0,-69.0,-71.0,-49.0,-4.0,43.0,84.0,92.0,67.0,23.0,-7.0,-34.0,-51.0,-54.0,0.0
3,-19.0,-45.0,-74.0,-103.0,-126.0,-136.0,-128.0,-120.0,-90.0,-58.0,-34.0,-18.0,-23.0,-32.0,-43.0,0.0
75,22.0,-8.0,-38.0,-85.0,-95.0,-64.0,-36.0,-11.0,55.0,108.0,105.0,94.0,85.0,54.0,14.0,0.0
-88,-105.0,-87.0,-42.0,-5.0,34.0,41.0,21.0,-7.0,-25.0,-59.0,-91.0,-91.0,-77.0,-72.0,-43.0,0.0
2,-1.0,-11.0,-32.0,-44.0,-44.0,-35.0,-23.0,-8.0,-7.0,-14.0,-15.0,-2.0,17.0,19.0,7.0,0.0
26,14.0,-9.0,-19.0,-14.0,15.0,65.0,107.0,116.0,122.0,113.0,72.0,27.0,29.0,18.0,-16.0,0.0
49,13.0,-53.0,-137.0,-206.0,-249.0,-253.0,-239.0,-194.0,-143.0,-106.0,-70.0,-34.0,24.0,84.0,153.0,0.0
98,95.0,72.0,53.0,37.0,26.0,26.0,27.0,29.0,34.0,39.0,44.0,33.0,26.0,14.0,-8.0,0.0
34,42.0,40.0,18.0,-7.0,-41.0,-80.0,-128.0,-156.0,-168.0,-167.0,-154.0,-135.0,-119.0,-109.0,-99.0,0.0
-71,-42.0,0.0,-17.0,-56.0,-65.0,-33.0,24.0,63.0,95.0,103.0,111.0,90.0,28.0,18.0,8.0,0.0
19,-8.0,-38.0,-72.0,-94.0,-92.0,-62.0,-18.0,16.0,52.0,83.0,125.0,149.0,150.0,125.0,81.0,0.0
-28,18.0,69.0,94.0,75.0,53.0,-4.0,-16.0,-26.0,-57.0,-59.0,-40.0,9.0,31.0,35.0,63.0,0.0
69,77.0,74.0,60.0,25.0,-7.0,-30.0,-21.0,0.0,18.0,9.0,-10.0,-33.0,-55.0,-76.0,-84.0,0.0
-16,5.0,25.0,44.0,60.0,66.0,67.0,53.0,26.0,-12.0,-49.0,-81.0,-110.0,-109.0,-78.0,-24.0,0.0
-63,-26.0,5.0,24.0,27.0,34.0,34.0,38.0,40.0,40.0,31.0,-4.0,-35.0,-72.0,-100.0,-117.0,0.0
5,34.0,59.0,60.0,69.0,80.0,64.0,57.0,69.0,53.0,9.0,-18.0,-41.0,-30.0,-40.0,-13.0,0.0
-34,-15.0,8.0,40.0,79.0,124.0,179.0,200.0,173.0,102.0,14.0,-68.0,-123.0,-138.0,-131.0,-102.0,0.0
123,170.0,165.0,96.0,37.0,-18.0,-79.0,-101.0,-75.0,-23.0,33.0,84.0,98.0,66.0,40.0,3.0,0.0
61,45.0,43.0,44.0,18.0,-15.0,-36.0,-33.0,-14.0,14.0,18.0,0.0,-2.0,-4.0,-42.0,-77.0,0.0
42,34.0,33.0,48.0,67.0,69.0,62.0,41.0,40.0,63.0,95.0,101.0,92.0,83.0,76.0,64.0,0.0
34,-13.0,-48.0,-54.0,-72.0,-108.0,-92.0,-41.0,-8.0,31.0,66.0,51.0,-1.0,-25.0,-32.0,-41.0,0.0
-113,-81.0,-36.0,-2.0,26.0,51.0,60.0,63.0,61.0,52.0,33.0,6.0,-23.0,-51.0,-68.0,-52.0,0.0
-108,-120.0,-131.0,-119.0,-91.0,-70.0,-42.0,17.0,43.0,47.0,45.0,29.0,3.0,-31.0,-67.0,-96.0,0.0
-50,-15.0,-1.0,8.0,1.0,-17.0,-29.0,-7.0,7.0,-36.0,-43.0,-42.0,-59.0,-89.0,-85.0,-35.0,0.0
-91,-65.0,-15.0,24.0,10.0,94.0,121.0,116.0,119.0,122.0,93.0,70.0,-3.0,-20.0,23.0,36.0,0.0
54,49.0,58.0,72.0,86.0,99.0,109.0,109.0,91.0,79.0,66.0,61.0,59.0,51.0,49.0,40.0,0.0
-43,-48.0,-48.0,-47.0,-39.0,-40.0,-35.0,-24.0,-15.0,-14.0,-11.0,1.0,8.0,13.0,15.0,7.0,0.0
-31,-1.0,19.0,55.0,98.0,132.0,148.0,110.0,42.0,-34.0,-93.0,-132.0,-134.0,-146.0,-143.0,-111.0,0.0
28,-10.0,-45.0,-60.0,-68.0,-54.0,-23.0,14.0,61.0,32.0,-5.0,-46.0,-100.0,-73.0,-63.0,-50.0,0.0
32,34.0,23.0,19.0,7.0,-4.0,-18.0,-24.0,-32.0,-32.0,-20.0,-8.0,-2.0,4.0,7.0,11.0,0.0
2,-19.0,-31.0,-31.0,-10.0,6.0,24.0,29.0,17.0,-14.0,-31.0,-27.0,-5.0,23.0,45.0,44.0,0.0
-16,0.0,19.0,32.0,29.0,23.0,2.0,-15.0,-30.0,-36.0,-39.0,-48.0,-52.0,-58.0,-60.0,-52.0,0.0
-1,0.0,-17.0,-51.0,-82.0,-93.0,-80.0,-57.0,-23.0,-6.0,-1.0,-6.0,-17.0,-36.0,-58.0,-70.0,0.0
-73,-97.0,-102.0,-76.0,-56.0,-27.0,-3.0,-9.0,-17.0,-8.0,1.0,-7.0,-11.0,-11.0,-20.0,-37.0,0.0
-1,3.0,16.0,15.0,-4.0,-22.0,-34.0,-38.0,-15.0,19.0,52.0,68.0,90.0,103.0,101.0,103.0,0.0
41,36.0,32.0,35.0,34.0,2.0,-19.0,-8.0,-25.0,-52.0,-62.0,-30.0,32.0,61.0,76.0,83.0,0.0
20,25.0,26.0,17.0,-2.0,-23.0,-35.0,-36.0,-25.0,-1.0,25.0,45.0,44.0,34.0,10.0,-14.0,0.0
41,32.0,-27.0,-51.0,-89.0,-117.0,-83.0,-35.0,25.0,33.0,27.0,33.0,-9.0,-38.0,-57.0,-87.0,0.0
-3,28.0,27.0,15.0,1.0,-3.0,24.0,64.0,102.0,183.0,199.0,164.0,139.0,58.0,35.0,11.0,0.0
-33,14.0,57.0,92.0,107.0,105.0,92.0,84.0,61.0,49.0,24.0,-8.0,-44.0,-77.0,-76.0,-70.0,0.0
-14,-16.0,-5.0,6.0,26.0,43.0,54.0,50.0,48.0,50.0,59.0,54.0,49.0,42.0,28.0,9.0,0.0
7,40.0,44.0,12.0,-9.0,-32.0,-61.0,-70.0,-57.0,-40.0,-14.0,18.0,37.0,37.0,29.0,20.0,0.0
16,-1.0,-36.0,-16.0,-1.0,26.0,65.0,79.0,118.0,136.0,123.0,80.0,64.0,47.0,15.0,-4.0,0.0
-103,-125.0,-102.0,-64.0,-23.0,23.0,36.0,16.0,2.0,-15.0,-54.0,-77.0,-67.0,-53.0,-48.0,-48.0,0.0
43,34.0,3.0,-31.0,-57.0,-70.0,-67.0,-43.0,-21.0,5.0,33.0,38.0,29.0,8.0,7.0,10.0,0.0
6,19.0,23.0,17.0,-2.0,-18.0,-35.0,-51.0,-72.0,-79.0,-73.0,-51.0,-12.0,34.0,67.0,82.0,0.0
-63,9.0,74.0,130.0,158.0,161.0,148.0,118.0,91.0,52.0,-1.0,-63.0,-109.0,-117.0,-87.0,-47.0,0.0
93,55.0,91.0,132.0,114.0,50.0,-2.0,-55.0,-115.0,-156.0,-153.0,-112.0,-115.0,-37.0,3.0,-2.0,0.0
50,61.0,65.0,64.0,55.0,32.0,-3.0,-37.0,-52.0,-56.0,-41.0,-25.0,-16.0,-14.0,-5.0,21.0,0.0
-28,-66.0,-98.0,-145.0,-154.0,-157.0,-144.0,-107.0,-55.0,7.0,48.0,75.0,73.0,56.0,28.0,-1.0,0.0
-210,-200.0,-181.0,-161.0,-141.0,-113.0,-77.0,-53.0,-26.0,-5.0,11.0,2.0,-27.0,-71.0,-129.0,-161.0,0.0
-20,-29.0,-18.0,9.0,49.0,85.0,94.0,93.0,79.0,56.0,30.0,7.0,-14.0,-37.0,-57.0,-67.0,0.0
61,69.0,78.0,102.0,136.0,164.0,183.0,182.0,167.0,139.0,103.0,71.0,32.0,2.0,-15.0,-30.0,0.0
-40,-22.0,13.0,41.0,40.0,5.0,-30.0,-59.0,-71.0,-64.0,-50.0,-34.0,4.0,32.0,59.0,67.0,0.0
20,21.0,27.0,37.0,29.0,10.0,-1.0,-13.0,-10.0,-2.0,-3.0,-19.0,-38.0,-57.0,-60.0,-58.0,0.0
-8,19.0,45.0,42.0,29.0,12.0,-4.0,-24.0,-38.0,-50.0,-67.0,-67.0,-53.0,-28.0,-10.0,-2.0,0.0
-5,-14.0,-40.0,-68.0,-105.0,-129.0,-151.0,-159.0,-139.0,-100.0,-69.0,-58.0,-57.0,-51.0,-24.0,13.0,0.0
4,-5.0,-12.0,-3.0,20.0,57.0,82.0,107.0,110.0,87.0,48.0,9.0,-35.0,-72.0,-104.0,-107.0,0.0
-82,-94.0,-90.0,-77.0,-66.0,-55.0,-48.0,-28.0,-19.0,-5.0,18.0,39.0,56.0,56.0,41.0,11.0,0.0
-5,-1.0,-3.0,3.0,13.0,26.0,27.0,25.0,-5.0,-27.0,-41.0,-30.0,-12.0,7.0,37.0,65.0,0.0
-15,-58.0,-97.0,-107.0,-90.0,-49.0,-16.0,2.0,20.0,36.0,53.0,74.0,91.0,81.0,51.0,22.0,0.0
33,58.0,58.0,37.0,21.0,15.0,24.0,27.0,25.0,4.0,-4.0,-2.0,1.0,7.0,9.0,23.0,0.0
41,68.0,110.0,157.0,196.0,218.0,194.0,143.0,82.0,39.0,7.0,-10.0,-39.0,-67.0,-89.0,-83.0,0.0
-44,-25.0,-6.0,3.0,-3.0,-13.0,-31.0,-44.0,-47.0,-38.0,-28.0,-20.0,-10.0,-15.0,-27.0,-38.0,0.0
8,10.0,-12.0,-48.0,-71.0,-76.0,-70.0,-58.0,-62.0,-81.0,-98.0,-91.0,-73.0,-49.0,-31.0,-41.0,0.0
-58,-28.0,-13.0,0.0,24.0,60.0,89.0,85.0,68.0,20.0,-21.0,-55.0,-54.0,-34.0,-7.0,22.0,0.0
53,29.0,10.0,1.0,-18.0,-39.0,-53.0,-42.0,-21.0,1.0,13.0,11.0,13.0,1.0,16.0,37.0,0.0
-35,-18.0,-11.0,-3.0,-1.0,-15.0,-42.0,-66.0,-74.0,-66.0,-56.0,-40.0,-25.0,14.0,56.0,73.0,0.0
80,100.0,93.0,43.0,-37.0,-63.0,-48.0,-28.0,-8.0,9.0,23.0,27.0,41.0,41.0,4.0,-7.0,0.0
3,-1.0,-1.0,6.0,0.0,-5.0,-7.0,0.0,13.0,33.0,51.0,53.0,44.0,29.0,16.0,-7.0,0.0
53,61.0,42.0,20.0,9.0,-26.0,-57.0,-43.0,-16.0,-32.0,-14.0,47.0,77.0,93.0,122.0,125.0,0.0
29,60.0,77.0,81.0,82.0,84.0,80.0,82.0,88.0,85.0,69.0,55.0,39.0,25.0,11.0,14.0,0.0
-36,-57.0,-71.0,-69.0,-47.0,-16.0,2.0,22.0,26.0,4.0,-14.0,-31.0,-51.0,-68.0,-64.0,-60.0,0.0
-102,-104.0,-103.0,-87.0,-49.0,8.0,62.0,109.0,130.0,124.0,105.0,75.0,26.0,-36.0,-88.0,-123.0,0.0
90,105.0,105.0,103.0,108.0,103.0,83.0,36.0,-24.0,-73.0,-91.0,-84.0,-77.0,-59.0,-19.0,33.0,0.0
-34,-3.0,39.0,64.0,83.0,92.0,85.0,69.0,47.0,21.0,-19.0,-54.0,-83.0,-93.0,-100.0,-80.0,0.0
28,17.0,-8.0,-29.0,-35.0,-25.0,-30.0,-47.0,-61.0,-66.0,-57.0,-37.0,-17.0,-6.0,7.0,32.0,0.0
45,17.0,0.0,-18.0,-28.0,-22.0,-23.0,-20.0,-18.0,-4.0,9.0,13.0,33.0,54.0,78.0,96.0,0.0
-66,-43.0,-35.0,-30.0,-25.0,-8.0,9.0,34.0,65.0,81.0,87.0,52.0,-1.0,-55.0,-89.0,-102.0,0.0
-114,-109.0,-68.0,-25.0,3.0,12.0,-2.0,-20.0,-30.0,-14.0,1.0,17.0,24.0,24.0,7.0,-12.0,0.0
121,109.0,91.0,66.0,46.0,39.0,50.0,43.0,30.0,-7.0,-34.0,-27.0,4.0,21.0,28.0,27.0,0.0
-79,-81.0,-74.0,-57.0,-37.0,-10.0,13.0,21.0,26.0,14.0,3.0,-2.0,-1.0,-4.0,-13.0,-23.0,0.0
-35,-8.0,-18.0,-20.0,-16.0,0.0,22.0,20.0,16.0,25.0,37.0,32.0,15.0,16.0,26.0,35.0,0.0
37,49.0,62.0,90.0,93.0,74.0,30.0,-17.0,-66.0,-104.0,-118.0,-111.0,-83.0,-35.0,18.0,59.0,0.0
-35,-72.0,-93.0,-103.0,-94.0,-86.0,-78.0,-66.0,-46.0,-34.0,-21.0,7.0,43.0,78.0,116.0,152.0,0.0
-24,-52.0,-64.0,-62.0,-67.0,-75.0,-71.0,-60.0,-39.0,-18.0,15.0,55.0,107.0,163.0,184.0,165.0,0.0
33,28.0,31.0,28.0,25.0,17.0,22.0,17.0,31.0,64.0,87.0,75.0,55.0,43.0,34.0,42.0,0.0
136,31.0,-71.0,-163.0,-203.0,-195.0,-162.0,-115.0,-61.0,-13.0,24.0,52.0,69.0,73.0,45.0,6.0,0.0
-106,-90.0,-68.0,-34.0,26.0,73.0,74.0,34.0,-16.0,-73.0,-91.0,-73.0,-60.0,-57.0,-41.0,-30.0,0.0
-66,-103.0,-152.0,-200.0,-214.0,-192.0,-160.0,-123.0,-99.0,-73.0,-38.0,14.0,51.0,68.0,49.0,-7.0,0.0
5,-3.0,-29.0,-40.0,-21.0,10.0,34.0,27.0,12.0,-3.0,1.0,12.0,9.0,-28.0,-93.0,-135.0,0.0
-34,-33.0,-27.0,-24.0,-27.0,-41.0,-47.0,-41.0,-26.0,-13.0,1.0,20.0,17.0,10.0,-13.0,-37.0,0.0
-126,-75.0,-15.0,53.0,137.0,181.0,151.0,91.0,33.0,-37.0,-85.0,-108.0,-112.0,-99.0,-58.0,-8.0,0.0
4,33.0,43.0,30.0,2.0,-29.0,-54.0,-50.0,-41.0,-19.0,-1.0,18.0,48.0,69.0,103.0,106.0,0.0
-95,-54.0,13.0,81.0,147.0,174.0,153.0,91.0,-177.0,-177.0,-161.0,-127.0,-80.0,-12.0,58.0,98.0,0.0
-15,41.0,44.0,24.0,-9.0,-44.0,-73.0,-89.0,-117.0,-133.0,-133.0,-134.0,-152.0,-171.0,-163.0,-154.0,0.0
70,72.0,83.0,80.0,61.0,24.0,-12.0,-48.0,-66.0,-56.0,-34.0,-12.0,9.0,27.0,41.0,60.0,0.0
44,81.0,101.0,89.0,70.0,61.0,46.0,40.0,37.0,40.0,47.0,52.0,63.0,67.0,90.0,112.0,0.0
-91,-127.0,-171.0,-189.0,-172.0,-132.0,-100.0,-81.0,-64.0,-50.0,-20.0,21.0,55.0,67.0,56.0,14.0,0.0
166,150.0,133.0,107.0,83.0,47.0,23.0,4.0,-8.0,-4.0,10.0,28.0,47.0,78.0,112.0,135.0,0.0
51,67.0,50.0,22.0,-16.0,-37.0,-24.0,11.0,36.0,58.0,45.0,23.0,5.0,-18.0,-23.0,-40.0,0.0
36,32.0,34.0,29.0,14.0,-10.0,-28.0,-18.0,4.0,40.0,62.0,63.0,47.0,30.0,21.0,7.0,0.0
51,71.0,45.0,-1.0,-47.0,-89.0,-106.0,-91.0,-58.0,-44.0,-18.0,36.0,67.0,70.0,51.0,14.0,0.0
74,61.0,75.0,116.0,67.0,46.0,44.0,13.0,7.0,42.0,71.0,64.0,55.0,54.0,55.0,52.0,0.0
39,20.0,-8.0,-27.0,-18.0,-10.0,-7.0,-14.0,-28.0,-36.0,-31.0,-14.0,-11.0,-25.0,-43.0,-63.0,0.0
-82,-70.0,-40.0,5.0,38.0,58.0,64.0,83.0,91.0,66.0,42.0,20.0,10.0,10.0,33.0,49.0,0.0
15,20.0,14.0,27.0,34.0,59.0,82.0,116.0,131.0,121.0,104.0,63.0,21.0,-16.0,-17.0,-20.0,0.0
-50,-38.0,-12.0,41.0,103.0,154.0,182.0,181.0,160.0,120.0,89.0,50.0,1.0,-69.0,-130.0,-159.0,0.0
6,23.0,32.0,51.0,35.0,20.0,-9.0,-31.0,-58.0,-47.0,-28.0,4.0,0.0,-1.0,-3.0,-32.0,0.0
-63,20.0,87.0,92.0,118.0,176.0,189.0,174.0,139.0,84.0,36.0,13.0,31.0,72.0,59.0,89.0,0.0
-95,-55.0,-4.0,21.0,36.0,55.0,36.0,-19.0,-68.0,-99.0,-127.0,-117.0,-66.0,-33.0,-34.0,-41.0,0.0
94,124.0,140.0,122.0,91.0,53.0,14.0,-25.0,-51.0,-56.0,-53.0,-28.0,2.0,42.0,69.0,90.0,0.0
-58,9.0,75.0,129.0,164.0,182.0,197.0,198.0,166.0,117.0,69.0,33.0,-5.0,-23.0,-32.0,-39.0,0.0
57,42.0,17.0,-25.0,-49.0,-54.0,-52.0,-34.0,-3.0,8.0,21.0,44.0,75.0,69.0,53.0,18.0,0.0
-13,2.0,6.0,-6.0,-51.0,-102.0,-157.0,-179.0,-176.0,-142.0,-81.0,-14.0,41.0,96.0,103.0,65.0,0.0
-52,-64.0,-49.0,-19.0,17.0,40.0,60.0,77.0,68.0,51.0,30.0,19.0,11.0,3.0,9.0,15.0,0.0
0,33.0,50.0,75.0,103.0,103.0,86.0,72.0,61.0,30.0,5.0,-8.0,-23.0,-30.0,-20.0,-16.0,0.0
46,67.0,51.0,28.0,18.0,9.0,3.0,3.0,-23.0,-50.0,-77.0,-72.0,-65.0,-68.0,-73.0,-72.0,0.0
59,67.0,58.0,13.0,-28.0,-30.0,-16.0,-8.0,12.0,3.0,-31.0,-50.0,-46.0,-52.0,-52.0,-32.0,0.0
-86,-78.0,-69.0,-75.0,-61.0,-48.0,-79.0,-96.0,-69.0,-47.0,-32.0,3.0,22.0,-4.0,-25.0,-3.0,0.0
77,54.0,36.0,31.0,45.0,75.0,106.0,121.0,138.0,147.0,139.0,130.0,112.0,96.0,93.0,95.0,0.0
-82,-112.0,-121.0,-120.0,-95.0,-59.0,-19.0,10.0,34.0,51.0,37.0,18.0,9.0,9.0,13.0,11.0,0.0
134,147.0,126.0,68.0,2.0,-43.0,-65.0,-74.0,-69.0,-54.0,-44.0,-44.0,-39.0,-22.0,-12.0,-6.0,0.0
-64,-69.0,-60.0,-51.0,-34.0,-7.0,10.0,34.0,86.0,106.0,85.0,58.0,25.0,19.0,28.0,26.0,0.0
-9,20.0,49.0,50.0,57.0,39.0,-10.0,-49.0,-87.0,-114.0,-135.0,-152.0,-152.0,-127.0,-90.0,-84.0,0.0
113,35.0,-38.0,-96.0,-144.0,-164.0,-158.0,-118.0,-76.0,-28.0,15.0,65.0,103.0,147.0,177.0,196.0,0.0
134,113.0,87.0,80.0,85.0,94.0,85.0,61.0,32.0,7.0,-12.0,-16.0,-10.0,-2.0,6.0,8.0,0.0
123,114.0,102.0,60.0,17.0,-17.0,-27.0,-11.0,22.0,46.0,46.0,50.0,76.0,90.0,87.0,74.0,0.0
58,57.0,36.0,-2.0,-43.0,-68.0,-82.0,-74.0,-60.0,-57.0,-72.0,-73.0,-58.0,-34.0,-14.0,-11.0,0.0
-38,-21.0,-4.0,14.0,35.0,51.0,39.0,16.0,-15.0,-36.0,-57.0,-65.0,-78.0,-96.0,-108.0,-102.0,0.0
15,33.0,22.0,-4.0,-8.0,5.0,34.0,45.0,35.0,-2.0,-36.0,-48.0,-57.0,-56.0,-84.0,-112.0,0.0
61,59.0,49.0,39.0,28.0,7.0,-20.0,-35.0,-47.0,-46.0,-30.0,-6.0,13.0,27.0,46.0,48.0,0.0
27,6.0,-27.0,-91.0,-145.0,-216.0,-227.0,-210.0,-160.0,-86.0,-39.0,-7.0,-18.0,-61.0,-108.0,-154.0,0.0
-46,-39.0,-31.0,-20.0,-8.0,0.0,-15.0,-35.0,-70.0,-99.0,-108.0,-102.0,-92.0,-79.0,-58.0,-37.0,0.0
73,50.0,61.0,50.0,42.0,39.0,38.0,20.0,12.0,11.0,20.0,17.0,11.0,10.0,10.0,0.0,0.0
-12,-27.0,-29.0,-13.0,-7.0,-5.0,-3.0,-25.0,-40.0,-23.0,-9.0,-11.0,-3.0,12.0,28.0,8.0,0.0
-14,-28.0,-35.0,-27.0,-15.0,2.0,-1.0,7.0,13.0,28.0,29.0,27.0,33.0,22.0,23.0,21.0,0.0
-44,-28.0,0.0,35.0,44.0,40.0,27.0,12.0,-3.0,-25.0,-16.0,-20.0,-11.0,-15.0,-17.0,-24.0,0.0
104,92.0,73.0,58.0,52.0,59.0,78.0,91.0,104.0,94.0,82.0,54.0,44.0,56.0,80.0,89.0,0.0
-91,-84.0,-74.0,-89.0,-123.0,-156.0,-166.0,-152.0,-121.0,-102.0,-97.0,-79.0,-54.0,-26.0,-6.0,2.0,0.0
-6,18.0,47.0,62.0,58.0,51.0,35.0,36.0,45.0,45.0,29.0,-1.0,-26.0,-39.0,-31.0,-17.0,0.0
-91,-132.0,-146.0,-144.0,-136.0,-117.0,-83.0,-20.0,44.0,104.0,126.0,114.0,84.0,38.0,-22.0,-100.0,0.0
11,21.0,18.0,0.0,-17.0,-21.0,-12.0,17.0,44.0,56.0,51.0,33.0,11.0,-13.0,-21.0,-18.0,0.0
-23,-11.0,-9.0,-28.0,-58.0,-81.0,-105.0,-121.0,-127.0,-113.0,-113.0,-115.0,-87.0,-39.0,-13.0,9.0,0.0
17,8.0,-1.0,-13.0,-26.0,-37.0,-32.0,-31.0,-30.0,-55.0,-81.0,-102.0,-114.0,-107.0,-78.0,-22.0,0.0
14,-26.0,-96.0,-164.0,-208.0,-204.0,-165.0,-100.0,-37.0,-12.0,19.0,14.0,-28.0,-102.0,-123.0,-112.0,0.0
-19,1.0,32.0,31.0,9.0,2.0,14.0,13.0,8.0,13.0,3.0,-14.0,-24.0,-17.0,-16.0,-20.0,0.0
6,-2.0,-15.0,-26.0,-26.0,-18.0,-16.0,-9.0,-11.0,-17.0,-26.0,-30.0,-31.0,-38.0,-40.0,-35.0,0.0
3,23.0,21.0,0.0,-38.0,-81.0,-108.0,-108.0,-102.0,-83.0,-52.0,-20.0,7.0,22.0,32.0,29.0,0.0
-74,-58.0,-33.0,-2.0,16.0,32.0,38.0,25.0,-1.0,-36.0,-52.0,-68.0,-77.0,-83.0,-96.0,-102.0,0.0
-23,-19.0,-20.0,-41.0,-62.0,-63.0,-26.0,32.0,102.0,167.0,184.0,159.0,114.0,80.0,59.0,44.0,0.0
124,133.0,131.0,141.0,118.0,74.0,39.0,14.0,-2.0,-17.0,-13.0,-14.0,-17.0,-6.0,-8.0,-27.0,0.0
-42,12.0,57.0,97.0,93.0,72.0,-2.0,-90.0,-125.0,-135.0,-140.0,-128.0,-100.0,-44.0,8.0,62.0,0.0
-30,-30.0,-35.0,-47.0,-60.0,-65.0,-58.0,-37.0,-19.0,-5.0,4.0,9.0,-1.0,-14.0,-41.0,-78.0,0.0
44,37.0,23.0,14.0,37.0,50.0,16.0,-27.0,-48.0,-59.0,-75.0,-60.0,-30.0,-31.0,-18.0,6.0,0.0
-118,-100.0,-74.0,-31.0,12.0,64.0,106.0,125.0,136.0,129.0,107.0,66.0,20.0,-41.0,-91.0,-132.0,0.0
-130,-118.0,-81.0,-20.0,44.0,84.0,92.0,80.0,51.0,43.0,48.0,52.0,45.0,20.0,-10.0,-44.0,0.0
55,62.0,67.0,75.0,83.0,104.0,123.0,112.0,79.0,37.0,15.0,12.0,34.0,54.0,59.0,50.0,0.0
-10,-34.0,-32.0,-7.0,15.0,27.0,5.0,-29.0,-47.0,-42.0,-21.0,-12.0,12.0,16.0,-16.0,-60.0,0.0
-36,-32.0,-40.0,-42.0,-27.0,5.0,28.0,57.0,50.0,23.0,0.0,5.0,-2.0,-13.0,7.0,45.0,0.0
27,32.0,49.0,75.0,86.0,78.0,44.0,5.0,-13.0,-4.0,17.0,33.0,56.0,68.0,72.0,66.0,0.0
7,-14.0,-28.0,-10.0,29.0,50.0,81.0,98.0,74.0,26.0,-12.0,-37.0,-52.0,-54.0,-39.0,-32.0,0.0
-7,2.0,-4.0,-4.0,-25.0,-58.0,-85.0,-93.0,-94.0,-89.0,-81.0,-77.0,-76.0,-75.0,-67.0,-63.0,0.0
-4,-11.0,-4.0,16.0,46.0,58.0,67.0,73.0,67.0,48.0,21.0,6.0,-3.0,5.0,17.0,26.0,0.0
7,10.0,16.0,25.0,43.0,50.0,56.0,48.0,22.0,-26.0,-65.0,-82.0,-82.0,-58.0,-26.0,-5.0,0.0
28,22.0,6.0,-17.0,-46.0,-68.0,-67.0,-60.0,-37.0,-12.0,5.0,11.0,12.0,12.0,3.0,7.0,0.0
18,38.0,57.0,69.0,71.0,57.0,35.0,6.0,-5.0,-25.0,-46.0,-69.0,-75.0,-70.0,-54.0,-30.0,0.0
26,6.0,-7.0,-7.0,-2.0,3.0,11.0,4.0,11.0,28.0,42.0,47.0,46.0,43.0,36.0,44.0,0.0
50,99.0,119.0,122.0,116.0,84.0,33.0,-3.0,-22.0,-31.0,-8.0,44.0,65.0,67.0,92.0,96.0,0.0
-106,-114.0,-113.0,-115.0,-108.0,-85.0,-45.0,6.0,61.0,108.0,124.0,118.0,85.0,36.0,-18.0,-52.0,0.0
28,17.0,12.0,1.0,-5.0,-8.0,-5.0,-12.0,-8.0,2.0,22.0,33.0,46.0,36.0,31.0,33.0,0.0
27,19.0,5.0,-17.0,-4.0,20.0,47.0,58.0,59.0,56.0,33.0,-5.0,-38.0,-49.0,-44.0,-30.0,0.0
-44,-17.0,-10.0,-12.0,-37.0,-73.0,-99.0,-96.0,-70.0,-29.0,11.0,27.0,20.0,3.0,-15.0,-45.0,0.0
-55,-61.0,-67.0,-45.0,5.0,59.0,80.0,50.0,2.0,-67.0,-130.0,-167.0,-166.0,-134.0,-83.0,-38.0,0.0
20,47.0,50.0,55.0,27.0,-48.0,-45.0,-12.0,-33.0,18.0,41.0,99.0,109.0,100.0,67.0,-33.0,0.0
-50,-84.0,-115.0,-139.0,-138.0,-112.0,-71.0,-34.0,-10.0,15.0,29.0,46.0,64.0,65.0,40.0,-9.0,0.0
-28,-18.0,19.0,27.0,3.0,-10.0,-17.0,-39.0,-77.0,-122.0,-165.0,-180.0,-159.0,-130.0,-64.0,-26.0,0.0
-90,-57.0,-27.0,-7.0,1.0,-17.0,-51.0,-59.0,-71.0,-86.0,-97.0,-73.0,-28.0,9.0,16.0,1.0,0.0
-60,-57.0,-77.0,-73.0,-54.0,-20.0,19.0,51.0,60.0,35.0,-1.0,-38.0,-47.0,-40.0,-19.0,-15.0,0.0
40,61.0,69.0,62.0,36.0,-1.0,-28.0,-51.0,-70.0,-72.0,-64.0,-53.0,-48.0,-30.0,-2.0,28.0,0.0
133,123.0,70.0,-5.0,-70.0,-113.0,-140.0,-156.0,-162.0,-156.0,-119.0,-60.0,-1.0,41.0,81.0,95.0,0.0
-1,-24.0,-38.0,-44.0,-32.0,-16.0,-9.0,3.0,-4.0,-22.0,-39.0,-45.0,-29.0,-6.0,28.0,41.0,0.0
-51,-58.0,-80.0,-78.0,-91.0,-86.0,-68.0,-35.0,0.0,11.0,17.0,20.0,33.0,64.0,104.0,128.0,0.0
27,21.0,19.0,9.0,1.0,-7.0,-14.0,-18.0,-21.0,-14.0,-7.0,10.0,12.0,-1.0,-13.0,-18.0,0.0
-16,-4.0,9.0,32.0,60.0,94.0,127.0,121.0,61.0,33.0,28.0,-20.0,-52.0,-37.0,-16.0,22.0,0.0
22,-26.0,-98.0,-139.0,-152.0,-149.0,-144.0,-123.0,-109.0,-112.0,-70.0,-45.0,-44.0,-61.0,-67.0,-78.0,0.0
76,71.0,62.0,44.0,17.0,-4.0,-35.0,-57.0,-69.0,-50.0,-26.0,15.0,54.0,82.0,106.0,114.0,0.0
21,-46.0,-101.0,-141.0,-145.0,-137.0,-111.0,-75.0,-33.0,5.0,36.0,82.0,104.0,110.0,92.0,72.0,0.0
-10,4.0,23.0,42.0,67.0,85.0,86.0,75.0,71.0,69.0,64.0,53.0,32.0,7.0,-7.0,11.0,0.0
-11,1.0,-3.0,-6.0,-21.0,-36.0,-26.0,-24.0,-31.0,-14.0,39.0,96.0,134.0,150.0,108.0,87.0,0.0
-32,-36.0,-18.0,2.0,-10.0,-47.0,-80.0,-102.0,-123.0,-134.0,-127.0,-118.0,-108.0,-73.0,-52.0,-70.0,0.0
-64,-31.0,1.0,26.0,47.0,69.0,86.0,109.0,114.0,114.0,90.0,84.0,75.0,58.0,49.0,31.0,0.0
28,73.0,83.0,65.0,41.0,37.0,-12.0,-23.0,-15.0,-19.0,-12.0,22.0,48.0,67.0,65.0,80.0,0.0
-56,-53.0,-41.0,-50.0,-68.0,-81.0,-89.0,-98.0,-82.0,-64.0,-57.0,-43.0,-31.0,-17.0,-13.0,19.0,0.0
193,216.0,160.0,92.0,9.0,-72.0,-123.0,-153.0,-176.0,-171.0,-115.0,-66.0,-10.0,40.0,72.0,38.0,0.0
-12,-9.0,0.0,20.0,23.0,14.0,27.0,16.0,-5.0,-12.0,-9.0,14.0,49.0,93.0,123.0,119.0,0.0
-6,-9.0,8.0,16.0,4.0,-6.0,0.0,-14.0,-20.0,1.0,42.0,70.0,92.0,100.0,83.0,65.0,0.0
25,58.0,74.0,46.0,22.0,15.0,19.0,-3.0,-30.0,-20.0,-13.0,-6.0,-1.0,-16.0,-26.0,-40.0,0.0
19,6.0,8.0,5.0,2.0,3.0,-9.0,-22.0,-40.0,-57.0,-80.0,-95.0,-94.0,-90.0,-81.0,-60.0,0.0
41,64.0,66.0,80.0,83.0,104.0,81.0,57.0,30.0,17.0,42.0,62.0,50.0,77.0,92.0,78.0,0.0
80,77.0,78.0,63.0,31.0,-2.0,-20.0,-26.0,-40.0,-55.0,-67.0,-58.0,-41.0,-1.0,39.0,77.0,0.0
-73,-113.0,-130.0,-147.0,-128.0,-98.0,-72.0,-45.0,-30.0,8.0,55.0,123.0,167.0,167.0,125.0,48.0,0.0
-142,-107.0,-94.0,-95.0,-114.0,-137.0,-137.0,-112.0,-63.0,-4.0,54.0,85.0,93.0,92.0,95.0,82.0,0.0
-40,-49.0,-47.0,-11.0,5.0,-17.0,-23.0,-5.0,-15.0,-36.0,-38.0,-36.0,-39.0,-23.0,12.0,11.0,0.0
3,-6.0,-21.0,-40.0,-67.0,-53.0,-57.0,-50.0,-23.0,-16.0,9.0,54.0,56.0,75.0,135.0,138.0,0.0
-79,-60.0,-37.0,-14.0,4.0,21.0,34.0,26.0,7.0,-24.0,-52.0,-83.0,-104.0,-113.0,-117.0,-106.0,0.0
60,58.0,52.0,34.0,0.0,-36.0,-81.0,-113.0,-124.0,-111.0,-84.0,-66.0,-38.0,-12.0,13.0,43.0,0.0
-107,-34.0,34.0,91.0,131.0,124.0,82.0,24.0,-10.0,-17.0,-8.0,-14.0,-53.0,-100.0,-123.0,-85.0,0.0
-36,-26.0,-25.0,-14.0,-1.0,14.0,13.0,3.0,-9.0,-28.0,-35.0,-32.0,-30.0,-28.0,-22.0,-12.0,0.0
24,17.0,18.0,39.0,66.0,78.0,66.0,44.0,33.0,35.0,33.0,39.0,49.0,63.0,81.0,91.0,0.0
114,110.0,87.0,70.0,49.0,24.0,15.0,21.0,35.0,52.0,67.0,77.0,82.0,90.0,107.0,136.0,0.0
-62,6.0,52.0,80.0,85.0,71.0,46.0,-2.0,-64.0,-119.0,-136.0,-135.0,-111.0,-76.0,-33.0,4.0,0.0
-51,-32.0,-1.0,41.0,96.0,157.0,191.0,209.0,197.0,157.0,84.0,-2.0,-73.0,-135.0,-156.0,-152.0,0.0
-83,-82.0,-60.0,-46.0,-28.0,3.0,17.0,2.0,-17.0,-48.0,-93.0,-120.0,-116.0,-85.0,-31.0,39.0,0.0
13,-4.0,-25.0,-38.0,-50.0,-54.0,-49.0,-59.0,-68.0,-83.0,-94.0,-91.0,-62.0,-19.0,15.0,32.0,0.0
-15,-12.0,-8.0,-25.0,-28.0,-24.0,-5.0,26.0,33.0,14.0,-14.0,-37.0,-55.0,-69.0,-66.0,-63.0,0.0
-41,0.0,33.0,44.0,35.0,1.0,-23.0,-32.0,-15.0,12.0,43.0,43.0,24.0,-5.0,-37.0,-63.0,0.0
-66,-67.0,-55.0,-39.0,-47.0,-76.0,-99.0,-119.0,-106.0,-74.0,-72.0,-89.0,-74.0,-36.0,-11.0,9.0,0.0
-4,-2.0,21.0,37.0,39.0,37.0,28.0,9.0,-10.0,-30.0,-51.0,-67.0,-69.0,-41.0,-10.0,28.0,0.0
35,8.0,1.0,2.0,13.0,30.0,43.0,50.0,41.0,56.0,57.0,34.0,11.0,-5.0,5.0,18.0,0.0
-27,-30.0,-23.0,-14.0,5.0,10.0,13.0,14.0,2.0,-16.0,-37.0,-49.0,-56.0,-45.0,-27.0,-13.0,0.0
4,18.0,6.0,-10.0,-15.0,-25.0,5.0,53.0,18.0,-10.0,-16.0,-35.0,-55.0,-46.0,-54.0,-90.0,0.0
25,-41.0,-93.0,-111.0,-95.0,-66.0,-45.0,-35.0,-44.0,-35.0,-14.0,11.0,24.0,26.0,17.0,14.0,0.0
-106,-26.0,55.0,100.0,126.0,144.0,164.0,179.0,177.0,150.0,98.0,40.0,-28.0,-94.0,-150.0,-162.0,0.0
-38,-1.0,7.0,-17.0,6.0,87.0,94.0,32.0,-25.0,-92.0,-119.0,-117.0,-97.0,-87.0,-51.0,-6.0,0.0
80,75.0,43.0,-22.0,-79.0,-134.0,-168.0,-166.0,-144.0,-107.0,-59.0,0.0,51.0,98.0,118.0,87.0,0.0
37,7.0,-10.0,7.0,49.0,90.0,101.0,86.0,68.0,35.0,5.0,-14.0,-29.0,-22.0,-5.0,3.0,0.0
5,-6.0,-7.0,-10.0,-2.0,24.0,37.0,21.0,2.0,10.0,14.0,5.0,1.0,9.0,-3.0,-2.0,0.0
-88,-61.0,-18.0,13.0,13.0,4.0,-14.0,-41.0,-56.0,-67.0,-80.0,-105.0,-95.0,-68.0,-80.0,-94.0,0.0
-29,-67.0,-69.0,-44.0,-27.0,16.0,48.0,39.0,53.0,91.0,147.0,130.0,129.0,116.0,80.0,53.0,0.0
133,67.0,-10.0,-76.0,-123.0,-138.0,-127.0,-96.0,-65.0,-30.0,-23.0,-30.0,-43.0,-61.0,-90.0,-108.0,0.0
-119,-152.0,-170.0,-152.0,-101.0,-27.0,43.0,98.0,126.0,109.0,68.0,15.0,-36.0,-84.0,-119.0,-146.0,0.0
-16,8.0,37.0,36.0,11.0,-15.0,-39.0,-46.0,-44.0,-22.0,-4.0,-6.0,-25.0,-45.0,-61.0,-61.0,0.0
2,8.0,5.0,20.0,22.0,5.0,12.0,34.0,47.0,45.0,35.0,20.0,-3.0,-26.0,-40.0,-39.0,0.0
-50,-120.0,-164.0,-166.0,-152.0,-105.0,-64.0,-15.0,6.0,13.0,27.0,30.0,45.0,50.0,31.0,-8.0,0.0
64,42.0,7.0,0.0,20.0,42.0,40.0,12.0,-19.0,-55.0,-69.0,-60.0,-22.0,29.0,66.0,64.0,0.0
5,23.0,36.0,45.0,41.0,15.0,7.0,13.0,10.0,0.0,-9.0,-18.0,-46.0,-69.0,-83.0,-97.0,0.0
69,78.0,67.0,56.0,46.0,47.0,65.0,85.0,105.0,103.0,96.0,81.0,62.0,32.0,27.0,28.0,0.0
-34,-25.0,-5.0,8.0,15.0,-13.0,-35.0,-53.0,-54.0,-56.0,-44.0,-20.0,4.0,29.0,46.0,56.0,0.0
58,67.0,95.0,123.0,130.0,116.0,120.0,134.0,126.0,93.0,57.0,17.0,-16.0,-24.0,-3.0,17.0,0.0
-129,-171.0,-187.0,-175.0,-115.0,-10.0,103.0,184.0,189.0,145.0,45.0,-76.0,-184.0,-250.0,-270.0,-240.0,0.0
-25,-23.0,-25.0,-12.0,33.0,67.0,69.0,38.0,-4.0,-72.0,-128.0,-136.0,-123.0,-98.0,-52.0,-7.0,0.0
-56,-31.0,-17.0,-10.0,-31.0,-49.0,-48.0,-25.0,5.0,20.0,32.0,10.0,-20.0,-51.0,-64.0,-67.0,0.0
20,32.0,29.0,5.0,-23.0,-77.0,-112.0,-139.0,-135.0,-125.0,-103.0,-66.0,-20.0,1.0,8.0,23.0,0.0
71,95.0,94.0,96.0,84.0,74.0,63.0,47.0,23.0,10.0,-18.0,-40.0,-55.0,-43.0,-14.0,29.0,0.0
-56,-32.0,12.0,93.0,157.0,164.0,146.0,124.0,67.0,1.0,-25.0,-38.0,-57.0,-48.0,-22.0,-36.0,0.0
-14,-7.0,7.0,31.0,34.0,11.0,-24.0,-56.0,-76.0,-96.0,-96.0,-98.0,-90.0,-68.0,-52.0,-45.0,0.0
76,70.0,80.0,91.0,88.0,68.0,46.0,36.0,20.0,21.0,11.0,1.0,-17.0,-10.0,12.0,30.0,0.0
-78,-51.0,-8.0,11.0,-1.0,-11.0,-21.0,-52.0,-66.0,-51.0,-48.0,-66.0,-55.0,-44.0,-53.0,-50.0,0.0
187,205.0,201.0,193.0,159.0,118.0,75.0,40.0,16.0,-6.0,-26.0,-59.0,-86.0,-105.0,-104.0,-102.0,0.0
-23,-31.0,-23.0,-27.0,-15.0,18.0,5.0,-27.0,-34.0,-42.0,-45.0,-32.0,-16.0,0.0,22.0,27.0,0.0
90,57.0,20.0,-3.0,-11.0,-28.0,-58.0,-83.0,-97.0,-126.0,-171.0,-213.0,-254.0,-272.0,-258.0,-207.0,0.0
-97,-59.0,-1.0,34.0,52.0,62.0,64.0,70.0,62.0,41.0,-3.0,-67.0,-118.0,-127.0,-93.0,-35.0,0.0
19,36.0,45.0,51.0,44.0,38.0,32.0,29.0,21.0,18.0,11.0,-12.0,-31.0,-49.0,-63.0,-79.0,0.0
-117,-131.0,-124.0,-102.0,-66.0,-24.0,5.0,24.0,31.0,21.0,6.0,-8.0,-9.0,-21.0,-40.0,-73.0,0.0
-137,-143.0,-130.0,-97.0,-48.0,-4.0,47.0,84.0,87.0,53.0,-7.0,-78.0,-142.0,-187.0,-215.0,-223.0,0.0
-3,-17.0,-45.0,-56.0,-70.0,-68.0,-43.0,-5.0,43.0,73.0,84.0,80.0,54.0,47.0,55.0,66.0,0.0
-12,28.0,41.0,8.0,-28.0,-45.0,-20.0,19.0,32.0,11.0,-52.0,-121.0,-140.0,-107.0,-48.0,-1.0,0.0
-68,-60.0,-39.0,-18.0,-7.0,7.0,5.0,-9.0,-33.0,-55.0,-67.0,-78.0,-64.0,-64.0,-62.0,-69.0,0.0
48,90.0,113.0,109.0,77.0,32.0,-4.0,-28.0,-18.0,-13.0,-14.0,-17.0,-3.0,9.0,25.0,49.0,0.0
-32,-35.0,-25.0,3.0,38.0,62.0,83.0,74.0,41.0,-7.0,-42.0,-57.0,-54.0,-34.0,-26.0,-31.0,0.0
-88,-116.0,-134.0,-133.0,-124.0,-102.0,-84.0,-54.0,-35.0,-12.0,9.0,24.0,7.0,-32.0,-78.0,-119.0,0.0
32,20.0,-8.0,-40.0,-62.0,-68.0,-57.0,-49.0,-50.0,-55.0,-50.0,-37.0,-26.0,-19.0,-44.0,-96.0,0.0
-11,6.0,16.0,27.0,16.0,-28.0,-61.0,-56.0,-66.0,-87.0,-70.0,-47.0,-51.0,-44.0,-18.0,-30.0,0.0
-14,-23.0,-23.0,-11.0,-2.0,-11.0,-22.0,-37.0,-47.0,-41.0,-21.0,8.0,29.0,51.0,51.0,39.0,0.0
52,28.0,-5.0,-32.0,-55.0,-74.0,-60.0,-18.0,-8.0,-36.0,-57.0,-72.0,-79.0,-55.0,0.0,15.0,0.0
22,36.0,39.0,25.0,5.0,-21.0,-32.0,-32.0,-27.0,-15.0,-1.0,6.0,13.0,15.0,31.0,31.0,0.0
-30,-23.0,-21.0,-29.0,-36.0,-29.0,-23.0,-25.0,-45.0,-75.0,-110.0,-130.0,-106.0,-51.0,12.0,61.0,0.0
-10,-13.0,-7.0,15.0,21.0,22.0,28.0,50.0,79.0,97.0,106.0,104.0,95.0,79.0,56.0,39.0,0.0
252,203.0,112.0,35.0,-34.0,-83.0,-100.0,-109.0,-108.0,-100.0,-58.0,-7.0,48.0,92.0,123.0,137.0,0.0
22,-6.0,-41.0,-66.0,-72.0,-54.0,-17.0,36.0,90.0,86.0,23.0,-17.0,-23.0,-26.0,-21.0,1.0,0.0
-66,-62.0,-40.0,-2.0,39.0,67.0,74.0,56.0,32.0,8.0,-14.0,-27.0,-19.0,-13.0,5.0,16.0,0.0
-42,-1.0,13.0,-1.0,-31.0,-43.0,-49.0,-55.0,-48.0,-58.0,-14.0,3.0,8.0,-4.0,10.0,66.0,0.0
0,-13.0,-39.0,-86.0,-130.0,-155.0,-170.0,-153.0,-115.0,-60.0,4.0,75.0,137.0,151.0,140.0,100.0,0.0
-59,-52.0,-76.0,-74.0,-100.0,-108.0,-57.0,-36.0,-9.0,13.0,-1.0,-16.0,0.0,-18.0,17.0,14.0,0.0
49,51.0,27.0,-7.0,-21.0,-23.0,-23.0,-22.0,-33.0,-55.0,-56.0,-38.0,-18.0,-2.0,0.0,-1.0,0.0
68,22.0,-30.0,-67.0,-81.0,-83.0,-79.0,-72.0,-61.0,-28.0,26.0,68.0,118.0,171.0,208.0,211.0,0.0
-26,-9.0,6.0,12.0,15.0,63.0,102.0,122.0,124.0,83.0,-1.0,-52.0,-74.0,-89.0,-82.0,-53.0,0.0
-47,-39.0,-27.0,11.0,59.0,132.0,215.0,271.0,280.0,251.0,196.0,122.0,27.0,-76.0,-177.0,-217.0,0.0
-53,-61.0,-59.0,-53.0,-56.0,-49.0,-42.0,-35.0,-22.0,-8.0,2.0,5.0,11.0,11.0,3.0,-7.0,0.0
95,75.0,40.0,-5.0,-59.0,-100.0,-107.0,-79.0,-43.0,-4.0,28.0,44.0,41.0,37.0,24.0,-5.0,0.0
18,0.0,-11.0,-9.0,10.0,23.0,39.0,39.0,3.0,-33.0,-58.0,-64.0,-62.0,-41.0,-26.0,-41.0,0.0
-16,-18.0,-19.0,-26.0,-24.0,-15.0,2.0,9.0,18.0,23.0,30.0,35.0,47.0,62.0,69.0,75.0,0.0
-5,40.0,69.0,82.0,97.0,111.0,126.0,104.0,52.0,-23.0,-102.0,-146.0,-159.0,-141.0,-111.0,-52.0,0.0
142,125.0,112.0,91.0,59.0,37.0,17.0,14.0,33.0,69.0,95.0,93.0,89.0,71.0,53.0,51.0,0.0
24,1.0,-19.0,-49.0,-75.0,-81.0,-59.0,-42.0,-54.0,-49.0,-49.0,-70.0,-96.0,-105.0,-128.0,-133.0,0.0
-49,-29.0,-17.0,-1.0,2.0,5.0,11.0,20.0,22.0,13.0,9.0,-5.0,-21.0,-38.0,-40.0,-43.0,0.0
31,-4.0,-21.0,-10.0,-3.0,-5.0,-10.0,-23.0,-38.0,-47.0,-46.0,-37.0,-16.0,25.0,54.0,63.0,0.0
162,133.0,91.0,32.0,-31.0,-85.0,-120.0,-142.0,-148.0,-136.0,-93.0,-21.0,44.0,100.0,123.0,129.0,0.0
3,-15.0,-44.0,-79.0,-105.0,-110.0,-107.0,-93.0,-71.0,-49.0,-28.0,-11.0,-12.0,-44.0,-75.0,-90.0,0.0
7,-16.0,-7.0,2.0,16.0,55.0,46.0,21.0,4.0,-4.0,-22.0,-28.0,-2.0,-6.0,-13.0,-2.0,0.0
-166,-169.0,-161.0,-134.0,-96.0,-42.0,-15.0,-5.0,2.0,-29.0,-82.0,-115.0,-104.0,-87.0,-70.0,-34.0,0.0
43,93.0,122.0,134.0,123.0,81.0,2.0,-105.0,-193.0,-251.0,-262.0,-240.0,-175.0,-89.0,-5.0,69.0,0.0
41,37.0,35.0,27.0,23.0,25.0,35.0,51.0,54.0,59.0,45.0,31.0,15.0,-10.0,-23.0,-37.0,0.0
23,73.0,97.0,86.0,46.0,4.0,-58.0,-85.0,-76.0,-58.0,-45.0,-16.0,12.0,5.0,-18.0,-50.0,0.0
55,-21.0,-104.0,-182.0,-217.0,-202.0,-153.0,-96.0,-23.0,42.0,94.0,116.0,101.0,56.0,-13.0,-65.0,0.0
-35,-13.0,17.0,33.0,48.0,43.0,17.0,-20.0,-57.0,-84.0,-91.0,-78.0,-67.0,-68.0,-77.0,-76.0,0.0
116,113.0,96.0,60.0,12.0,-40.0,-75.0,-106.0,-111.0,-94.0,-71.0,-45.0,-19.0,5.0,9.0,15.0,0.0
162,155.0,137.0,93.0,37.0,-32.0,-90.0,-139.0,-164.0,-156.0,-126.0,-83.0,-41.0,-3.0,18.0,38.0,0.0
-101,-96.0,-95.0,-94.0,-28.0,9.0,68.0,114.0,100.0,40.0,2.0,6.0,-37.0,-41.0,-60.0,-88.0,0.0
35,30.0,30.0,35.0,31.0,13.0,-8.0,-25.0,-39.0,-39.0,-24.0,-6.0,5.0,23.0,25.0,18.0,0.0
66,50.0,32.0,-11.0,-50.0,-69.0,-93.0,-112.0,-79.0,-13.0,26.0,52.0,73.0,55.0,12.0,-28.0,0.0
79,76.0,55.0,20.0,-12.0,-29.0,-46.0,-62.0,-41.0,-39.0,-54.0,-57.0,-29.0,-17.0,-16.0,-7.0,0.0
38,18.0,3.0,-10.0,-14.0,-5.0,45.0,109.0,178.0,227.0,251.0,245.0,179.0,74.0,-37.0,-127.0,0.0
-32,-27.0,-32.0,-15.0,-19.0,0.0,19.0,19.0,20.0,13.0,-30.0,-71.0,-72.0,-42.0,-6.0,19.0,0.0
84,110.0,105.0,73.0,16.0,-29.0,-66.0,-66.0,-43.0,-16.0,1.0,3.0,14.0,20.0,54.0,86.0,0.0
-12,1.0,8.0,8.0,2.0,8.0,19.0,44.0,54.0,41.0,13.0,-12.0,-16.0,1.0,29.0,44.0,0.0
-34,-30.0,-11.0,13.0,38.0,89.0,113.0,115.0,83.0,49.0,38.0,38.0,34.0,26.0,8.0,0.0,0.0
69,74.0,82.0,77.0,61.0,54.0,47.0,39.0,17.0,8.0,6.0,16.0,21.0,35.0,28.0,32.0,0.0
-57,-26.0,-37.0,-80.0,-101.0,-118.0,-124.0,-94.0,-42.0,-8.0,6.0,25.0,19.0,-7.0,-35.0,-57.0,0.0
30,-43.0,-110.0,-163.0,-158.0,-122.0,-63.0,-12.0,41.0,79.0,91.0,76.0,30.0,-10.0,-50.0,-63.0,0.0
-66,-61.0,-46.0,-14.0,7.0,13.0,27.0,49.0,73.0,77.0,74.0,61.0,50.0,50.0,55.0,51.0,0.0
10,2.0,-8.0,-23.0,-21.0,18.0,73.0,93.0,90.0,66.0,31.0,16.0,31.0,24.0,-1.0,-3.0,0.0
-130,-132.0,-118.0,-67.0,-3.0,30.0,42.0,41.0,-2.0,-61.0,-82.0,-83.0,-55.0,-4.0,37.0,67.0,0.0
-27,-12.0,-1.0,13.0,35.0,46.0,55.0,54.0,44.0,23.0,-2.0,-29.0,-72.0,-97.0,-103.0,-87.0,0.0
-52,-10.0,48.0,91.0,100.0,90.0,73.0,23.0,-44.0,-19.0,-17.0,-26.0,-26.0,-6.0,23.0,39.0,0.0
-112,-100.0,-75.0,-46.0,-17.0,5.0,20.0,14.0,-13.0,-37.0,-48.0,-58.0,-61.0,-65.0,-71.0,-82.0,0.0
-24,-14.0,-3.0,16.0,38.0,48.0,41.0,33.0,17.0,0.0,-15.0,-20.0,-35.0,-44.0,-52.0,-64.0,0.0
81,55.0,41.0,22.0,2.0,-26.0,-41.0,-40.0,-17.0,12.0,34.0,61.0,74.0,79.0,70.0,51.0,0.0
66,64.0,51.0,61.0,64.0,67.0,91.0,109.0,104.0,75.0,36.0,-36.0,-58.0,-41.0,-48.0,-53.0,0.0
-10,-21.0,-32.0,-39.0,-35.0,-45.0,-63.0,-84.0,-93.0,-96.0,-89.0,-70.0,-53.0,-28.0,-1.0,15.0,0.0
-13,-7.0,3.0,-1.0,11.0,22.0,32.0,30.0,28.0,22.0,17.0,22.0,32.0,46.0,42.0,32.0,0.0
4,41.0,75.0,88.0,78.0,64.0,66.0,71.0,58.0,36.0,-5.0,-39.0,-50.0,-41.0,-29.0,-24.0,0.0
62,55.0,53.0,52.0,51.0,37.0,16.0,-11.0,-54.0,-112.0,-161.0,-168.0,-143.0,-85.0,-29.0,8.0,0.0
60,53.0,37.0,8.0,-10.0,-14.0,-5.0,3.0,9.0,27.0,53.0,76.0,84.0,81.0,63.0,47.0,0.0
-13,-21.0,-26.0,-26.0,-19.0,-14.0,0.0,22.0,45.0,49.0,15.0,-16.0,-57.0,-96.0,-128.0,-143.0,0.0
-2,-8.0,-24.0,-30.0,-28.0,-15.0,9.0,32.0,33.0,31.0,21.0,13.0,-7.0,-28.0,-48.0,-70.0,0.0
-16,-60.0,-101.0,-132.0,-146.0,-151.0,-157.0,-156.0,-151.0,-131.0,-94.0,-42.0,0.0,31.0,49.0,40.0,0.0
80,102.0,119.0,109.0,86.0,51.0,16.0,-23.0,-59.0,-84.0,-92.0,-84.0,-62.0,-23.0,4.0,34.0,0.0
-7,2.0,-1.0,0.0,-4.0,-11.0,-13.0,-17.0,-27.0,-45.0,-51.0,-45.0,-45.0,-32.0,10.0,51.0,0.0
102,97.0,79.0,58.0,40.0,48.0,65.0,72.0,59.0,40.0,8.0,-22.0,-13.0,4.0,-1.0,1.0,0.0
-25,-10.0,9.0,14.0,31.0,44.0,60.0,77.0,91.0,90.0,66.0,35.0,-4.0,-29.0,-29.0,-2.0,0.0
-140,-123.0,-97.0,-69.0,-24.0,31.0,75.0,88.0,99.0,111.0,123.0,130.0,98.0,29.0,-61.0,-139.0,0.0
-117,-106.0,-72.0,-23.0,23.0,40.0,29.0,14.0,19.0,30.0,19.0,-9.0,-64.0,-109.0,-128.0,-108.0,0.0
3,5.0,13.0,11.0,9.0,7.0,18.0,26.0,42.0,45.0,39.0,21.0,-5.0,-20.0,-32.0,-29.0,0.0
133,130.0,90.0,32.0,-4.0,-24.0,-34.0,-46.0,-63.0,-79.0,-72.0,-46.0,-24.0,-1.0,29.0,62.0,0.0
44,6.0,-20.0,-45.0,-48.0,-2.0,58.0,103.0,124.0,125.0,101.0,50.0,14.0,3.0,-2.0,12.0,0.0
66,106.0,138.0,158.0,154.0,113.0,62.0,-6.0,-62.0,-106.0,-116.0,-103.0,-67.0,-8.0,49.0,96.0,0.0
-132,-130.0,-117.0,-89.0,-45.0,20.0,72.0,99.0,96.0,48.0,-34.0,-136.0,-225.0,-290.0,-323.0,-317.0,0.0
-44,-35.0,-35.0,-40.0,-29.0,-20.0,-11.0,-1.0,8.0,3.0,3.0,0.0,-11.0,-27.0,-44.0,-52.0,0.0
116,114.0,98.0,76.0,50.0,13.0,-24.0,-51.0,-76.0,-96.0,-96.0,-100.0,-92.0,-85.0,-64.0,-38.0,0.0
-43,-22.0,28.0,80.0,96.0,68.0,11.0,-51.0,-78.0,-53.0,4.0,62.0,91.0,77.0,41.0,22.0,0.0
-2,23.0,38.0,38.0,36.0,29.0,29.0,33.0,44.0,58.0,66.0,68.0,65.0,52.0,39.0,39.0,0.0
69,88.0,51.0,0.0,-15.0,-64.0,-122.0,-140.0,-114.0,-92.0,-43.0,30.0,22.0,5.0,-6.0,-26.0,0.0
-164,-109.0,-45.0,17.0,83.0,116.0,112.0,88.0,69.0,68.0,61.0,44.0,-2.0,-52.0,-79.0,-56.0,0.0
-36,-23.0,-5.0,-5.0,13.0,50.0,51.0,5.0,-36.0,-63.0,-47.0,-11.0,32.0,33.0,-8.0,-35.0,0.0
-89,-102.0,-86.0,-40.0,28.0,97.0,135.0,145.0,116.0,55.0,-24.0,-69.0,-103.0,-122.0,-122.0,-107.0,0.0
-47,-38.0,-30.0,-33.0,-26.0,-15.0,2.0,34.0,74.0,100.0,103.0,88.0,43.0,-9.0,-57.0,-71.0,0.0
47,61.0,72.0,73.0,56.0,26.0,-6.0,-40.0,-51.0,-54.0,-42.0,-8.0,40.0,91.0,120.0,139.0,0.0
90,126.0,102.0,81.0,22.0,22.0,15.0,9.0,-9.0,-21.0,7.0,59.0,103.0,99.0,19.0,-70.0,0.0
24,31.0,45.0,67.0,73.0,66.0,50.0,43.0,45.0,55.0,59.0,60.0,53.0,38.0,33.0,21.0,0.0
-77,-75.0,-49.0,-7.0,27.0,47.0,58.0,46.0,29.0,17.0,6.0,-9.0,-17.0,-23.0,-30.0,-47.0,0.0
-58,-74.0,-67.0,-44.0,-5.0,27.0,36.0,39.0,40.0,48.0,60.0,70.0,57.0,33.0,10.0,-6.0,0.0
36,41.0,32.0,19.0,1.0,-1.0,17.0,34.0,41.0,40.0,37.0,24.0,10.0,0.0,-4.0,-4.0,0.0
-42,-46.0,-28.0,1.0,27.0,36.0,28.0,12.0,0.0,6.0,34.0,70.0,91.0,72.0,34.0,-20.0,0.0
-24,-8.0,-12.0,-35.0,-61.0,-78.0,-92.0,-82.0,-63.0,-35.0,-13.0,2.0,10.0,-4.0,-17.0,-30.0,0.0
39,1.0,-15.0,-13.0,-7.0,-6.0,-16.0,-29.0,-34.0,-27.0,-21.0,-23.0,-7.0,4.0,21.0,29.0,0.0
41,16.0,-13.0,-41.0,-59.0,-75.0,-76.0,-69.0,-58.0,-36.0,0.0,40.0,78.0,107.0,113.0,98.0,0.0
-58,-116.0,-143.0,-130.0,-108.0,-69.0,-15.0,14.0,8.0,-1.0,-3.0,-46.0,-107.0,-122.0,-135.0,-130.0,0.0
41,20.0,-4.0,6.0,15.0,11.0,29.0,13.0,-5.0,3.0,30.0,50.0,66.0,95.0,160.0,160.0,0.0
-26,-42.0,-54.0,-63.0,-59.0,-58.0,-59.0,-61.0,-68.0,-81.0,-85.0,-77.0,-62.0,-34.0,-9.0,10.0,0.0
-9,-5.0,6.0,19.0,23.0,24.0,20.0,16.0,14.0,24.0,20.0,14.0,6.0,-5.0,-12.0,-13.0,0.0
-3,-13.0,-22.0,-22.0,-16.0,-9.0,-1.0,4.0,-4.0,-4.0,8.0,15.0,10.0,-2.0,-6.0,-16.0,0.0
-8,-9.0,-1.0,2.0,-15.0,-40.0,-60.0,-67.0,-48.0,-16.0,8.0,10.0,14.0,23.0,11.0,-3.0,0.0
-139,-121.0,-79.0,-24.0,41.0,105.0,152.0,169.0,149.0,118.0,58.0,-20.0,-107.0,-175.0,-210.0,-206.0,0.0
-52,-13.0,28.0,59.0,65.0,42.0,-33.0,-66.0,-76.0,-70.0,-55.0,-28.0,9.0,48.0,60.0,66.0,0.0
-105,-109.0,-85.0,-44.0,-5.0,28.0,46.0,55.0,51.0,31.0,5.0,-12.0,-30.0,-45.0,-46.0,-38.0,0.0
11,-16.0,-38.0,-39.0,-47.0,-50.0,-53.0,-42.0,-26.0,-6.0,2.0,-5.0,-17.0,-21.0,-15.0,-17.0,0.0
-1,42.0,58.0,58.0,50.0,27.0,-5.0,-19.0,-48.0,-83.0,-89.0,-77.0,-78.0,-63.0,-30.0,-15.0,0.0
-48,-32.0,-1.0,35.0,60.0,55.0,18.0,-41.0,-84.0,-123.0,-128.0,-114.0,-96.0,-88.0,-93.0,-81.0,0.0
22,8.0,1.0,0.0,8.0,-7.0,-35.0,-60.0,-69.0,-67.0,-41.0,-2.0,21.0,22.0,3.0,-19.0,0.0
48,79.0,95.0,98.0,83.0,59.0,31.0,9.0,-8.0,-13.0,0.0,68.0,127.0,192.0,206.0,194.0,0.0
-34,-69.0,-101.0,-85.0,-66.0,-24.0,7.0,37.0,61.0,92.0,89.0,46.0,-5.0,-60.0,-107.0,-146.0,0.0
-9,-16.0,-23.0,-39.0,-41.0,-40.0,-33.0,-21.0,-5.0,12.0,19.0,35.0,28.0,13.0,-16.0,-29.0,0.0
57,26.0,-19.0,-77.0,-124.0,-141.0,-125.0,-95.0,-57.0,-33.0,-14.0,12.0,34.0,19.0,-16.0,-59.0,0.0
9,12.0,23.0,24.0,18.0,9.0,-5.0,-12.0,-3.0,22.0,37.0,52.0,62.0,71.0,81.0,84.0,0.0
-5,37.0,59.0,63.0,65.0,51.0,19.0,-30.0,-74.0,-113.0,-122.0,-130.0,-129.0,-110.0,-68.0,-26.0,0.0
-162,-136.0,-97.0,-35.0,17.0,23.0,8.0,-15.0,-24.0,-42.0,-49.0,-64.0,-64.0,-49.0,-26.0,1.0,0.0
145,76.0,-28.0,-156.0,-240.0,-277.0,-277.0,-260.0,-220.0,-155.0,-88.0,-9.0,73.0,129.0,150.0,111.0,0.0
-90,-77.0,-96.0,-87.0,-48.0,-22.0,-24.0,-29.0,-23.0,-9.0,5.0,-26.0,-43.0,-74.0,-90.0,-82.0,0.0
67,82.0,77.0,77.0,69.0,54.0,45.0,40.0,36.0,49.0,89.0,108.0,87.0,60.0,49.0,22.0,0.0
-30,10.0,23.0,9.0,-31.0,-62.0,-101.0,-122.0,-102.0,-71.0,-49.0,-22.0,9.0,7.0,-15.0,-13.0,0.0
17,37.0,25.0,38.0,42.0,23.0,1.0,4.0,-6.0,-22.0,-11.0,0.0,-10.0,-20.0,-12.0,-25.0,0.0
84,62.0,58.0,49.0,37.0,25.0,31.0,39.0,48.0,41.0,39.0,46.0,82.0,116.0,134.0,120.0,0.0
-12,36.0,67.0,92.0,130.0,145.0,125.0,90.0,66.0,32.0,3.0,1.0,13.0,18.0,37.0,59.0,0.0
-160,-127.0,-77.0,-32.0,0.0,14.0,31.0,41.0,53.0,51.0,23.0,-1.0,-32.0,-52.0,-79.0,-92.0,0.0
53,21.0,-6.0,-17.0,-14.0,-4.0,-4.0,-13.0,-40.0,-51.0,-39.0,-7.0,28.0,60.0,74.0,63.0,0.0
28,22.0,14.0,19.0,26.0,35.0,48.0,58.0,60.0,49.0,43.0,31.0,23.0,18.0,17.0,19.0,0.0
68,50.0,36.0,10.0,-8.0,-34.0,-58.0,-75.0,-83.0,-61.0,-49.0,-30.0,-15.0,-1.0,32.0,63.0,0.0
-24,-18.0,1.0,30.0,54.0,66.0,64.0,51.0,25.0,8.0,-2.0,4.0,17.0,29.0,32.0,22.0,0.0
-2,39.0,91.0,118.0,87.0,39.0,10.0,-15.0,-37.0,-33.0,-38.0,-59.0,-44.0,28.0,73.0,61.0,0.0
-49,-32.0,-14.0,-6.0,-8.0,-30.0,-47.0,-57.0,-53.0,-41.0,-18.0,6.0,18.0,30.0,33.0,32.0,0.0
52,75.0,54.0,62.0,66.0,42.0,42.0,55.0,57.0,50.0,72.0,85.0,49.0,59.0,87.0,97.0,0.0
-3,4.0,26.0,72.0,116.0,107.0,81.0,39.0,-28.0,-88.0,-141.0,-167.0,-179.0,-179.0,-118.0,-37.0,0.0
32,85.0,93.0,78.0,64.0,54.0,41.0,-4.0,-68.0,-156.0,-228.0,-261.0,-243.0,-190.0,-136.0,-53.0,0.0
-78,-61.0,-64.0,-64.0,-41.0,-12.0,9.0,15.0,54.0,75.0,74.0,66.0,54.0,22.0,-11.0,-32.0,0.0
-3,17.0,27.0,18.0,0.0,-24.0,-51.0,-69.0,-80.0,-89.0,-102.0,-106.0,-111.0,-108.0,-89.0,-50.0,0.0
-8,6.0,-19.0,-63.0,-99.0,-140.0,-147.0,-138.0,-127.0,-104.0,-49.0,-9.0,-9.0,-31.0,-59.0,-82.0,0.0
61,86.0,92.0,75.0,51.0,19.0,0.0,-13.0,-26.0,-23.0,-15.0,-15.0,-14.0,-11.0,-13.0,-2.0,0.0
67,49.0,37.0,36.0,50.0,61.0,70.0,74.0,80.0,88.0,93.0,105.0,112.0,136.0,156.0,154.0,0.0
-62,-43.0,-31.0,1.0,28.0,4.0,-27.0,-52.0,-61.0,-69.0,-53.0,-41.0,-32.0,-25.0,-18.0,-25.0,0.0
-33,-15.0,10.0,11.0,1.0,2.0,18.0,-6.0,-50.0,-42.0,-30.0,-51.0,-43.0,-9.0,-9.0,-31.0,0.0
-51,-20.0,1.0,30.0,61.0,65.0,49.0,31.0,32.0,17.0,-5.0,-18.0,-15.0,11.0,53.0,85.0,0.0
130,170.0,136.0,67.0,63.0,75.0,62.0,71.0,113.0,129.0,147.0,167.0,167.0,173.0,174.0,134.0,0.0
-58,-18.0,16.0,41.0,42.0,40.0,29.0,25.0,20.0,12.0,-5.0,-53.0,-97.0,-128.0,-131.0,-111.0,0.0
69,74.0,66.0,52.0,48.0,39.0,23.0,13.0,10.0,14.0,16.0,23.0,19.0,9.0,4.0,15.0,0.0
-53,-88.0,-93.0,-68.0,-43.0,-17.0,15.0,50.0,89.0,121.0,140.0,135.0,121.0,110.0,93.0,68.0,0.0
34,51.0,69.0,68.0,51.0,19.0,-13.0,-44.0,-63.0,-52.0,-37.0,-22.0,-6.0,14.0,31.0,34.0,0.0
-50,-46.0,-44.0,-30.0,-11.0,-1.0,17.0,20.0,-14.0,-31.0,-34.0,-16.0,-22.0,-18.0,45.0,98.0,0.0
13,14.0,3.0,12.0,19.0,36.0,41.0,42.0,49.0,58.0,65.0,71.0,55.0,40.0,35.0,32.0,0.0
-163,-138.0,-106.0,-77.0,-58.0,-37.0,-12.0,8.0,27.0,55.0,56.0,39.0,0.0,-33.0,-68.0,-94.0,0.0
5,11.0,3.0,27.0,43.0,29.0,15.0,12.0,4.0,-11.0,-32.0,-25.0,-39.0,-47.0,-30.0,2.0,0.0
-41,-16.0,15.0,53.0,63.0,75.0,75.0,65.0,49.0,39.0,20.0,-14.0,-47.0,-81.0,-94.0,-99.0,0.0
46,44.0,30.0,25.0,26.0,10.0,-16.0,-23.0,-35.0,-24.0,9.0,36.0,33.0,24.0,32.0,10.0,0.0
-142,-125.0,-88.0,-36.0,2.0,22.0,20.0,0.0,-23.0,-58.0,-84.0,-116.0,-133.0,-143.0,-142.0,-125.0,0.0
-41,-41.0,-9.0,20.0,47.0,75.0,89.0,85.0,86.0,72.0,35.0,-7.0,-7.0,11.0,11.0,9.0,0.0
-227,-223.0,-179.0,-104.0,-24.0,37.0,76.0,93.0,84.0,71.0,51.0,33.0,-15.0,-68.0,-112.0,-143.0,0.0
76,59.0,48.0,36.0,20.0,19.0,16.0,35.0,62.0,94.0,111.0,116.0,99.0,78.0,59.0,54.0,0.0
-35,-44.0,-27.0,-5.0,10.0,15.0,-6.0,-21.0,-44.0,-69.0,-81.0,-65.0,-38.0,-20.0,-4.0,8.0,0.0
-24,-11.0,6.0,30.0,41.0,46.0,46.0,38.0,27.0,23.0,19.0,18.0,26.0,46.0,52.0,36.0,0.0
-96,-102.0,-85.0,-77.0,-75.0,-79.0,-87.0,-90.0,-80.0,-54.0,-26.0,-5.0,1.0,-12.0,-42.0,-72.0,0.0
28,24.0,39.0,53.0,82.0,105.0,110.0,104.0,99.0,90.0,78.0,68.0,57.0,47.0,26.0,16.0,0.0
-38,-4.0,24.0,23.0,16.0,28.0,37.0,39.0,51.0,67.0,77.0,83.0,110.0,121.0,110.0,114.0,0.0
-141,-137.0,-127.0,-112.0,-86.0,-64.0,-43.0,-20.0,1.0,18.0,17.0,11.0,-10.0,-37.0,-55.0,-65.0,0.0
-69,-36.0,0.0,40.0,55.0,71.0,53.0,44.0,21.0,-3.0,-21.0,-31.0,-17.0,-27.0,-28.0,-44.0,0.0
43,36.0,16.0,-26.0,-70.0,-90.0,-87.0,-62.0,-31.0,-5.0,7.0,16.0,31.0,40.0,51.0,55.0,0.0
-9,10.0,49.0,77.0,94.0,74.0,19.0,-30.0,-72.0,-69.0,-50.0,-2.0,51.0,75.0,89.0,80.0,0.0
35,2.0,-28.0,-43.0,-57.0,-64.0,-64.0,-66.0,-62.0,-52.0,-28.0,-6.0,22.0,37.0,31.0,6.0,0.0
-73,-47.0,-31.0,-50.0,-55.0,-38.0,-58.0,-66.0,-45.0,-27.0,-20.0,26.0,94.0,102.0,86.0,77.0,0.0
1,18.0,39.0,66.0,82.0,80.0,60.0,33.0,9.0,-26.0,-50.0,-59.0,-55.0,-44.0,-28.0,-15.0,0.0
-160,-158.0,-142.0,-111.0,-79.0,-31.0,35.0,85.0,110.0,108.0,81.0,37.0,-17.0,-76.0,-126.0,-147.0,0.0
70,87.0,86.0,86.0,91.0,103.0,97.0,64.0,29.0,-4.0,-21.0,-22.0,-3.0,19.0,43.0,70.0,0.0
-26,-3.0,26.0,40.0,50.0,58.0,76.0,78.0,58.0,16.0,-46.0,-97.0,-117.0,-103.0,-75.0,-51.0,0.0
111,68.0,-1.0,-42.0,-56.0,-52.0,-69.0,-107.0,-154.0,-176.0,-147.0,-88.0,-18.0,41.0,83.0,104.0,0.0
3,7.0,-9.0,-8.0,-18.0,-33.0,-48.0,-56.0,-57.0,-55.0,-46.0,-19.0,1.0,19.0,23.0,-10.0,0.0
-59,-34.0,-13.0,12.0,42.0,74.0,99.0,120.0,120.0,101.0,78.0,55.0,23.0,-20.0,-68.0,-107.0,0.0
-77,-92.0,-99.0,-102.0,-90.0,-81.0,-71.0,-65.0,-51.0,-30.0,-11.0,13.0,20.0,11.0,-6.0,-30.0,0.0
85,63.0,29.0,-1.0,-20.0,5.0,30.0,51.0,71.0,86.0,105.0,114.0,103.0,67.0,38.0,30.0,0.0
-9,-11.0,-5.0,22.0,55.0,86.0,96.0,78.0,50.0,20.0,-21.0,-53.0,-61.0,-59.0,-39.0,-21.0,0.0
-60,-53.0,-35.0,-6.0,14.0,21.0,30.0,54.0,75.0,81.0,70.0,34.0,1.0,-16.0,-22.0,-44.0,0.0
28,40.0,40.0,35.0,28.0,13.0,8.0,12.0,23.0,26.0,28.0,30.0,20.0,16.0,11.0,17.0,0.0
98,96.0,85.0,71.0,34.0,-17.0,-75.0,-121.0,-159.0,-177.0,-174.0,-152.0,-117.0,-70.0,-10.0,40.0,0.0
4,-12.0,-31.0,-37.0,-47.0,63.0,71.0,73.0,67.0,71.0,64.0,59.0,50.0,47.0,41.0,49.0,0.0
101,126.0,134.0,149.0,160.0,157.0,114.0,27.0,-89.0,-203.0,-262.0,-266.0,-210.0,-127.0,-58.0,-12.0,0.0
-25,-30.0,-36.0,-36.0,-15.0,7.0,-3.0,-32.0,-61.0,-74.0,-61.0,-35.0,-16.0,9.0,40.0,68.0,0.0
11,-4.0,6.0,27.0,40.0,62.0,54.0,18.0,-57.0,-26.0,8.0,8.0,-22.0,-14.0,-4.0,8.0,0.0
-80,-38.0,3.0,27.0,18.0,4.0,-26.0,-29.0,12.0,48.0,52.0,45.0,58.0,48.0,16.0,-8.0,0.0
-195,-221.0,-220.0,-194.0,-152.0,-125.0,-113.0,-104.0,-82.0,-47.0,14.0,67.0,109.0,129.0,126.0,92.0,0.0
-91,-89.0,-69.0,-41.0,-26.0,-18.0,-16.0,-22.0,-5.0,26.0,67.0,92.0,92.0,71.0,35.0,5.0,0.0
-141,-108.0,-47.0,47.0,132.0,195.0,204.0,175.0,110.0,49.0,-6.0,-58.0,-93.0,-108.0,-101.0,-86.0,0.0
-22,-6.0,3.0,5.0,-14.0,-50.0,-90.0,-119.0,-135.0,-117.0,-80.0,-34.0,-1.0,37.0,48.0,41.0,0.0
22,27.0,24.0,11.0,-2.0,-4.0,3.0,15.0,36.0,43.0,39.0,30.0,33.0,45.0,55.0,67.0,0.0
81,145.0,180.0,170.0,110.0,15.0,-79.0,-144.0,-181.0,-182.0,-168.0,-133.0,-94.0,-36.0,21.0,68.0,0.0
-31,-37.0,-15.0,-5.0,-4.0,6.0,-14.0,-31.0,-33.0,-43.0,-42.0,-37.0,-8.0,8.0,23.0,42.0,0.0
49,52.0,72.0,89.0,103.0,136.0,173.0,204.0,203.0,178.0,129.0,82.0,58.0,54.0,56.0,54.0,0.0
75,79.0,86.0,80.0,70.0,27.0,-1.0,-28.0,-58.0,-57.0,-48.0,-56.0,-29.0,29.0,57.0,67.0,0.0
120,107.0,100.0,92.0,86.0,66.0,46.0,22.0,-8.0,-22.0,-36.0,-37.0,-4.0,30.0,71.0,87.0,0.0
-23,-4.0,24.0,34.0,51.0,66.0,88.0,101.0,108.0,94.0,47.0,-14.0,-61.0,-72.0,-59.0,-39.0,0.0
23,24.0,45.0,53.0,65.0,67.0,67.0,67.0,62.0,52.0,38.0,34.0,21.0,1.0,0.0,18.0,0.0
3,-35.0,-63.0,-73.0,-80.0,-115.0,-162.0,-215.0,-234.0,-215.0,-156.0,-89.0,-38.0,-1.0,27.0,57.0,0.0
-91,-77.0,-24.0,40.0,71.0,68.0,43.0,20.0,-8.0,-19.0,-24.0,-23.0,-31.0,-54.0,-70.0,-90.0,0.0
93,115.0,103.0,69.0,23.0,-29.0,-61.0,-95.0,-126.0,-149.0,-151.0,-132.0,-106.0,-70.0,-39.0,-12.0,0.0
116,88.0,25.0,-37.0,-81.0,-105.0,-103.0,-68.0,-16.0,32.0,63.0,76.0,73.0,60.0,52.0,35.0,0.0
-35,-103.0,-172.0,-214.0,-227.0,-214.0,-178.0,-123.0,-62.0,5.0,71.0,117.0,134.0,126.0,107.0,65.0,0.0
-160,-153.0,-134.0,-84.0,-15.0,67.0,137.0,187.0,193.0,156.0,85.0,17.0,-34.0,-76.0,-93.0,-111.0,0.0
-2,8.0,30.0,46.0,41.0,18.0,-26.0,-52.0,-63.0,-64.0,-60.0,-48.0,-32.0,-22.0,-14.0,-2.0,0.0
-108,-122.0,-103.0,-67.0,-30.0,-1.0,0.0,-2.0,6.0,29.0,57.0,100.0,114.0,118.0,108.0,84.0,0.0
-73,-95.0,-100.0,-88.0,-64.0,-48.0,-38.0,-41.0,-50.0,-51.0,-21.0,25.0,63.0,76.0,63.0,35.0,0.0
-127,-85.0,-88.0,-74.0,-46.0,-48.0,-45.0,-33.0,-31.0,13.0,53.0,56.0,54.0,87.0,81.0,38.0,0.0
-51,-71.0,-70.0,-67.0,-59.0,-65.0,-75.0,-63.0,-32.0,6.0,48.0,82.0,91.0,75.0,40.0,-19.0,0.0
26,-4.0,-20.0,-35.0,-29.0,-7.0,21.0,45.0,73.0,96.0,120.0,135.0,138.0,119.0,87.0,70.0,0.0
-59,-64.0,-71.0,-61.0,-72.0,-99.0,-100.0,-73.0,-56.0,-25.0,27.0,58.0,54.0,47.0,47.0,13.0,0.0
39,46.0,27.0,-6.0,-64.0,-133.0,-180.0,-183.0,-152.0,-127.0,-108.0,-91.0,-76.0,-52.0,-8.0,28.0,0.0
82,91.0,100.0,99.0,78.0,43.0,19.0,9.0,7.0,8.0,13.0,13.0,8.0,14.0,12.0,16.0,0.0
13,66.0,127.0,192.0,228.0,245.0,220.0,165.0,77.0,-15.0,-101.0,-168.0,-206.0,-219.0,-214.0,-206.0,0.0
-34,-64.0,-75.0,-83.0,-71.0,-43.0,-6.0,24.0,43.0,57.0,58.0,68.0,78.0,83.0,73.0,59.0,0.0
44,43.0,44.0,42.0,37.0,45.0,55.0,73.0,95.0,114.0,117.0,128.0,122.0,113.0,91.0,81.0,0.0
30,34.0,26.0,22.0,18.0,32.0,41.0,43.0,44.0,56.0,70.0,68.0,61.0,49.0,58.0,74.0,0.0
-82,-77.0,-77.0,-78.0,-67.0,-56.0,-23.0,-2.0,16.0,23.0,50.0,87.0,116.0,116.0,96.0,64.0,0.0
2,-7.0,-7.0,1.0,13.0,43.0,69.0,65.0,26.0,5.0,0.0,-16.0,-20.0,-6.0,4.0,5.0,0.0
-100,-111.0,-122.0,-126.0,-103.0,-49.0,21.0,77.0,96.0,100.0,74.0,35.0,-9.0,-52.0,-85.0,-103.0,0.0
20,-11.0,-51.0,-78.0,-86.0,-82.0,-70.0,-45.0,-17.0,15.0,46.0,73.0,97.0,119.0,147.0,141.0,0.0
65,59.0,35.0,-2.0,-48.0,-87.0,-111.0,-105.0,-86.0,-71.0,-74.0,-64.0,-45.0,-16.0,6.0,9.0,0.0
-91,-76.0,-58.0,-30.0,3.0,21.0,13.0,-6.0,-25.0,-54.0,-53.0,-49.0,-60.0,-37.0,2.0,16.0,0.0
-78,-39.0,-1.0,7.0,-34.0,-71.0,-114.0,-169.0,-213.0,-191.0,-140.0,-89.0,-48.0,-31.0,-44.0,-74.0,0.0
-35,-48.0,-66.0,-75.0,-51.0,-15.0,25.0,52.0,65.0,48.0,21.0,17.0,13.0,19.0,19.0,16.0,0.0
174,201.0,204.0,156.0,72.0,-19.0,-77.0,-95.0,-87.0,-63.0,-38.0,-18.0,12.0,52.0,82.0,97.0,0.0
47,63.0,68.0,76.0,83.0,77.0,67.0,47.0,28.0,-9.0,-45.0,-78.0,-100.0,-106.0,-84.0,-45.0,0.0
24,31.0,37.0,45.0,55.0,56.0,51.0,37.0,15.0,-17.0,-43.0,-66.0,-82.0,-66.0,-33.0,5.0,0.0
17,23.0,58.0,82.0,116.0,130.0,110.0,53.0,-34.0,-95.0,-139.0,-156.0,-166.0,-138.0,-85.0,-28.0,0.0
-67,-39.0,11.0,65.0,98.0,100.0,78.0,50.0,27.0,14.0,-3.0,-26.0,-48.0,-62.0,-71.0,-63.0,0.0
58,46.0,23.0,19.0,25.0,29.0,5.0,-25.0,-47.0,-86.0,-127.0,-150.0,-146.0,-149.0,-139.0,-110.0,0.0
-13,-11.0,2.0,26.0,82.0,107.0,90.0,47.0,1.0,-3.0,-62.0,-123.0,-131.0,-135.0,-138.0,-100.0,0.0
-55,-53.0,-52.0,-58.0,-57.0,-45.0,-31.0,-15.0,13.0,31.0,33.0,11.0,-19.0,-53.0,-76.0,-80.0,0.0
15,25.0,42.0,47.0,27.0,7.0,20.0,36.0,41.0,43.0,16.0,-28.0,-50.0,-18.0,8.0,13.0,0.0
-42,-34.0,-37.0,-51.0,-60.0,-70.0,-71.0,-57.0,-37.0,-15.0,-2.0,11.0,13.0,5.0,7.0,10.0,0.0
160,140.0,114.0,105.0,103.0,104.0,108.0,106.0,95.0,70.0,48.0,22.0,10.0,-1.0,-7.0,-4.0,0.0
-77,-98.0,-84.0,-53.0,-21.0,10.0,29.0,40.0,40.0,39.0,25.0,23.0,35.0,45.0,42.0,18.0,0.0
-35,-36.0,-35.0,-32.0,-33.0,-20.0,-29.0,-42.0,-30.0,-3.0,5.0,-22.0,-36.0,-32.0,-52.0,-76.0,0.0
-54,-31.0,-15.0,6.0,30.0,55.0,56.0,41.0,24.0,4.0,-11.0,-21.0,-26.0,-44.0,-58.0,-54.0,0.0
6,-5.0,-9.0,-17.0,-26.0,-49.0,-83.0,-134.0,-169.0,-180.0,-151.0,-95.0,-18.0,61.0,115.0,150.0,0.0
51,55.0,48.0,35.0,20.0,-5.0,-15.0,-25.0,-48.0,-44.0,-22.0,1.0,3.0,11.0,9.0,-8.0,0.0
34,50.0,55.0,53.0,40.0,15.0,-10.0,-40.0,-73.0,-85.0,-81.0,-82.0,-65.0,-37.0,-3.0,36.0,0.0
-131,-137.0,-123.0,-85.0,-32.0,9.0,18.0,20.0,15.0,7.0,3.0,1.0,1.0,24.0,70.0,114.0,0.0
-33,-1.0,41.0,91.0,128.0,135.0,129.0,102.0,66.0,51.0,37.0,40.0,43.0,54.0,63.0,69.0,0.0
-83,-49.0,-9.0,34.0,55.0,74.0,106.0,147.0,166.0,133.0,35.0,-93.0,-215.0,-277.0,-255.0,-172.0,0.0
4,-42.0,-63.0,-66.0,-54.0,-13.0,43.0,65.0,47.0,19.0,6.0,-20.0,-25.0,-17.0,-28.0,-52.0,0.0
-5,-19.0,-21.0,-20.0,-24.0,-19.0,-21.0,-25.0,-27.0,-18.0,-2.0,0.0,0.0,5.0,4.0,3.0,0.0
51,88.0,85.0,88.0,76.0,37.0,10.0,4.0,-2.0,14.0,82.0,132.0,124.0,98.0,75.0,27.0,0.0
-41,-11.0,-14.0,10.0,36.0,28.0,3.0,1.0,-18.0,-54.0,-66.0,-65.0,-77.0,-78.0,-53.0,-32.0,0.0
36,26.0,33.0,48.0,47.0,36.0,37.0,21.0,-13.0,-28.0,-46.0,-81.0,-111.0,-117.0,-121.0,-118.0,0.0
90,164.0,222.0,246.0,249.0,229.0,205.0,161.0,88.0,-7.0,-72.0,-87.0,-56.0,-24.0,-5.0,35.0,0.0
-28,-19.0,-9.0,-10.0,-21.0,-33.0,-43.0,-31.0,-1.0,31.0,37.0,32.0,14.0,-4.0,-19.0,-40.0,0.0
-26,-5.0,-6.0,-40.0,-61.0,-45.0,-3.0,53.0,97.0,114.0,88.0,47.0,14.0,-17.0,-31.0,-10.0,0.0
26,15.0,9.0,14.0,41.0,70.0,100.0,116.0,119.0,116.0,114.0,113.0,94.0,60.0,26.0,-4.0,0.0
94,83.0,57.0,-1.0,-18.0,-71.0,-112.0,-116.0,-108.0,-92.0,-40.0,38.0,53.0,73.0,55.0,75.0,0.0
21,6.0,-4.0,-16.0,-19.0,-20.0,-10.0,8.0,30.0,55.0,62.0,55.0,48.0,32.0,14.0,-11.0,0.0
2,10.0,5.0,-6.0,-27.0,-33.0,-23.0,-5.0,5.0,16.0,9.0,4.0,2.0,1.0,-11.0,-40.0,0.0
-7,13.0,25.0,33.0,15.0,-15.0,-44.0,-66.0,-78.0,-81.0,-94.0,-112.0,-121.0,-111.0,-98.0,-79.0,0.0
-22,-19.0,-2.0,42.0,72.0,98.0,88.0,65.0,37.0,21.0,34.0,44.0,28.0,21.0,18.0,12.0,0.0
-72,-75.0,-63.0,-51.0,-34.0,-15.0,35.0,69.0,98.0,90.0,56.0,-11.0,-63.0,-117.0,-168.0,-190.0,0.0
24,17.0,23.0,26.0,20.0,3.0,-7.0,-24.0,-48.0,-83.0,-113.0,-129.0,-128.0,-103.0,-75.0,-39.0,0.0
-75,-110.0,-154.0,-191.0,-183.0,-150.0,-115.0,-56.0,-2.0,9.0,20.0,14.0,5.0,-39.0,-70.0,-65.0,0.0
-91,-74.0,-66.0,-55.0,-37.0,-11.0,10.0,39.0,65.0,72.0,58.0,31.0,2.0,-6.0,16.0,82.0,0.0
47,18.0,-7.0,0.0,24.0,25.0,37.0,66.0,68.0,70.0,75.0,49.0,-8.0,-45.0,-46.0,-54.0,0.0
-85,-83.0,-100.0,-98.0,-89.0,-112.0,-141.0,-140.0,-149.0,-167.0,-171.0,-139.0,-94.0,-48.0,1.0,15.0,0.0
-13,2.0,24.0,38.0,40.0,43.0,54.0,70.0,77.0,71.0,40.0,-5.0,-55.0,-88.0,-107.0,-115.0,0.0
-10,-40.0,-46.0,-35.0,-21.0,-22.0,-22.0,-11.0,7.0,30.0,46.0,51.0,35.0,13.0,-2.0,-19.0,0.0
-50,-32.0,-29.0,-32.0,-71.0,-88.0,-76.0,-77.0,-64.0,-32.0,-11.0,-20.0,-9.0,7.0,-40.0,-59.0,0.0
-14,48.0,86.0,118.0,125.0,107.0,63.0,-16.0,-101.0,-178.0,-234.0,-256.0,-241.0,-205.0,-153.0,-84.0,0.0
-43,-27.0,-7.0,10.0,23.0,31.0,45.0,70.0,78.0,79.0,60.0,18.0,-32.0,-77.0,-84.0,-73.0,0.0
-35,-3.0,18.0,28.0,20.0,-9.0,-49.0,-99.0,-122.0,-140.0,-117.0,-78.0,-30.0,1.0,-1.0,-11.0,0.0
-41,-63.0,-76.0,-82.0,-87.0,-91.0,-78.0,-65.0,-38.0,-12.0,19.0,33.0,33.0,31.0,23.0,9.0,0.0
129,90.0,28.0,13.0,-9.0,-3.0,46.0,101.0,134.0,151.0,130.0,83.0,106.0,99.0,71.0,58.0,0.0
88,76.0,59.0,39.0,25.0,6.0,-22.0,-45.0,-62.0,-60.0,-42.0,-9.0,28.0,53.0,87.0,109.0,0.0
61,41.0,17.0,-3.0,-27.0,-32.0,-35.0,-25.0,-9.0,9.0,18.0,25.0,32.0,30.0,24.0,19.0,0.0
-106,-93.0,-71.0,-47.0,-22.0,3.0,14.0,15.0,32.0,56.0,63.0,53.0,11.0,-46.0,-94.0,-122.0,0.0
-88,-131.0,-146.0,-144.0,-137.0,-128.0,-111.0,-74.0,-34.0,12.0,52.0,73.0,72.0,54.0,32.0,-11.0,0.0
-117,-126.0,-61.0,4.0,26.0,90.0,75.0,49.0,-1.0,-48.0,-83.0,-67.0,-57.0,-28.0,15.0,30.0,0.0
4,22.0,27.0,21.0,6.0,-5.0,-9.0,-3.0,0.0,1.0,-20.0,-34.0,-44.0,-45.0,-38.0,-23.0,0.0
24,-13.0,-33.0,-45.0,-43.0,-43.0,-51.0,-62.0,-62.0,-47.0,-28.0,9.0,59.0,100.0,114.0,101.0,0.0
-44,-45.0,-43.0,-40.0,-41.0,-48.0,-56.0,-49.0,-35.0,-29.0,-24.0,-13.0,-2.0,1.0,-3.0,-13.0,0.0
-109,-121.0,-140.0,-149.0,-149.0,-132.0,-93.0,-56.0,-21.0,-1.0,5.0,-12.0,-39.0,-62.0,-76.0,-78.0,0.0
105,79.0,48.0,5.0,-42.0,-91.0,-145.0,-172.0,-168.0,-142.0,-105.0,-68.0,-23.0,14.0,57.0,87.0,0.0
38,46.0,38.0,26.0,15.0,9.0,14.0,28.0,40.0,43.0,45.0,32.0,9.0,-13.0,-23.0,-22.0,0.0
101,149.0,172.0,161.0,120.0,44.0,-30.0,-95.0,-159.0,-205.0,-229.0,-237.0,-209.0,-142.0,-74.0,-26.0,0.0
-121,-102.0,-79.0,-57.0,-29.0,-1.0,18.0,20.0,24.0,15.0,3.0,1.0,-4.0,-12.0,-34.0,-41.0,0.0
61,33.0,-3.0,-51.0,-99.0,-133.0,-152.0,-161.0,-160.0,-155.0,-154.0,-154.0,-154.0,-152.0,-133.0,-80.0,0.0
28,39.0,43.0,34.0,7.0,-15.0,-25.0,-30.0,-22.0,-9.0,10.0,19.0,29.0,27.0,15.0,2.0,0.0
-72,-79.0,-75.0,-57.0,-30.0,-2.0,26.0,36.0,32.0,18.0,8.0,-18.0,-39.0,-44.0,-30.0,-7.0,0.0
50,55.0,40.0,27.0,5.0,-3.0,5.0,15.0,36.0,59.0,87.0,95.0,95.0,84.0,68.0,33.0,0.0
-11,-43.0,-73.0,-101.0,-105.0,-77.0,-32.0,22.0,72.0,106.0,123.0,128.0,115.0,76.0,32.0,-3.0,0.0
-4,24.0,59.0,90.0,106.0,105.0,92.0,69.0,50.0,42.0,26.0,11.0,-14.0,-35.0,-36.0,3.0,0.0
-63,-66.0,-50.0,-20.0,4.0,8.0,-8.0,-47.0,-72.0,-76.0,-64.0,-46.0,-19.0,8.0,24.0,35.0,0.0
14,30.0,22.0,-8.0,-35.0,-60.0,-77.0,-74.0,-11.0,42.0,85.0,153.0,174.0,148.0,102.0,68.0,0.0
-121,-104.0,-99.0,-107.0,-105.0,-112.0,-121.0,-118.0,-107.0,-93.0,-74.0,-33.0,0.0,8.0,2.0,-2.0,0.0
27,19.0,-7.0,-33.0,-56.0,-79.0,-94.0,-99.0,-83.0,-67.0,-37.0,-17.0,-7.0,-9.0,-12.0,2.0,0.0
-107,-100.0,-79.0,-63.0,-43.0,-27.0,15.0,51.0,54.0,42.0,-22.0,-94.0,-135.0,-130.0,-113.0,-97.0,0.0
51,35.0,19.0,14.0,24.0,48.0,70.0,82.0,81.0,71.0,75.0,86.0,101.0,119.0,136.0,135.0,0.0
48,48.0,47.0,34.0,13.0,-11.0,-23.0,-25.0,-35.0,-34.0,-38.0,-43.0,-59.0,-59.0,-47.0,-47.0,0.0
151,110.0,34.0,-50.0,-118.0,-151.0,-165.0,-164.0,-156.0,-147.0,-126.0,-87.0,-30.0,23.0,74.0,111.0,0.0
-33,-32.0,-26.0,-15.0,1.0,17.0,29.0,30.0,-3.0,-66.0,-143.0,-189.0,-191.0,-135.0,-63.0,-14.0,0.0
-82,-66.0,-40.0,-21.0,-9.0,-6.0,-18.0,-24.0,-14.0,3.0,20.0,39.0,52.0,59.0,58.0,50.0,0.0
-101,-100.0,-60.0,-22.0,-16.0,-27.0,-37.0,3.0,53.0,89.0,74.0,26.0,-37.0,-94.0,-117.0,-120.0,0.0
-9,-29.0,-43.0,-59.0,-47.0,-34.0,-9.0,-11.0,47.0,29.0,11.0,25.0,-33.0,-111.0,-96.0,-121.0,0.0
1,9.0,5.0,10.0,32.0,34.0,16.0,31.0,52.0,27.0,7.0,39.0,78.0,88.0,106.0,113.0,0.0
55,70.0,100.0,118.0,116.0,80.0,40.0,2.0,-33.0,-60.0,-92.0,-119.0,-133.0,-114.0,-78.0,-31.0,0.0
62,90.0,102.0,81.0,64.0,16.0,-38.0,-79.0,-89.0,-72.0,-55.0,-29.0,-23.0,-7.0,19.0,76.0,0.0
26,38.0,35.0,22.0,1.0,-10.0,-25.0,-33.0,-24.0,4.0,42.0,76.0,92.0,88.0,77.0,68.0,0.0
119,116.0,120.0,115.0,108.0,100.0,100.0,84.0,48.0,13.0,-31.0,-70.0,-96.0,-103.0,-95.0,-71.0,0.0
-12,-16.0,-18.0,4.0,9.0,5.0,13.0,29.0,33.0,51.0,72.0,57.0,31.0,5.0,-10.0,-30.0,0.0
-20,-40.0,-35.0,-8.0,17.0,31.0,21.0,-8.0,-37.0,-40.0,-20.0,7.0,36.0,31.0,0.0,-34.0,0.0
-45,-39.0,-35.0,-23.0,7.0,43.0,78.0,99.0,100.0,83.0,53.0,24.0,-14.0,-44.0,-63.0,-83.0,0.0
-15,-18.0,-9.0,24.0,44.0,74.0,101.0,119.0,146.0,167.0,179.0,153.0,104.0,54.0,24.0,-9.0,0.0
-74,-79.0,-81.0,-89.0,-96.0,-101.0,-98.0,-79.0,-44.0,4.0,55.0,105.0,124.0,98.0,45.0,-11.0,0.0
102,64.0,16.0,-29.0,-66.0,-117.0,-143.0,-133.0,-84.0,-24.0,44.0,86.0,108.0,130.0,150.0,163.0,0.0
28,27.0,9.0,-3.0,-7.0,1.0,1.0,4.0,4.0,-8.0,-9.0,-2.0,9.0,17.0,20.0,17.0,0.0
49,26.0,-4.0,-52.0,-107.0,-150.0,-168.0,-164.0,-121.0,-59.0,14.0,77.0,117.0,116.0,86.0,51.0,0.0
-90,-72.0,-50.0,-17.0,3.0,25.0,37.0,43.0,31.0,10.0,-23.0,-70.0,-113.0,-143.0,-149.0,-138.0,0.0
25,41.0,57.0,58.0,61.0,28.0,-16.0,-32.0,-46.0,-67.0,-66.0,-40.0,-34.0,-57.0,-78.0,-102.0,0.0
-163,-140.0,-122.0,-101.0,-71.0,-21.0,19.0,64.0,101.0,113.0,110.0,87.0,51.0,-8.0,-63.0,-105.0,0.0
-55,-22.0,1.0,17.0,26.0,23.0,11.0,2.0,10.0,23.0,41.0,44.0,24.0,-6.0,-36.0,-46.0,0.0
-70,-78.0,-112.0,-113.0,-69.0,-8.0,-21.0,-25.0,-34.0,-68.0,-87.0,-80.0,-78.0,-67.0,-24.0,2.0,0.0
8,23.0,21.0,19.0,2.0,-42.0,-39.0,-50.0,-78.0,-78.0,-49.0,-8.0,47.0,72.0,116.0,113.0,0.0
17,-8.0,7.0,46.0,66.0,42.0,-15.0,-51.0,-57.0,-44.0,8.0,51.0,82.0,123.0,140.0,137.0,0.0
1,-13.0,-2.0,-6.0,-57.0,-88.0,-97.0,-109.0,-118.0,-83.0,-46.0,-31.0,-17.0,-11.0,-42.0,-101.0,0.0
-71,-63.0,-63.0,-74.0,-94.0,-116.0,-105.0,-57.0,16.0,87.0,129.0,145.0,128.0,79.0,18.0,-51.0,0.0
-17,-4.0,15.0,29.0,50.0,71.0,99.0,122.0,149.0,152.0,127.0,98.0,81.0,79.0,72.0,61.0,0.0
1,0.0,-7.0,-26.0,-34.0,-35.0,-39.0,-47.0,-63.0,-82.0,-95.0,-100.0,-97.0,-99.0,-94.0,-77.0,0.0
-2,-18.0,-69.0,-85.0,-63.0,-57.0,-85.0,-116.0,-121.0,-114.0,-73.0,-24.0,-10.0,6.0,32.0,34.0,0.0
15,-12.0,-27.0,-37.0,-56.0,-81.0,-82.0,-71.0,-36.0,-1.0,25.0,31.0,22.0,26.0,33.0,48.0,0.0
5,5.0,13.0,-8.0,-26.0,-18.0,12.0,14.0,14.0,1.0,-33.0,-59.0,-60.0,-49.0,-58.0,-54.0,0.0
2,9.0,2.0,-18.0,-30.0,-37.0,-33.0,-47.0,-46.0,-36.0,-20.0,0.0,26.0,49.0,58.0,51.0,0.0
39,-2.0,7.0,30.0,37.0,41.0,57.0,41.0,3.0,-8.0,2.0,12.0,48.0,94.0,87.0,28.0,0.0
15,8.0,-5.0,-25.0,-53.0,-84.0,-96.0,-95.0,-78.0,-60.0,-43.0,-35.0,-25.0,-11.0,-15.0,-23.0,0.0
-22,1.0,-15.0,-28.0,-30.0,-52.0,-54.0,-42.0,-21.0,-8.0,0.0,3.0,-25.0,-59.0,-68.0,-89.0,0.0
-128,-110.0,-94.0,-38.0,25.0,40.0,28.0,9.0,-13.0,-41.0,-65.0,-45.0,-2.0,32.0,56.0,58.0,0.0
-17,-27.0,-38.0,-29.0,-16.0,-2.0,27.0,43.0,33.0,6.0,-8.0,-17.0,-19.0,-15.0,13.0,12.0,0.0
-35,-54.0,-53.0,-46.0,-56.0,-61.0,-56.0,-36.0,-4.0,37.0,75.0,88.0,85.0,74.0,61.0,51.0,0.0
20,5.0,-3.0,-2.0,23.0,44.0,68.0,74.0,61.0,35.0,13.0,11.0,15.0,26.0,23.0,1.0,0.0
22,60.0,99.0,100.0,65.0,46.0,53.0,51.0,49.0,34.0,18.0,19.0,13.0,-9.0,-53.0,-62.0,0.0
-18,-9.0,-17.0,-25.0,-21.0,-22.0,-37.0,-40.0,-37.0,-30.0,-21.0,2.0,14.0,5.0,2.0,-24.0,0.0
2,-4.0,-12.0,-18.0,-21.0,-20.0,-18.0,-12.0,1.0,22.0,60.0,88.0,90.0,60.0,15.0,-26.0,0.0
26,40.0,41.0,20.0,-27.0,-69.0,-81.0,-73.0,-35.0,-3.0,13.0,2.0,-7.0,-1.0,8.0,33.0,0.0
-28,-29.0,-17.0,-19.0,30.0,71.0,39.0,-12.0,-66.0,-89.0,-114.0,-102.0,-41.0,11.0,39.0,46.0,0.0
15,47.0,70.0,72.0,54.0,23.0,-8.0,-41.0,-70.0,-93.0,-116.0,-108.0,-66.0,1.0,61.0,111.0,0.0
-10,-29.0,-58.0,-86.0,-90.0,-81.0,-61.0,-25.0,18.0,27.0,5.0,-1.0,11.0,38.0,85.0,102.0,0.0
138,130.0,79.0,10.0,-52.0,-91.0,-117.0,-123.0,-116.0,-99.0,-80.0,-32.0,31.0,85.0,124.0,133.0,0.0
-97,-78.0,-62.0,14.0,77.0,132.0,155.0,128.0,110.0,108.0,41.0,-8.0,-44.0,-72.0,-104.0,-67.0,0.0
2,13.0,12.0,4.0,-17.0,-54.0,-87.0,-107.0,-115.0,-119.0,-116.0,-108.0,-92.0,-56.0,-12.0,23.0,0.0
-175,-93.0,-14.0,64.0,113.0,160.0,172.0,164.0,138.0,78.0,23.0,-21.0,-49.0,-64.0,-53.0,-24.0,0.0
-108,-184.0,-220.0,-221.0,-191.0,-147.0,-90.0,-36.0,31.0,95.0,124.0,121.0,66.0,7.0,-59.0,-112.0,0.0
-15,-26.0,-40.0,-48.0,-38.0,-19.0,3.0,32.0,60.0,77.0,78.0,81.0,63.0,26.0,-26.0,-63.0,0.0
-30,-1.0,11.0,10.0,17.0,18.0,-8.0,-31.0,-42.0,-36.0,5.0,54.0,74.0,51.0,35.0,15.0,0.0
-20,-102.0,-190.0,-257.0,-262.0,-212.0,-108.0,-4.0,78.0,127.0,150.0,151.0,122.0,75.0,29.0,-31.0,0.0
113,149.0,162.0,151.0,136.0,106.0,73.0,23.0,-20.0,-66.0,-100.0,-111.0,-78.0,-21.0,30.0,65.0,0.0
38,10.0,-13.0,-61.0,-92.0,-78.0,-60.0,-35.0,0.0,50.0,50.0,44.0,26.0,-6.0,-35.0,-63.0,0.0
-114,-107.0,-73.0,-25.0,13.0,31.0,23.0,10.0,-24.0,-43.0,-60.0,-72.0,-84.0,-99.0,-96.0,-100.0,0.0
47,57.0,72.0,93.0,95.0,84.0,49.0,1.0,-23.0,-34.0,-24.0,0.0,30.0,49.0,61.0,72.0,0.0
-9,25.0,44.0,46.0,50.0,52.0,33.0,22.0,21.0,18.0,35.0,50.0,35.0,12.0,17.0,27.0,0.0
52,50.0,-3.0,-57.0,-71.0,-59.0,-50.0,-37.0,-21.0,-28.0,-28.0,-15.0,-22.0,-7.0,57.0,115.0,0.0
-27,-39.0,-58.0,-56.0,-31.0,-13.0,-6.0,-21.0,-38.0,-41.0,-23.0,16.0,39.0,43.0,41.0,26.0,0.0
-142,-127.0,-109.0,-92.0,-87.0,-79.0,-67.0,-36.0,10.0,70.0,116.0,123.0,95.0,40.0,-12.0,-65.0,0.0
50,49.0,42.0,57.0,68.0,78.0,84.0,82.0,76.0,67.0,61.0,57.0,56.0,63.0,66.0,72.0,0.0
-46,-76.0,-64.0,-72.0,-72.0,-61.0,-14.0,29.0,70.0,128.0,131.0,118.0,81.0,50.0,-6.0,-34.0,0.0
-32,-43.0,-38.0,-59.0,-97.0,-104.0,-69.0,-28.0,23.0,90.0,106.0,61.0,18.0,-6.0,-57.0,-110.0,0.0
-26,-3.0,11.0,13.0,22.0,50.0,78.0,77.0,32.0,-44.0,-121.0,-151.0,-119.0,-55.0,-1.0,26.0,0.0
22,-1.0,-8.0,10.0,22.0,37.0,28.0,10.0,-13.0,-22.0,-18.0,-10.0,10.0,17.0,16.0,14.0,0.0
-48,-6.0,27.0,41.0,37.0,25.0,10.0,9.0,3.0,-25.0,-63.0,-89.0,-83.0,-54.0,-21.0,-2.0,0.0
51,0.0,-41.0,-58.0,-62.0,-72.0,-79.0,-99.0,-105.0,-89.0,-42.0,17.0,72.0,116.0,139.0,135.0,0.0
-110,-57.0,-15.0,12.0,27.0,41.0,53.0,57.0,59.0,49.0,28.0,7.0,-20.0,-46.0,-61.0,-50.0,0.0
86,69.0,41.0,33.0,8.0,-16.0,-15.0,-3.0,15.0,25.0,48.0,36.0,-6.0,-14.0,-2.0,6.0,0.0
-68,-18.0,10.0,17.0,8.0,-18.0,-46.0,-53.0,-46.0,-21.0,-8.0,0.0,-8.0,-26.0,-33.0,-29.0,0.0
-4,28.0,34.0,19.0,-9.0,-73.0,-132.0,-143.0,-95.0,-44.0,12.0,61.0,66.0,31.0,-12.0,-32.0,0.0
-22,-19.0,-5.0,-2.0,-12.0,-28.0,-45.0,-54.0,-46.0,-21.0,-1.0,18.0,34.0,54.0,58.0,59.0,0.0
73,15.0,-42.0,-86.0,-111.0,-122.0,-124.0,-107.0,-65.0,-22.0,31.0,81.0,126.0,159.0,185.0,185.0,0.0
11,-15.0,-52.0,-78.0,-84.0,-79.0,-88.0,-92.0,-91.0,-89.0,-78.0,-70.0,-61.0,-55.0,-42.0,-15.0,0.0
37,41.0,42.0,43.0,45.0,55.0,56.0,51.0,39.0,39.0,51.0,75.0,85.0,93.0,82.0,74.0,0.0
55,93.0,108.0,93.0,-15.0,-38.0,-18.0,12.0,10.0,0.0,-4.0,20.0,17.0,-6.0,-57.0,-67.0,0.0
141,163.0,173.0,164.0,142.0,115.0,80.0,55.0,36.0,40.0,34.0,44.0,59.0,77.0,96.0,117.0,0.0
-106,-100.0,-86.0,-72.0,-57.0,-38.0,-26.0,-18.0,-14.0,1.0,-4.0,-34.0,-77.0,-110.0,-127.0,-132.0,0.0
43,55.0,80.0,90.0,88.0,78.0,69.0,61.0,52.0,44.0,30.0,17.0,9.0,9.0,4.0,6.0,0.0
51,52.0,32.0,-5.0,-39.0,-51.0,-60.0,-78.0,-99.0,-120.0,-120.0,-102.0,-48.0,10.0,59.0,79.0,0.0
108,54.0,-1.0,-40.0,-66.0,-71.0,-50.0,-19.0,-13.0,-16.0,-15.0,-6.0,7.0,14.0,22.0,7.0,0.0
201,196.0,166.0,105.0,37.0,-38.0,-93.0,-117.0,-105.0,-80.0,-59.0,-38.0,-27.0,-20.0,-11.0,-1.0,0.0
-28,-22.0,-17.0,-9.0,-1.0,12.0,31.0,40.0,34.0,32.0,35.0,41.0,50.0,52.0,29.0,-10.0,0.0
-21,105.0,117.0,85.0,40.0,-11.0,-82.0,-111.0,-114.0,-119.0,-78.0,-20.0,16.0,34.0,56.0,63.0,0.0
-36,-28.0,-5.0,13.0,33.0,45.0,51.0,43.0,40.0,26.0,7.0,7.0,14.0,19.0,13.0,11.0,0.0
95,111.0,95.0,61.0,22.0,-11.0,-14.0,-13.0,-21.0,-33.0,-46.0,-46.0,-20.0,31.0,73.0,82.0,0.0
32,42.0,31.0,4.0,-20.0,-28.0,-29.0,-20.0,-18.0,-30.0,-44.0,-45.0,-31.0,-19.0,-15.0,-17.0,0.0
-79,-78.0,-79.0,-74.0,-53.0,-13.0,37.0,86.0,127.0,141.0,116.0,43.0,-31.0,-103.0,-144.0,-154.0,0.0
37,82.0,109.0,120.0,118.0,119.0,104.0,68.0,10.0,-49.0,-87.0,-104.0,-93.0,-54.0,-21.0,40.0,0.0
38,26.0,42.0,32.0,9.0,-3.0,7.0,13.0,1.0,-22.0,-53.0,-21.0,-23.0,-36.0,-43.0,-24.0,0.0
-132,-80.0,-32.0,7.0,45.0,80.0,105.0,124.0,122.0,115.0,69.0,4.0,-89.0,-181.0,-236.0,-237.0,0.0
-48,-28.0,-7.0,6.0,15.0,5.0,-16.0,-21.0,-16.0,6.0,22.0,29.0,21.0,4.0,0.0,-5.0,0.0
-69,-50.0,-20.0,4.0,44.0,91.0,84.0,49.0,14.0,-32.0,-71.0,-92.0,-96.0,-105.0,-91.0,-58.0,0.0
-33,-31.0,-28.0,-16.0,-11.0,-1.0,19.0,8.0,-15.0,-38.0,-38.0,-31.0,-17.0,2.0,1.0,-10.0,0.0
45,44.0,22.0,-6.0,-73.0,-122.0,-143.0,-178.0,-179.0,-125.0,-57.0,-28.0,-15.0,-27.0,-60.0,-88.0,0.0
-16,-14.0,-2.0,12.0,21.0,31.0,36.0,42.0,30.0,1.0,-40.0,-68.0,-86.0,-101.0,-98.0,-95.0,0.0
-3,27.0,39.0,29.0,14.0,23.0,-1.0,-36.0,-49.0,-42.0,-40.0,-21.0,15.0,28.0,24.0,11.0,0.0
-18,6.0,37.0,64.0,84.0,96.0,82.0,64.0,41.0,24.0,-1.0,-16.0,-22.0,-22.0,-20.0,-24.0,0.0
-84,-22.0,39.0,84.0,98.0,97.0,75.0,62.0,45.0,26.0,12.0,-10.0,-38.0,-67.0,-87.0,-100.0,0.0
-87,-75.0,-62.0,-40.0,-29.0,-3.0,10.0,0.0,-9.0,-12.0,0.0,31.0,45.0,49.0,47.0,40.0,0.0
33,26.0,4.0,-15.0,-11.0,-5.0,15.0,23.0,29.0,14.0,7.0,10.0,14.0,23.0,31.0,26.0,0.0
-134,-99.0,-74.0,-62.0,-50.0,-24.0,-3.0,20.0,31.0,22.0,-10.0,-52.0,-98.0,-141.0,-166.0,-170.0,0.0
-40,-15.0,17.0,35.0,28.0,6.0,-24.0,-72.0,-110.0,-127.0,-117.0,-95.0,-71.0,-64.0,-73.0,-66.0,0.0
-26,-19.0,-15.0,-19.0,-17.0,-9.0,-7.0,4.0,11.0,12.0,6.0,8.0,9.0,16.0,20.0,18.0,0.0
-34,-16.0,27.0,68.0,98.0,93.0,62.0,-4.0,-74.0,-127.0,-154.0,-152.0,-128.0,-93.0,-59.0,-26.0,0.0
19,13.0,16.0,13.0,14.0,7.0,-7.0,-12.0,5.0,27.0,30.0,11.0,-9.0,-17.0,9.0,59.0,0.0
64,68.0,57.0,37.0,26.0,25.0,34.0,45.0,48.0,45.0,48.0,63.0,76.0,84.0,74.0,44.0,0.0
-43,-17.0,20.0,55.0,65.0,59.0,29.0,-1.0,-32.0,-53.0,-80.0,-114.0,-124.0,-111.0,-69.0,-14.0,0.0
-4,45.0,98.0,95.0,43.0,-47.0,-107.0,-168.0,-180.0,-184.0,-187.0,-183.0,-150.0,-107.0,-43.0,38.0,0.0
120,50.0,-15.0,-64.0,-105.0,-111.0,-73.0,-7.0,49.0,110.0,128.0,96.0,65.0,33.0,-2.0,-24.0,0.0
-77,-80.0,-87.0,-94.0,-94.0,-80.0,-61.0,-47.0,-24.0,-5.0,11.0,32.0,56.0,70.0,64.0,49.0,0.0
4,-20.0,-39.0,-69.0,-92.0,-80.0,-47.0,-1.0,49.0,75.0,65.0,18.0,-18.0,-45.0,-66.0,-77.0,0.0
-92,-90.0,-94.0,-67.0,-53.0,-53.0,-33.0,11.0,0.0,-33.0,-66.0,-104.0,-123.0,-96.0,-55.0,-56.0,0.0
-33,-32.0,-7.0,3.0,11.0,14.0,-6.0,-13.0,4.0,28.0,18.0,2.0,-8.0,-15.0,-21.0,-16.0,0.0
-16,-21.0,-38.0,-55.0,-42.0,-10.0,21.0,32.0,30.0,12.0,0.0,-4.0,20.0,38.0,40.0,6.0,0.0
41,48.0,43.0,41.0,50.0,78.0,97.0,85.0,62.0,41.0,34.0,30.0,37.0,37.0,31.0,19.0,0.0
-81,-24.0,40.0,91.0,103.0,103.0,84.0,52.0,-3.0,-65.0,-120.0,-171.0,-194.0,-193.0,-162.0,-102.0,0.0
5,18.0,21.0,20.0,18.0,13.0,7.0,-6.0,-22.0,-40.0,-54.0,-47.0,-31.0,-12.0,3.0,20.0,0.0
-106,-132.0,-140.0,-127.0,-103.0,-76.0,-61.0,-54.0,-57.0,-56.0,-29.0,12.0,58.0,85.0,83.0,34.0,0.0
53,72.0,86.0,88.0,57.0,0.0,-49.0,-91.0,-116.0,-125.0,-125.0,-127.0,-120.0,-105.0,-84.0,-55.0,0.0
36,39.0,16.0,-6.0,-21.0,-1.0,42.0,53.0,89.0,116.0,70.0,18.0,-11.0,-2.0,68.0,120.0,0.0
-43,-28.0,1.0,31.0,57.0,74.0,88.0,91.0,92.0,89.0,79.0,58.0,32.0,9.0,-23.0,-38.0,0.0
138,159.0,169.0,152.0,137.0,109.0,51.0,-6.0,-54.0,-83.0,-93.0,-88.0,-76.0,-38.0,17.0,87.0,0.0
6,61.0,111.0,128.0,115.0,86.0,76.0,81.0,70.0,39.0,3.0,-38.0,-69.0,-75.0,-70.0,-51.0,0.0
-28,1.0,22.0,39.0,49.0,45.0,28.0,1.0,-15.0,-27.0,-30.0,-27.0,-20.0,-17.0,-17.0,0.0,0.0
25,25.0,22.0,10.0,-5.0,-11.0,-7.0,-7.0,-9.0,-22.0,-38.0,-47.0,-42.0,-24.0,-17.0,-8.0,0.0
31,35.0,49.0,49.0,46.0,43.0,39.0,27.0,13.0,3.0,-4.0,-14.0,-27.0,-35.0,-40.0,-38.0,0.0
-58,-85.0,-94.0,-83.0,-56.0,-18.0,25.0,65.0,103.0,128.0,132.0,117.0,89.0,65.0,34.0,7.0,0.0
102,62.0,45.0,-6.0,-46.0,1.0,45.0,50.0,57.0,99.0,122.0,103.0,87.0,71.0,39.0,13.0,0.0
-22,-11.0,1.0,19.0,22.0,19.0,19.0,11.0,-10.0,-32.0,-35.0,-30.0,-22.0,-19.0,-20.0,-5.0,0.0
6,32.0,22.0,34.0,30.0,25.0,9.0,2.0,-15.0,7.0,36.0,12.0,-8.0,-13.0,-27.0,-14.0,0.0
-45,-3.0,34.0,74.0,85.0,66.0,31.0,-2.0,-45.0,-92.0,-131.0,-156.0,-149.0,-108.0,-50.0,-4.0,0.0
-48,-52.0,-26.0,9.0,22.0,26.0,10.0,-8.0,-24.0,-41.0,-28.0,-24.0,-21.0,-27.0,-37.0,-27.0,0.0
70,104.0,132.0,133.0,158.0,100.0,49.0,36.0,8.0,-26.0,-28.0,4.0,43.0,13.0,12.0,76.0,0.0
-52,-94.0,-128.0,-151.0,-165.0,-163.0,-149.0,-133.0,-107.0,-66.0,-24.0,13.0,31.0,30.0,4.0,-20.0,0.0
-151,-132.0,-96.0,-34.0,35.0,110.0,153.0,172.0,140.0,79.0,15.0,-44.0,-89.0,-126.0,-142.0,-157.0,0.0
-12,10.0,37.0,30.0,37.0,60.0,44.0,-5.0,-16.0,-6.0,1.0,20.0,54.0,63.0,28.0,11.0,0.0
-26,-26.0,-29.0,-27.0,-21.0,-26.0,-40.0,-58.0,-66.0,-77.0,-77.0,-69.0,-51.0,-35.0,-16.0,7.0,0.0
-95,-84.0,-59.0,-40.0,-37.0,-27.0,-10.0,4.0,12.0,19.0,27.0,31.0,26.0,19.0,-7.0,-28.0,0.0
37,46.0,34.0,19.0,0.0,-1.0,20.0,41.0,46.0,37.0,39.0,43.0,53.0,60.0,63.0,51.0,0.0
-21,-32.0,-32.0,-25.0,-13.0,-4.0,-3.0,-2.0,4.0,21.0,49.0,85.0,100.0,89.0,63.0,32.0,0.0
38,17.0,11.0,12.0,26.0,42.0,54.0,46.0,21.0,-4.0,-15.0,-11.0,-1.0,22.0,35.0,34.0,0.0
38,22.0,-4.0,-23.0,-28.0,-30.0,-40.0,-47.0,-4.0,22.0,38.0,66.0,87.0,78.0,54.0,49.0,0.0
-6,27.0,39.0,60.0,54.0,25.0,-2.0,-43.0,-70.0,-92.0,-102.0,-74.0,-20.0,14.0,32.0,58.0,0.0
-69,-93.0,-107.0,-94.0,-83.0,-67.0,-53.0,-34.0,-13.0,12.0,37.0,28.0,6.0,-17.0,-43.0,-59.0,0.0
-58,-105.0,-140.0,-144.0,-128.0,-75.0,-8.0,58.0,92.0,109.0,102.0,113.0,137.0,126.0,87.0,24.0,0.0
2,-49.0,-81.0,-87.0,-76.0,-58.0,-37.0,-32.0,-30.0,-31.0,-14.0,13.0,30.0,38.0,30.0,25.0,0.0
56,20.0,1.0,1.0,8.0,17.0,19.0,15.0,17.0,32.0,39.0,63.0,83.0,104.0,116.0,121.0,0.0
9,17.0,13.0,-2.0,-32.0,-50.0,-72.0,-91.0,-114.0,-118.0,-111.0,-98.0,-76.0,-46.0,-21.0,-10.0,0.0
14,34.0,50.0,55.0,43.0,27.0,6.0,-25.0,-65.0,-97.0,-111.0,-108.0,-91.0,-62.0,-28.0,-6.0,0.0
79,84.0,82.0,52.0,27.0,-5.0,-11.0,7.0,36.0,52.0,59.0,60.0,51.0,35.0,20.0,20.0,0.0
-50,-45.0,-42.0,-49.0,-73.0,-87.0,-74.0,-46.0,-6.0,28.0,46.0,47.0,57.0,62.0,51.0,29.0,0.0
-37,-42.0,-19.0,8.0,32.0,49.0,58.0,53.0,42.0,19.0,-15.0,-48.0,-71.0,-78.0,-73.0,-48.0,0.0
74,62.0,50.0,21.0,-22.0,-57.0,-94.0,-114.0,-112.0,-79.0,-37.0,0.0,36.0,51.0,54.0,47.0,0.0
-48,-39.0,-19.0,7.0,43.0,89.0,107.0,102.0,73.0,30.0,8.0,-3.0,-27.0,-43.0,-44.0,-61.0,0.0
11,-2.0,-6.0,-15.0,-11.0,-1.0,18.0,24.0,22.0,18.0,18.0,12.0,10.0,7.0,-6.0,-40.0,0.0
-99,-77.0,-50.0,-28.0,6.0,35.0,49.0,52.0,34.0,5.0,-18.0,-18.0,-35.0,-79.0,-135.0,-162.0,0.0
28,7.0,2.0,-19.0,-9.0,10.0,39.0,46.0,46.0,45.0,40.0,29.0,13.0,-2.0,-4.0,16.0,0.0
74,86.0,45.0,-11.0,-45.0,-50.0,-35.0,-8.0,2.0,-13.0,-37.0,-58.0,-65.0,-64.0,-31.0,21.0,0.0
-120,-144.0,-143.0,-127.0,-101.0,-65.0,-16.0,29.0,76.0,131.0,178.0,186.0,152.0,89.0,20.0,-31.0,0.0
39,43.0,30.0,19.0,-13.0,-42.0,-44.0,-26.0,-16.0,8.0,36.0,47.0,49.0,29.0,-7.0,-48.0,0.0
27,22.0,18.0,8.0,-25.0,-25.0,-22.0,-25.0,-33.0,-33.0,-30.0,-18.0,-1.0,-3.0,-18.0,-43.0,0.0
-78,-96.0,-97.0,-79.0,-55.0,-32.0,-1.0,18.0,26.0,23.0,-3.0,-25.0,-44.0,-53.0,-61.0,-78.0,0.0
57,17.0,-16.0,-39.0,-36.0,-32.0,-29.0,-21.0,-23.0,-13.0,5.0,-1.0,-35.0,-77.0,-75.0,-62.0,0.0
-97,-177.0,-220.0,-233.0,-214.0,-162.0,-83.0,-6.0,48.0,70.0,66.0,53.0,19.0,-25.0,-69.0,-121.0,0.0
-104,-152.0,-181.0,-192.0,-179.0,-148.0,-100.0,-36.0,30.0,105.0,153.0,160.0,135.0,96.0,45.0,-13.0,0.0
-112,-102.0,-96.0,-103.0,-74.0,-31.0,-2.0,23.0,24.0,-6.0,-38.0,-42.0,-28.0,-21.0,3.0,37.0,0.0
-134,-103.0,-55.0,-24.0,-4.0,4.0,9.0,13.0,20.0,34.0,32.0,32.0,39.0,27.0,16.0,9.0,0.0
69,0.0,-62.0,-87.0,-83.0,-76.0,-66.0,-52.0,-21.0,13.0,43.0,68.0,53.0,-4.0,-105.0,-218.0,0.0
-100,-66.0,-21.0,9.0,20.0,3.0,-19.0,-42.0,-62.0,-67.0,-75.0,-75.0,-72.0,-65.0,-60.0,-50.0,0.0
-23,-26.0,-11.0,3.0,23.0,30.0,34.0,32.0,21.0,11.0,5.0,4.0,1.0,0.0,1.0,4.0,0.0
72,64.0,16.0,-26.0,-38.0,-31.0,-19.0,6.0,53.0,73.0,58.0,24.0,-17.0,-55.0,-44.0,3.0,0.0
-66,-38.0,-12.0,11.0,43.0,52.0,14.0,-30.0,-34.0,-47.0,-59.0,-66.0,-77.0,-66.0,-31.0,-13.0,0.0
-18,7.0,19.0,31.0,23.0,0.0,-32.0,-59.0,-75.0,-75.0,-61.0,-52.0,-51.0,-52.0,-43.0,-23.0,0.0
62,85.0,92.0,56.0,-4.0,-37.0,-31.0,-27.0,-18.0,8.0,37.0,40.0,36.0,7.0,-37.0,-61.0,0.0
-99,-89.0,-55.0,-38.0,-63.0,-128.0,-197.0,-230.0,-229.0,-194.0,-162.0,-144.0,-116.0,-66.0,-5.0,32.0,0.0
-40,-39.0,-22.0,-4.0,-3.0,-6.0,-15.0,-26.0,-35.0,-18.0,7.0,6.0,1.0,-12.0,-15.0,-21.0,0.0
-66,-30.0,-3.0,-10.0,-30.0,-53.0,-63.0,-55.0,-60.0,-73.0,-93.0,-87.0,-66.0,-28.0,16.0,53.0,0.0
8,0.0,2.0,-7.0,-8.0,-15.0,-14.0,-23.0,-22.0,-17.0,-13.0,-27.0,-40.0,-45.0,-41.0,-36.0,0.0
-22,-2.0,26.0,55.0,73.0,69.0,28.0,-37.0,-107.0,-166.0,-196.0,-207.0,-201.0,-195.0,-188.0,-162.0,0.0
-12,2.0,38.0,56.0,66.0,81.0,97.0,118.0,116.0,104.0,88.0,70.0,59.0,52.0,47.0,27.0,0.0
-111,-75.0,-79.0,-102.0,-114.0,-138.0,-157.0,-150.0,-140.0,-93.0,-39.0,13.0,19.0,7.0,10.0,9.0,0.0
48,57.0,41.0,-1.0,-15.0,-7.0,1.0,-13.0,-11.0,17.0,60.0,102.0,107.0,61.0,4.0,-30.0,0.0
-63,-59.0,-43.0,-25.0,-5.0,25.0,45.0,51.0,49.0,33.0,10.0,-12.0,-30.0,-51.0,-68.0,-73.0,0.0
-135,-173.0,-185.0,-176.0,-141.0,-88.0,-11.0,61.0,120.0,151.0,139.0,100.0,41.0,-7.0,-54.0,-91.0,0.0
83,94.0,102.0,89.0,76.0,61.0,55.0,50.0,60.0,58.0,56.0,56.0,63.0,74.0,68.0,72.0,0.0
-53,-62.0,-57.0,-31.0,8.0,35.0,46.0,49.0,40.0,22.0,-3.0,-31.0,-56.0,-72.0,-78.0,-79.0,0.0
10,4.0,2.0,2.0,-4.0,-5.0,-2.0,11.0,30.0,63.0,96.0,110.0,109.0,104.0,85.0,64.0,0.0
6,2.0,-16.0,-30.0,-47.0,-71.0,-105.0,-128.0,-148.0,-161.0,-156.0,-126.0,-85.0,-55.0,-23.0,-11.0,0.0
-33,-11.0,-5.0,-18.0,5.0,18.0,38.0,37.0,41.0,52.0,95.0,72.0,29.0,-3.0,-36.0,-13.0,0.0
34,10.0,1.0,-9.0,-37.0,-73.0,-77.0,-69.0,-57.0,-24.0,-14.0,6.0,16.0,20.0,-2.0,-40.0,0.0
-23,-14.0,-1.0,-3.0,8.0,7.0,-1.0,-15.0,-29.0,-44.0,-51.0,-39.0,-21.0,-2.0,20.0,42.0,0.0
-18,-12.0,-11.0,-14.0,-18.0,-2.0,17.0,43.0,55.0,32.0,-18.0,-78.0,-98.0,-80.0,-33.0,25.0,0.0
41,10.0,-47.0,-92.0,-93.0,-64.0,-34.0,-19.0,-47.0,-77.0,-88.0,-64.0,-30.0,-9.0,-9.0,-23.0,0.0
30,22.0,16.0,1.0,-12.0,-23.0,-31.0,-29.0,-19.0,-5.0,1.0,4.0,5.0,-1.0,1.0,5.0,0.0
-28,-36.0,-37.0,-44.0,-53.0,-55.0,-79.0,-92.0,-99.0,-89.0,-53.0,17.0,75.0,87.0,52.0,8.0,0.0
73,30.0,2.0,-24.0,-44.0,-52.0,-61.0,-40.0,1.0,43.0,65.0,54.0,1.0,-35.0,-50.0,-9.0,0.0
18,3.0,-6.0,-36.0,-66.0,-41.0,-26.0,-19.0,-33.0,-57.0,-63.0,-35.0,2.0,37.0,69.0,59.0,0.0
30,31.0,40.0,54.0,51.0,32.0,35.0,25.0,-4.0,-41.0,-56.0,-69.0,-65.0,-31.0,7.0,32.0,0.0
-129,-159.0,-169.0,-19.0,8.0,23.0,43.0,73.0,97.0,110.0,103.0,91.0,71.0,55.0,53.0,55.0,0.0
124,92.0,58.0,20.0,-21.0,-38.0,-47.0,-69.0,-74.0,-58.0,-29.0,4.0,30.0,50.0,73.0,75.0,0.0
107,122.0,139.0,143.0,133.0,111.0,84.0,49.0,13.0,4.0,18.0,47.0,77.0,102.0,103.0,80.0,0.0
-170,-105.0,-24.0,50.0,134.0,179.0,168.0,112.0,31.0,-40.0,-78.0,-94.0,-106.0,-103.0,-96.0,-101.0,0.0
42,37.0,46.0,41.0,55.0,71.0,77.0,62.0,30.0,23.0,24.0,27.0,22.0,23.0,34.0,65.0,0.0
59,39.0,28.0,19.0,13.0,1.0,-49.0,-99.0,-165.0,-217.0,-253.0,-254.0,-219.0,-150.0,-64.0,7.0,0.0
-18,-30.0,-18.0,-5.0,-10.0,-12.0,-24.0,-47.0,-48.0,-22.0,2.0,-1.0,56.0,157.0,181.0,137.0,0.0
11,56.0,106.0,145.0,173.0,188.0,185.0,163.0,118.0,50.0,-7.0,-41.0,-63.0,-79.0,-84.0,-71.0,0.0
51,92.0,50.0,113.0,157.0,139.0,91.0,74.0,73.0,87.0,62.0,47.0,61.0,85.0,102.0,118.0,0.0
84,84.0,68.0,41.0,17.0,-17.0,-55.0,-86.0,-101.0,-104.0,-89.0,-62.0,-29.0,-11.0,0.0,2.0,0.0
92,151.0,176.0,166.0,113.0,54.0,-4.0,-42.0,-54.0,-47.0,-25.0,-3.0,10.0,21.0,40.0,94.0,0.0
-82,-51.0,-14.0,19.0,9.0,-18.0,-17.0,-29.0,-33.0,-27.0,4.0,37.0,50.0,50.0,31.0,-5.0,0.0
30,1.0,-43.0,-87.0,-83.0,-61.0,-31.0,25.0,93.0,110.0,76.0,19.0,-53.0,-96.0,-98.0,-73.0,0.0
-103,-147.0,-188.0,-197.0,-157.0,-78.0,4.0,80.0,129.0,155.0,151.0,125.0,74.0,20.0,-28.0,-88.0,0.0
97,101.0,81.0,77.0,75.0,74.0,81.0,102.0,121.0,133.0,119.0,80.0,68.0,73.0,105.0,115.0,0.0
-54,-42.0,-11.0,-1.0,-1.0,3.0,-24.0,-70.0,-85.0,-81.0,-76.0,-47.0,6.0,20.0,-1.0,-5.0,0.0
4,0.0,-18.0,-20.0,-5.0,7.0,16.0,18.0,21.0,30.0,33.0,26.0,-9.0,-31.0,-38.0,-29.0,0.0
-1,3.0,-2.0,2.0,8.0,17.0,25.0,17.0,-5.0,-22.0,-23.0,-32.0,-34.0,-46.0,-56.0,-69.0,0.0
17,-5.0,-32.0,-40.0,-30.0,-5.0,34.0,67.0,90.0,94.0,88.0,63.0,35.0,14.0,-9.0,-24.0,0.0
-55,-49.0,-44.0,-41.0,-39.0,-25.0,-21.0,-5.0,1.0,-4.0,-24.0,-41.0,-40.0,-44.0,-43.0,-54.0,0.0
30,49.0,57.0,48.0,40.0,24.0,9.0,11.0,17.0,22.0,13.0,8.0,-15.0,-46.0,-77.0,-83.0,0.0
-58,-27.0,-1.0,8.0,22.0,58.0,59.0,37.0,10.0,-31.0,-69.0,-106.0,-89.0,-67.0,-42.0,-30.0,0.0
-120,-120.0,-81.0,-29.0,18.0,40.0,54.0,57.0,71.0,97.0,124.0,135.0,114.0,62.0,-11.0,-98.0,0.0
-59,-53.0,-34.0,-31.0,-39.0,-57.0,-64.0,-73.0,-75.0,-71.0,-44.0,-37.0,-6.0,4.0,-9.0,-18.0,0.0
-24,-21.0,-9.0,5.0,31.0,57.0,79.0,87.0,78.0,72.0,48.0,15.0,-23.0,-54.0,-74.0,-78.0,0.0
43,63.0,67.0,53.0,30.0,12.0,19.0,31.0,35.0,29.0,3.0,-22.0,-33.0,-39.0,-39.0,-45.0,0.0
10,-2.0,-17.0,-49.0,-75.0,-94.0,-113.0,-129.0,-143.0,-144.0,-138.0,-112.0,-82.0,-57.0,-26.0,5.0,0.0
-60,-54.0,-64.0,-73.0,-82.0,-59.0,-21.0,4.0,13.0,23.0,0.0,-11.0,3.0,21.0,51.0,47.0,0.0
-15,6.0,34.0,31.0,0.0,-24.0,-54.0,-87.0,-100.0,-91.0,-90.0,-79.0,-60.0,-56.0,-62.0,-69.0,0.0
38,60.0,71.0,82.0,84.0,48.0,9.0,1.0,0.0,9.0,51.0,100.0,114.0,101.0,95.0,72.0,0.0
113,86.0,59.0,37.0,15.0,-11.0,-16.0,-18.0,-18.0,-32.0,-38.0,-29.0,-8.0,20.0,63.0,103.0,0.0
42,116.0,127.0,83.0,32.0,-15.0,-67.0,-91.0,-90.0,-86.0,-75.0,-90.0,-64.0,12.0,51.0,51.0,0.0
74,86.0,82.0,54.0,26.0,1.0,-9.0,-21.0,-19.0,-9.0,-11.0,-26.0,-41.0,-32.0,-19.0,-3.0,0.0
-4,3.0,-6.0,-54.0,-105.0,-130.0,-105.0,-86.0,-51.0,-30.0,-26.0,-22.0,-23.0,8.0,37.0,53.0,0.0
-94,-69.0,-31.0,-5.0,30.0,69.0,101.0,98.0,59.0,13.0,-26.0,-40.0,-44.0,-61.0,-84.0,-86.0,0.0
8,-4.0,-36.0,-66.0,-77.0,-73.0,-55.0,-44.0,-31.0,-41.0,-50.0,-47.0,-34.0,-21.0,-5.0,-13.0,0.0
62,50.0,30.0,23.0,18.0,10.0,6.0,15.0,29.0,37.0,40.0,32.0,6.0,-7.0,-7.0,0.0,0.0
27,61.0,107.0,151.0,162.0,120.0,21.0,-100.0,-211.0,-259.0,-246.0,-200.0,-156.0,-117.0,-80.0,-54.0,0.0
-36,-53.0,-61.0,-76.0,-80.0,-69.0,-47.0,-26.0,-3.0,24.0,51.0,77.0,85.0,77.0,48.0,14.0,0.0
-64,-59.0,-40.0,-20.0,-5.0,31.0,62.0,89.0,143.0,180.0,167.0,118.0,71.0,9.0,-27.0,-24.0,0.0
-10,10.0,41.0,77.0,93.0,97.0,63.0,29.0,4.0,-19.0,-50.0,-76.0,-92.0,-102.0,-93.0,-74.0,0.0
101,77.0,52.0,27.0,20.0,5.0,-6.0,-21.0,-42.0,-59.0,-68.0,-59.0,-41.0,-19.0,18.0,37.0,0.0
198,150.0,61.0,-25.0,-73.0,-101.0,-102.0,-21.0,50.0,85.0,114.0,99.0,57.0,8.0,-33.0,-59.0,0.0
-122,-90.0,-63.0,-27.0,8.0,48.0,81.0,86.0,81.0,58.0,23.0,-35.0,-94.0,-135.0,-149.0,-145.0,0.0
-34,-38.0,-32.0,-12.0,14.0,28.0,44.0,55.0,66.0,68.0,61.0,36.0,5.0,-12.0,-23.0,-13.0,0.0
80,95.0,88.0,62.0,34.0,-3.0,-36.0,-63.0,-86.0,-96.0,-87.0,-59.0,-21.0,17.0,39.0,42.0,0.0
28,34.0,41.0,32.0,18.0,6.0,5.0,9.0,-4.0,-16.0,-42.0,-62.0,-67.0,-68.0,-74.0,-84.0,0.0
-102,-72.0,-41.0,-5.0,8.0,-2.0,-26.0,-56.0,-75.0,-80.0,-66.0,-54.0,-52.0,-51.0,-43.0,-49.0,0.0
11,27.0,23.0,11.0,-14.0,-37.0,-58.0,-64.0,-68.0,-76.0,-78.0,-77.0,-72.0,-74.0,-58.0,-47.0,0.0
-47,-65.0,-95.0,-94.0,-68.0,-34.0,-6.0,32.0,71.0,71.0,51.0,43.0,26.0,-17.0,-38.0,-29.0,0.0
-65,-60.0,-38.0,-9.0,28.0,51.0,56.0,58.0,63.0,73.0,76.0,79.0,64.0,30.0,-14.0,-59.0,0.0
-222,-246.0,-244.0,-218.0,-165.0,-85.0,2.0,77.0,119.0,135.0,113.0,44.0,-56.0,-170.0,-257.0,-305.0,0.0
-91,-63.0,-39.0,-25.0,3.0,43.0,80.0,103.0,86.0,28.0,-43.0,-101.0,-109.0,-93.0,-63.0,-32.0,0.0
-2,3.0,1.0,-18.0,-48.0,-73.0,-80.0,-56.0,-9.0,48.0,80.0,89.0,75.0,50.0,18.0,-1.0,0.0
-34,-42.0,-56.0,-65.0,-57.0,-13.0,29.0,64.0,73.0,31.0,-29.0,-89.0,-115.0,-139.0,-161.0,-144.0,0.0
-6,12.0,16.0,1.0,-36.0,-79.0,-112.0,-121.0,-135.0,-136.0,-107.0,-83.0,-60.0,-57.0,-77.0,-121.0,0.0
117,116.0,94.0,47.0,-12.0,-67.0,-105.0,-137.0,-168.0,-152.0,-117.0,-71.0,-24.0,2.0,16.0,19.0,0.0
4,-58.0,-105.0,-94.0,-53.0,-19.0,5.0,15.0,12.0,29.0,61.0,62.0,19.0,-22.0,-49.0,-73.0,0.0
46,59.0,66.0,68.0,75.0,87.0,90.0,86.0,92.0,88.0,76.0,65.0,52.0,57.0,71.0,83.0,0.0
-281,-234.0,-166.0,-93.0,-22.0,55.0,109.0,137.0,115.0,80.0,54.0,50.0,37.0,-3.0,-53.0,-111.0,0.0
17,24.0,14.0,-2.0,-19.0,-27.0,-27.0,-19.0,-1.0,13.0,14.0,8.0,3.0,-11.0,-25.0,-35.0,0.0
88,85.0,53.0,24.0,19.0,20.0,30.0,54.0,48.0,19.0,-4.0,-4.0,-10.0,-10.0,15.0,32.0,0.0
33,6.0,-26.0,-70.0,-114.0,-127.0,-127.0,-112.0,-86.0,-41.0,2.0,40.0,80.0,105.0,125.0,135.0,0.0
102,187.0,222.0,222.0,175.0,103.0,23.0,-54.0,-127.0,-180.0,-197.0,-187.0,-155.0,-98.0,-32.0,32.0,0.0
52,-10.0,-28.0,-38.0,-22.0,10.0,44.0,56.0,39.0,10.0,-10.0,-5.0,-11.0,-6.0,-14.0,-30.0,0.0
-20,-23.0,-25.0,-14.0,-7.0,-8.0,-1.0,20.0,50.0,66.0,52.0,13.0,-29.0,-57.0,-41.0,-13.0,0.0
-177,-158.0,-115.0,-77.0,-27.0,-3.0,22.0,16.0,-14.0,-70.0,-117.0,-156.0,-164.0,-160.0,-141.0,-129.0,0.0
47,16.0,-30.0,-56.0,-41.0,11.0,48.0,48.0,26.0,-5.0,-10.0,13.0,42.0,45.0,13.0,-20.0,0.0
-1,3.0,8.0,21.0,27.0,24.0,24.0,35.0,35.0,25.0,13.0,3.0,-7.0,-11.0,0.0,10.0,0.0
-15,-2.0,32.0,46.0,55.0,43.0,26.0,9.0,-21.0,-19.0,-50.0,-61.0,-56.0,-60.0,-33.0,-17.0,0.0
-61,-40.0,-9.0,7.0,5.0,-26.0,-61.0,-86.0,-99.0,-82.0,-49.0,-12.0,-5.0,-10.0,-22.0,-41.0,0.0
1,-27.0,-33.0,-9.0,-21.0,-24.0,11.0,34.0,23.0,8.0,11.0,-20.0,-35.0,-8.0,20.0,11.0,0.0
-6,-25.0,-31.0,-14.0,-50.0,4.0,47.0,49.0,22.0,-53.0,-74.0,-51.0,-55.0,-52.0,-23.0,2.0,0.0
-2,-8.0,-10.0,-23.0,-18.0,-29.0,-40.0,-37.0,-26.0,-18.0,2.0,-15.0,-41.0,-54.0,-68.0,-78.0,0.0
201,175.0,127.0,54.0,-16.0,-71.0,-96.0,-94.0,-57.0,2.0,37.0,48.0,38.0,36.0,47.0,71.0,0.0
13,-9.0,-43.0,-93.0,-134.0,-159.0,-156.0,-132.0,-105.0,-61.0,-12.0,35.0,67.0,81.0,73.0,30.0,0.0
-10,-14.0,-26.0,-52.0,-72.0,-85.0,-91.0,-71.0,-46.0,-16.0,-6.0,2.0,5.0,7.0,5.0,-5.0,0.0
57,27.0,-10.0,-43.0,-74.0,-87.0,-94.0,-93.0,-81.0,-61.0,-35.0,-15.0,7.0,18.0,16.0,5.0,0.0
90,50.0,7.0,-59.0,-124.0,-145.0,-147.0,-130.0,-93.0,-41.0,9.0,58.0,86.0,71.0,56.0,24.0,0.0
-216,-193.0,-148.0,-100.0,-53.0,-12.0,26.0,67.0,97.0,116.0,108.0,107.0,65.0,-8.0,-92.0,-141.0,0.0
-2,-24.0,-64.0,-47.0,-23.0,-12.0,13.0,10.0,-41.0,-95.0,-116.0,-139.0,-147.0,-135.0,-77.0,-48.0,0.0
3,19.0,38.0,65.0,70.0,83.0,94.0,102.0,99.0,83.0,63.0,29.0,13.0,5.0,11.0,21.0,0.0
12,9.0,-24.0,-56.0,-59.0,-48.0,-21.0,-3.0,9.0,45.0,45.0,23.0,-26.0,-74.0,-68.0,-29.0,0.0
23,-18.0,-59.0,-98.0,-126.0,-141.0,-124.0,-83.0,-38.0,-6.0,30.0,63.0,63.0,44.0,2.0,-30.0,0.0
58,35.0,16.0,2.0,-6.0,-18.0,-28.0,-28.0,-37.0,-36.0,-31.0,-27.0,-25.0,-35.0,-44.0,-50.0,0.0
74,49.0,33.0,12.0,0.0,-22.0,-29.0,-29.0,-22.0,0.0,23.0,50.0,61.0,70.0,70.0,64.0,0.0
98,65.0,32.0,-24.0,-53.0,-31.0,1.0,26.0,64.0,96.0,85.0,55.0,17.0,-25.0,-47.0,-23.0,0.0
-37,-35.0,-56.0,-71.0,-73.0,-106.0,-105.0,-59.0,-2.0,36.0,53.0,52.0,29.0,2.0,-41.0,-74.0,0.0
-73,-31.0,10.0,25.0,18.0,-21.0,-71.0,-144.0,-213.0,-245.0,-242.0,-221.0,-195.0,-163.0,-118.0,-61.0,0.0
-65,-41.0,-23.0,-9.0,1.0,13.0,25.0,17.0,5.0,-16.0,-41.0,-76.0,-98.0,-101.0,-93.0,-78.0,0.0
7,-1.0,2.0,11.0,15.0,30.0,23.0,14.0,1.0,7.0,23.0,37.0,47.0,45.0,27.0,2.0,0.0
-35,12.0,53.0,78.0,59.0,22.0,-28.0,-67.0,-103.0,-143.0,-146.0,-149.0,-130.0,-107.0,-78.0,-57.0,0.0
8,10.0,0.0,-29.0,-42.0,-47.0,-43.0,-55.0,-53.0,-37.0,-9.0,12.0,27.0,11.0,-34.0,-82.0,0.0
2,2.0,25.0,44.0,43.0,37.0,70.0,101.0,139.0,184.0,252.0,283.0,296.0,291.0,235.0,129.0,0.0
-15,-12.0,-27.0,-50.0,-39.0,-2.0,90.0,151.0,182.0,181.0,143.0,65.0,14.0,10.0,33.0,43.0,0.0
22,36.0,37.0,33.0,5.0,-15.0,-28.0,-33.0,-41.0,-36.0,-19.0,-1.0,14.0,9.0,-10.0,-33.0,0.0
-24,5.0,32.0,49.0,39.0,32.0,20.0,14.0,16.0,24.0,24.0,14.0,10.0,9.0,11.0,8.0,0.0
-13,6.0,14.0,5.0,-25.0,-60.0,-97.0,-129.0,-157.0,-162.0,-157.0,-138.0,-123.0,-116.0,-106.0,-116.0,0.0
84,93.0,87.0,56.0,13.0,-42.0,-108.0,-165.0,-210.0,-224.0,-202.0,-145.0,-74.0,-19.0,29.0,55.0,0.0
12,24.0,30.0,32.0,42.0,50.0,39.0,36.0,27.0,15.0,-1.0,-12.0,-20.0,-36.0,-23.0,-7.0,0.0
-58,-68.0,-52.0,-43.0,-57.0,-51.0,-30.0,-42.0,-88.0,-86.0,-63.0,-54.0,-37.0,10.0,21.0,7.0,0.0
36,0.0,-36.0,-61.0,-71.0,-60.0,-38.0,-29.0,-31.0,-40.0,-30.0,-12.0,24.0,49.0,61.0,67.0,0.0
30,46.0,54.0,41.0,10.0,-8.0,-24.0,-36.0,-43.0,-43.0,-41.0,-50.0,-51.0,-64.0,-72.0,-70.0,0.0
-75,-26.0,3.0,17.0,27.0,49.0,51.0,34.0,-15.0,-73.0,-136.0,-180.0,-206.0,-200.0,-173.0,-134.0,0.0
22,25.0,25.0,16.0,13.0,9.0,5.0,0.0,-4.0,-7.0,-2.0,19.0,36.0,49.0,52.0,50.0,0.0
-32,-2.0,32.0,38.0,1.0,-38.0,-86.0,-84.0,-62.0,-50.0,-30.0,-43.0,-31.0,-22.0,-3.0,0.0,0.0
11,3.0,-2.0,3.0,18.0,41.0,46.0,40.0,12.0,-34.0,-73.0,-98.0,-106.0,-107.0,-88.0,-63.0,0.0
32,17.0,-9.0,-17.0,-12.0,6.0,28.0,50.0,76.0,86.0,91.0,88.0,80.0,63.0,49.0,44.0,0.0
11,-9.0,-13.0,-8.0,-3.0,46.0,60.0,61.0,63.0,64.0,69.0,68.0,54.0,70.0,68.0,1.0,0.0
-4,4.0,2.0,-1.0,-8.0,-25.0,-62.0,-82.0,-100.0,-102.0,-100.0,-88.0,-75.0,-74.0,-64.0,-65.0,0.0
-66,-58.0,-37.0,-9.0,20.0,36.0,57.0,68.0,59.0,41.0,18.0,1.0,-20.0,-40.0,-67.0,-100.0,0.0
46,13.0,-22.0,-40.0,-44.0,-60.0,-55.0,-19.0,16.0,53.0,89.0,114.0,98.0,60.0,11.0,-39.0,0.0
15,28.0,25.0,14.0,4.0,6.0,12.0,5.0,-12.0,-26.0,-33.0,-30.0,-13.0,19.0,30.0,36.0,0.0
-58,-79.0,-90.0,-85.0,-63.0,-23.0,16.0,32.0,40.0,47.0,51.0,53.0,51.0,46.0,25.0,6.0,0.0
-11,-44.0,-70.0,-43.0,-28.0,8.0,130.0,176.0,173.0,134.0,86.0,39.0,23.0,26.0,20.0,25.0,0.0
87,75.0,45.0,1.0,-34.0,-58.0,-68.0,-70.0,-74.0,-90.0,-98.0,-94.0,-73.0,-40.0,8.0,57.0,0.0
123,67.0,-12.0,-89.0,-143.0,-154.0,-134.0,-92.0,-54.0,-19.0,16.0,59.0,107.0,136.0,154.0,127.0,0.0
42,22.0,-3.0,-24.0,-41.0,-51.0,-36.0,-3.0,28.0,60.0,80.0,79.0,54.0,34.0,3.0,-14.0,0.0
6,36.0,43.0,18.0,-12.0,-39.0,-53.0,-50.0,-34.0,-11.0,0.0,-1.0,-17.0,-41.0,-54.0,-51.0,0.0
39,53.0,72.0,81.0,59.0,51.0,37.0,1.0,-29.0,-32.0,-41.0,-54.0,-30.0,34.0,71.0,76.0,0.0
65,2.0,-75.0,-116.0,-128.0,-136.0,-115.0,-83.0,-62.0,-49.0,-27.0,4.0,31.0,51.0,59.0,40.0,0.0
30,-11.0,-59.0,-107.0,-149.0,-173.0,-158.0,-125.0,-81.0,-36.0,8.0,38.0,50.0,57.0,44.0,23.0,0.0
49,58.0,68.0,75.0,81.0,73.0,72.0,65.0,48.0,22.0,-5.0,-45.0,-82.0,-98.0,-99.0,-77.0,0.0
67,56.0,8.0,-42.0,-75.0,-82.0,-51.0,8.0,64.0,94.0,108.0,95.0,42.0,-2.0,-34.0,-59.0,0.0
-1,11.0,60.0,93.0,94.0,84.0,60.0,24.0,-1.0,-1.0,-14.0,-37.0,-45.0,-28.0,3.0,77.0,0.0
-39,-30.0,-24.0,-14.0,-11.0,-24.0,-28.0,-36.0,-38.0,-31.0,-15.0,-1.0,11.0,12.0,3.0,-13.0,0.0
34,45.0,37.0,4.0,-30.0,-52.0,-86.0,-106.0,-125.0,-119.0,-115.0,-97.0,-81.0,-64.0,-32.0,4.0,0.0
25,42.0,44.0,40.0,32.0,30.0,8.0,-7.0,-15.0,-11.0,7.0,23.0,37.0,31.0,22.0,12.0,0.0
38,-56.0,-132.0,-176.0,-205.0,-199.0,-162.0,-127.0,-99.0,-68.0,-15.0,44.0,92.0,102.0,46.0,-53.0,0.0
-9,-19.0,-27.0,-35.0,-54.0,-58.0,-55.0,-48.0,-22.0,26.0,53.0,35.0,1.0,-44.0,-81.0,-110.0,0.0
51,47.0,23.0,-9.0,-30.0,-47.0,-42.0,-42.0,-40.0,-37.0,-35.0,-30.0,-31.0,-12.0,-4.0,1.0,0.0
-51,-14.0,38.0,73.0,77.0,50.0,7.0,-32.0,-56.0,-54.0,-62.0,-81.0,-94.0,-94.0,-73.0,-37.0,0.0
-28,-68.0,-92.0,-110.0,-112.0,-119.0,-122.0,-115.0,-94.0,-66.0,-22.0,34.0,67.0,81.0,60.0,23.0,0.0
-63,-49.0,-22.0,-38.0,-46.0,-17.0,10.0,14.0,10.0,3.0,-11.0,-7.0,14.0,3.0,-29.0,-47.0,0.0
-42,-64.0,-68.0,-50.0,-35.0,-14.0,7.0,22.0,31.0,29.0,34.0,31.0,31.0,31.0,16.0,-7.0,0.0
-61,-16.0,6.0,24.0,29.0,33.0,30.0,31.0,34.0,7.0,-9.0,-34.0,-54.0,-85.0,-112.0,-121.0,0.0
-16,-29.0,-7.0,4.0,-4.0,0.0,-23.0,-68.0,-82.0,-73.0,-72.0,-72.0,-34.0,2.0,19.0,35.0,0.0
-44,-53.0,-68.0,-85.0,-109.0,-120.0,-128.0,-120.0,-97.0,-58.0,-22.0,-2.0,16.0,24.0,21.0,-2.0,0.0
-43,-26.0,2.0,10.0,6.0,-24.0,-58.0,-90.0,-116.0,-125.0,-121.0,-102.0,-92.0,-72.0,-56.0,-42.0,0.0
92,68.0,41.0,31.0,50.0,63.0,59.0,28.0,-20.0,-54.0,-59.0,-38.0,-21.0,-9.0,-8.0,-8.0,0.0
14,1.0,11.0,23.0,-1.0,-34.0,-66.0,-96.0,-116.0,-109.0,-73.0,-52.0,-25.0,12.0,45.0,56.0,0.0
-144,-87.0,-46.0,-25.0,16.0,33.0,20.0,12.0,18.0,-4.0,-10.0,26.0,45.0,45.0,53.0,74.0,0.0
26,26.0,21.0,28.0,38.0,51.0,55.0,52.0,42.0,24.0,12.0,14.0,17.0,21.0,30.0,30.0,0.0
32,11.0,12.0,38.0,56.0,70.0,70.0,72.0,75.0,69.0,73.0,76.0,92.0,100.0,91.0,41.0,0.0
-7,-13.0,-36.0,-75.0,-114.0,-145.0,-147.0,-126.0,-88.0,-37.0,9.0,42.0,57.0,70.0,66.0,51.0,0.0
51,84.0,96.0,90.0,80.0,73.0,79.0,77.0,62.0,36.0,6.0,-9.0,-33.0,-49.0,-67.0,-78.0,0.0
47,61.0,69.0,67.0,46.0,15.0,-6.0,-14.0,-1.0,15.0,25.0,7.0,-20.0,-45.0,-49.0,-27.0,0.0
2,6.0,22.0,-4.0,15.0,50.0,49.0,61.0,70.0,81.0,53.0,26.0,21.0,-2.0,-15.0,-35.0,0.0
-55,-51.0,-37.0,-16.0,11.0,12.0,0.0,-22.0,-37.0,-54.0,-63.0,-68.0,-87.0,-96.0,-87.0,-65.0,0.0
-24,-10.0,6.0,21.0,37.0,57.0,64.0,59.0,45.0,25.0,-3.0,-27.0,-50.0,-56.0,-45.0,-12.0,0.0
-35,-58.0,-84.0,-104.0,-112.0,-111.0,-87.0,-48.0,1.0,23.0,41.0,51.0,61.0,64.0,42.0,-1.0,0.0
41,31.0,6.0,-40.0,-65.0,-70.0,-56.0,-41.0,-33.0,-35.0,-50.0,-64.0,-75.0,-78.0,-77.0,-49.0,0.0
32,33.0,36.0,44.0,53.0,62.0,83.0,104.0,137.0,151.0,158.0,149.0,118.0,94.0,73.0,66.0,0.0
-32,-27.0,-19.0,-16.0,-32.0,-46.0,-34.0,-11.0,3.0,-1.0,-4.0,-5.0,1.0,10.0,23.0,32.0,0.0
-25,-22.0,-36.0,-41.0,-40.0,-30.0,-10.0,-1.0,-10.0,-25.0,-30.0,-24.0,-12.0,3.0,18.0,13.0,0.0
35,34.0,40.0,23.0,-11.0,-29.0,-26.0,-27.0,-22.0,-5.0,14.0,19.0,25.0,38.0,37.0,30.0,0.0
49,24.0,-6.0,-17.0,-6.0,-16.0,-42.0,-93.0,-142.0,-173.0,-167.0,-128.0,-83.0,-42.0,-21.0,-15.0,0.0
11,9.0,10.0,15.0,31.0,56.0,52.0,43.0,53.0,47.0,12.0,7.0,17.0,20.0,27.0,35.0,0.0
55,40.0,15.0,-3.0,-30.0,-35.0,-32.0,3.0,49.0,81.0,109.0,104.0,96.0,98.0,99.0,91.0,0.0
52,31.0,5.0,-24.0,-40.0,-38.0,-9.0,19.0,43.0,51.0,38.0,25.0,30.0,57.0,79.0,88.0,0.0
61,16.0,-39.0,-92.0,-128.0,-143.0,-139.0,-125.0,-101.0,-74.0,-50.0,-19.0,-6.0,-14.0,-38.0,-70.0,0.0
-66,-77.0,-104.0,-156.0,-205.0,-221.0,-205.0,-162.0,-102.0,-40.0,-6.0,9.0,12.0,7.0,-13.0,-23.0,0.0
40,35.0,26.0,27.0,25.0,15.0,-4.0,-34.0,-50.0,-41.0,-7.0,24.0,54.0,71.0,75.0,66.0,0.0
-20,-82.0,-68.0,-101.0,-98.0,-36.0,-9.0,14.0,26.0,30.0,17.0,-24.0,-69.0,-117.0,-146.0,-142.0,0.0
32,17.0,-2.0,-18.0,-43.0,-80.0,-123.0,-134.0,-126.0,-111.0,-82.0,-50.0,-1.0,38.0,66.0,70.0,0.0
-57,11.0,52.0,67.0,55.0,52.0,39.0,4.0,-51.0,-114.0,-156.0,-191.0,-212.0,-228.0,-229.0,-204.0,0.0
5,-23.0,-55.0,-56.0,-26.0,-3.0,-21.0,-41.0,-45.0,-49.0,-13.0,28.0,33.0,20.0,13.0,13.0,0.0
-70,-86.0,-93.0,-81.0,-53.0,-21.0,-2.0,6.0,-1.0,5.0,24.0,44.0,40.0,22.0,-11.0,-47.0,0.0
13,37.0,45.0,54.0,45.0,29.0,12.0,-10.0,-19.0,7.0,57.0,95.0,114.0,118.0,107.0,84.0,0.0
10,-48.0,-105.0,-130.0,-131.0,-131.0,-131.0,-127.0,-112.0,-100.0,-91.0,-74.0,-64.0,-55.0,-50.0,-48.0,0.0
33,29.0,15.0,5.0,-11.0,-32.0,-52.0,-73.0,-62.0,-45.0,-16.0,9.0,15.0,-5.0,-22.0,-5.0,0.0
24,-35.0,-92.0,-136.0,-156.0,-159.0,-142.0,-114.0,-103.0,-87.0,-77.0,-63.0,-35.0,21.0,96.0,146.0,0.0
-17,4.0,15.0,87.0,102.0,58.0,62.0,70.0,52.0,-1.0,-46.0,-44.0,-20.0,-45.0,-37.0,4.0,0.0
-111,-110.0,-82.0,-30.0,6.0,12.0,26.0,0.0,-34.0,-56.0,-89.0,-108.0,-135.0,-122.0,-96.0,-65.0,0.0
-124,-120.0,-89.0,-44.0,-14.0,15.0,46.0,65.0,67.0,64.0,23.0,-19.0,-64.0,-123.0,-160.0,-148.0,0.0
-111,-83.0,-43.0,6.0,47.0,74.0,74.0,59.0,23.0,-33.0,-80.0,-128.0,-158.0,-173.0,-162.0,-144.0,0.0
-30,-32.0,-42.0,-22.0,-3.0,-19.0,-37.0,-46.0,-41.0,-36.0,-13.0,8.0,4.0,-3.0,-9.0,-24.0,0.0
91,104.0,124.0,97.0,95.0,116.0,50.0,-16.0,-37.0,-37.0,-71.0,-54.0,-26.0,2.0,26.0,97.0,0.0
-11,-20.0,-27.0,-23.0,-11.0,-8.0,-19.0,-26.0,-29.0,-38.0,-34.0,-26.0,-18.0,-10.0,1.0,15.0,0.0
-93,-104.0,-101.0,-97.0,-96.0,-90.0,-84.0,-63.0,-34.0,-5.0,6.0,13.0,14.0,-4.0,-34.0,-72.0,0.0
-4,-3.0,-24.0,-61.0,-59.0,-16.0,5.0,46.0,59.0,63.0,39.0,15.0,4.0,-30.0,-68.0,-86.0,0.0
-30,-28.0,-30.0,-26.0,-39.0,-55.0,-69.0,-80.0,-81.0,-78.0,-58.0,-42.0,-19.0,2.0,12.0,11.0,0.0
-159,-154.0,-130.0,-97.0,-71.0,-31.0,9.0,53.0,83.0,99.0,94.0,52.0,-4.0,-56.0,-78.0,-90.0,0.0
-80,-100.0,-106.0,-107.0,-112.0,-119.0,-93.0,-40.0,-2.0,22.0,18.0,-21.0,-65.0,-100.0,-132.0,-153.0,0.0
-6,-49.0,-93.0,-127.0,-141.0,-120.0,-60.0,4.0,30.0,34.0,45.0,61.0,30.0,9.0,-1.0,-7.0,0.0
-5,-20.0,-46.0,-76.0,-121.0,-154.0,-171.0,-172.0,-153.0,-115.0,-68.0,-33.0,-5.0,7.0,10.0,9.0,0.0
22,45.0,61.0,58.0,63.0,64.0,32.0,-24.0,-61.0,-84.0,-102.0,-110.0,-82.0,-47.0,-24.0,24.0,0.0
29,59.0,86.0,55.0,-1.0,-56.0,-82.0,-103.0,-96.0,-73.0,-61.0,-50.0,-33.0,-19.0,-31.0,-26.0,0.0
-4,-9.0,-14.0,-17.0,-19.0,-14.0,-5.0,12.0,23.0,10.0,-6.0,-11.0,-23.0,-29.0,-21.0,-9.0,0.0
-74,-85.0,-76.0,-48.0,-25.0,-11.0,3.0,-4.0,-33.0,-82.0,-122.0,-148.0,-170.0,-152.0,-147.0,-140.0,0.0
-58,-106.0,-123.0,-103.0,-55.0,0.0,33.0,39.0,34.0,25.0,14.0,14.0,26.0,51.0,77.0,98.0,0.0
3,-30.0,-68.0,-88.0,-111.0,-141.0,-165.0,-167.0,-165.0,-156.0,-118.0,-82.0,-69.0,-40.0,-20.0,-13.0,0.0
29,-9.0,-40.0,-58.0,-51.0,-37.0,-14.0,7.0,12.0,16.0,21.0,33.0,31.0,27.0,19.0,8.0,0.0
-68,-52.0,-15.0,9.0,7.0,0.0,19.0,20.0,49.0,69.0,63.0,24.0,-3.0,-17.0,-23.0,-44.0,0.0
62,29.0,21.0,55.0,62.0,32.0,64.0,48.0,-21.0,-22.0,-1.0,2.0,26.0,76.0,78.0,60.0,0.0
-50,-60.0,-25.0,7.0,45.0,65.0,66.0,45.0,47.0,76.0,94.0,125.0,133.0,129.0,100.0,75.0,0.0
33,54.0,70.0,46.0,-17.0,-102.0,-180.0,-237.0,-248.0,-221.0,-161.0,-83.0,-10.0,33.0,46.0,50.0,0.0
-182,-255.0,-218.0,-101.0,-32.0,-21.0,-2.0,3.0,-12.0,1.0,4.0,-19.0,-38.0,-14.0,-4.0,-15.0,0.0
-55,-14.0,13.0,12.0,34.0,47.0,30.0,0.0,-20.0,-47.0,-63.0,-29.0,6.0,-7.0,-31.0,-31.0,0.0
-120,-148.0,-151.0,-144.0,-143.0,-137.0,-128.0,-114.0,-86.0,-52.0,-13.0,16.0,53.0,66.0,53.0,14.0,0.0
76,60.0,31.0,-1.0,-32.0,-57.0,-72.0,-85.0,-86.0,-60.0,-34.0,-18.0,-5.0,19.0,37.0,59.0,0.0
42,28.0,37.0,49.0,28.0,-1.0,4.0,25.0,31.0,61.0,104.0,117.0,109.0,90.0,49.0,5.0,0.0
20,5.0,-11.0,-18.0,-5.0,12.0,24.0,34.0,37.0,29.0,9.0,5.0,11.0,26.0,47.0,61.0,0.0
8,-63.0,-107.0,-117.0,-105.0,-51.0,3.0,55.0,92.0,113.0,123.0,125.0,139.0,138.0,113.0,49.0,0.0
-88,-81.0,-67.0,-57.0,-42.0,-14.0,5.0,18.0,5.0,-13.0,-42.0,-56.0,-48.0,-38.0,-14.0,10.0,0.0
92,126.0,108.0,55.0,14.0,-9.0,-1.0,14.0,22.0,-14.0,-57.0,-87.0,-81.0,-46.0,-11.0,-6.0,0.0
-5,10.0,24.0,-11.0,-37.0,-46.0,-44.0,-40.0,-16.0,-4.0,-21.0,-31.0,-34.0,-34.0,-2.0,66.0,0.0
21,8.0,-58.0,-55.0,-49.0,-14.0,56.0,77.0,104.0,102.0,68.0,15.0,-28.0,-102.0,-166.0,-149.0,0.0
2,31.0,48.0,74.0,102.0,110.0,102.0,79.0,71.0,72.0,76.0,60.0,45.0,36.0,8.0,-2.0,0.0
-26,-17.0,2.0,19.0,36.0,61.0,69.0,65.0,49.0,38.0,13.0,-10.0,-26.0,-37.0,-36.0,-32.0,0.0
137,142.0,110.0,50.0,-25.0,-94.0,-154.0,-192.0,-202.0,-185.0,-148.0,-97.0,-39.0,-7.0,23.0,41.0,0.0
-1,56.0,105.0,142.0,146.0,150.0,138.0,116.0,59.0,-9.0,-75.0,-136.0,-158.0,-149.0,-96.0,-22.0,0.0
23,7.0,-11.0,-42.0,-62.0,-82.0,-87.0,-72.0,-47.0,-23.0,-17.0,-5.0,0.0,1.0,0.0,6.0,0.0
-90,-105.0,-84.0,-49.0,-17.0,11.0,17.0,14.0,1.0,-3.0,-28.0,-60.0,-110.0,-155.0,-183.0,-184.0,0.0
84,101.0,96.0,84.0,53.0,25.0,-1.0,-16.0,-27.0,-25.0,-13.0,1.0,12.0,31.0,57.0,69.0,0.0
-73,-43.0,-7.0,-10.0,-16.0,-31.0,-29.0,-35.0,-43.0,-43.0,-55.0,-53.0,-53.0,-58.0,-46.0,1.0,0.0
12,8.0,-7.0,-34.0,-66.0,-89.0,-88.0,-80.0,-53.0,-16.0,9.0,24.0,26.0,29.0,21.0,21.0,0.0
-150,-83.0,-8.0,64.0,118.0,147.0,151.0,121.0,72.0,12.0,-56.0,-118.0,-162.0,-185.0,-211.0,-220.0,0.0
14,-5.0,-17.0,-30.0,-40.0,-72.0,-100.0,-125.0,-138.0,-140.0,-109.0,-70.0,-47.0,-36.0,-44.0,-56.0,0.0
-5,17.0,25.0,25.0,17.0,-5.0,-24.0,-29.0,-55.0,-77.0,-62.0,-51.0,-26.0,22.0,77.0,88.0,0.0
76,65.0,37.0,1.0,-21.0,-30.0,-19.0,0.0,9.0,13.0,11.0,16.0,-3.0,-20.0,-31.0,-21.0,0.0
0,15.0,20.0,4.0,23.0,57.0,29.0,31.0,73.0,117.0,133.0,144.0,169.0,184.0,200.0,197.0,0.0
112,78.0,18.0,-50.0,-110.0,-155.0,-189.0,-209.0,-213.0,-208.0,-190.0,-151.0,-93.0,-43.0,11.0,49.0,0.0
24,3.0,-12.0,-24.0,-33.0,-28.0,-18.0,-10.0,7.0,24.0,37.0,53.0,69.0,102.0,121.0,134.0,0.0
14,-60.0,-114.0,-137.0,-135.0,-120.0,-54.0,20.0,77.0,101.0,103.0,104.0,67.0,34.0,5.0,-25.0,0.0
109,95.0,92.0,109.0,110.0,97.0,52.0,16.0,0.0,-1.0,9.0,31.0,26.0,52.0,76.0,103.0,0.0
-30,-23.0,1.0,15.0,3.0,-3.0,-15.0,-51.0,-74.0,-64.0,-23.0,-3.0,28.0,49.0,35.0,0.0,0.0
17,21.0,20.0,23.0,30.0,44.0,34.0,33.0,20.0,16.0,26.0,39.0,51.0,48.0,39.0,26.0,0.0
-7,9.0,31.0,56.0,79.0,97.0,107.0,95.0,74.0,36.0,-13.0,-60.0,-91.0,-105.0,-110.0,-95.0,0.0
36,45.0,23.0,-5.0,-45.0,-77.0,-80.0,-74.0,-63.0,-47.0,-33.0,-29.0,-40.0,-44.0,-19.0,13.0,0.0
11,20.0,16.0,-6.0,-7.0,5.0,22.0,44.0,91.0,133.0,223.0,194.0,222.0,157.0,118.0,153.0,0.0
-6,9.0,35.0,48.0,51.0,41.0,29.0,21.0,-1.0,-12.0,-33.0,-46.0,-54.0,-42.0,-39.0,-46.0,0.0
-58,-41.0,-6.0,25.0,39.0,31.0,33.0,46.0,57.0,55.0,54.0,44.0,40.0,41.0,32.0,22.0,0.0
24,23.0,28.0,42.0,51.0,53.0,49.0,44.0,34.0,21.0,23.0,19.0,9.0,-1.0,-8.0,-15.0,0.0
-31,-59.0,-81.0,-65.0,-31.0,6.0,26.0,29.0,8.0,-21.0,-34.0,-44.0,-49.0,-53.0,-51.0,-43.0,0.0
-55,-40.0,-37.0,-35.0,-28.0,-8.0,10.0,37.0,43.0,34.0,34.0,47.0,59.0,50.0,22.0,-13.0,0.0
73,72.0,61.0,40.0,16.0,12.0,-18.0,-45.0,-51.0,-47.0,-46.0,-41.0,-32.0,-33.0,-60.0,-83.0,0.0
2,-12.0,-20.0,-22.0,-8.0,-7.0,-23.0,-52.0,-90.0,-96.0,-78.0,-38.0,11.0,27.0,44.0,53.0,0.0
46,53.0,55.0,51.0,40.0,33.0,29.0,24.0,8.0,3.0,-5.0,-15.0,-30.0,-41.0,-40.0,-35.0,0.0
239,241.0,185.0,92.0,-25.0,-116.0,-189.0,-235.0,-245.0,-230.0,-198.0,-137.0,-70.0,11.0,80.0,141.0,0.0
40,41.0,39.0,41.0,49.0,67.0,78.0,90.0,77.0,68.0,68.0,71.0,78.0,70.0,57.0,32.0,0.0
56,76.0,80.0,76.0,65.0,49.0,25.0,-7.0,-38.0,-67.0,-87.0,-102.0,-103.0,-90.0,-38.0,18.0,0.0
32,39.0,51.0,44.0,22.0,7.0,10.0,26.0,43.0,49.0,48.0,42.0,44.0,55.0,76.0,79.0,0.0
-3,24.0,50.0,54.0,54.0,53.0,8.0,-30.0,-50.0,-63.0,-54.0,-45.0,-50.0,-52.0,-11.0,34.0,0.0
6,-11.0,-7.0,0.0,-3.0,38.0,61.0,75.0,43.0,-3.0,-69.0,-129.0,-197.0,-191.0,-157.0,-155.0,0.0
-1,20.0,43.0,65.0,85.0,81.0,61.0,29.0,-17.0,-63.0,-95.0,-102.0,-103.0,-83.0,-60.0,-34.0,0.0
79,119.0,132.0,174.0,168.0,111.0,85.0,44.0,-8.0,-14.0,-8.0,-33.0,-51.0,-26.0,0.0,2.0,0.0
-15,8.0,30.0,25.0,18.0,6.0,-5.0,-22.0,-43.0,-56.0,-74.0,-79.0,-70.0,-53.0,-30.0,-8.0,0.0
14,10.0,3.0,3.0,15.0,14.0,2.0,-19.0,-35.0,-40.0,-23.0,6.0,23.0,34.0,36.0,28.0,0.0
-10,-22.0,-28.0,-6.0,9.0,9.0,-4.0,-22.0,-18.0,-13.0,-7.0,1.0,-1.0,3.0,20.0,47.0,0.0
-41,-43.0,-35.0,-33.0,-35.0,-25.0,-11.0,6.0,7.0,3.0,-28.0,-53.0,-35.0,-17.0,-5.0,7.0,0.0
3,-2.0,3.0,22.0,11.0,-32.0,-54.0,-49.0,-53.0,-44.0,-12.0,9.0,-3.0,-10.0,-11.0,-10.0,0.0
-105,-108.0,-100.0,-103.0,-109.0,-117.0,-122.0,-123.0,-103.0,-71.0,-28.0,20.0,50.0,77.0,89.0,107.0,0.0
56,44.0,37.0,26.0,20.0,7.0,14.0,25.0,46.0,61.0,82.0,95.0,113.0,142.0,145.0,134.0,0.0
113,108.0,100.0,85.0,78.0,73.0,83.0,97.0,123.0,157.0,158.0,134.0,92.0,61.0,47.0,50.0,0.0
2,3.0,-10.0,-18.0,-26.0,-10.0,3.0,21.0,37.0,48.0,51.0,34.0,10.0,-26.0,-58.0,-61.0,0.0
43,5.0,-12.0,-20.0,-29.0,-61.0,-109.0,-154.0,-168.0,-132.0,-75.0,-16.0,18.0,35.0,28.0,13.0,0.0
36,56.0,81.0,53.0,21.0,65.0,80.0,82.0,63.0,11.0,-16.0,-45.0,-55.0,-60.0,-35.0,-40.0,0.0
5,3.0,15.0,34.0,42.0,47.0,45.0,33.0,18.0,1.0,-19.0,-41.0,-43.0,-43.0,-45.0,-51.0,0.0
-66,-74.0,-63.0,-38.0,-19.0,-3.0,1.0,18.0,22.0,37.0,40.0,30.0,16.0,-9.0,-25.0,-45.0,0.0
41,50.0,51.0,82.0,103.0,72.0,38.0,63.0,36.0,3.0,-18.0,-23.0,-36.0,-51.0,-64.0,-18.0,0.0
64,41.0,-3.0,-6.0,21.0,27.0,19.0,21.0,24.0,-9.0,-1.0,69.0,121.0,117.0,116.0,92.0,0.0
1,6.0,9.0,2.0,-1.0,-7.0,-9.0,-4.0,-12.0,-22.0,-25.0,-18.0,-8.0,-10.0,-14.0,-25.0,0.0
26,15.0,6.0,11.0,32.0,6.0,2.0,0.0,-17.0,1.0,16.0,35.0,35.0,0.0,-36.0,-22.0,0.0
20,30.0,25.0,23.0,21.0,5.0,-19.0,-20.0,4.0,3.0,-4.0,10.0,27.0,24.0,14.0,-8.0,0.0
-22,-44.0,-56.0,-62.0,-65.0,-70.0,-59.0,-29.0,22.0,69.0,105.0,124.0,129.0,117.0,88.0,62.0,0.0
-103,-96.0,-88.0,-76.0,-48.0,-35.0,-50.0,-52.0,-51.0,-67.0,-64.0,-37.0,-21.0,-14.0,15.0,50.0,0.0
96,99.0,117.0,131.0,133.0,123.0,117.0,117.0,95.0,70.0,24.0,-11.0,-31.0,-29.0,-20.0,-13.0,0.0
-31,-49.0,-57.0,-43.0,-32.0,-14.0,7.0,27.0,27.0,21.0,31.0,33.0,3.0,-19.0,-31.0,-39.0,0.0
1,6.0,11.0,3.0,3.0,2.0,10.0,23.0,46.0,78.0,101.0,112.0,103.0,60.0,1.0,-53.0,0.0
44,70.0,74.0,65.0,51.0,45.0,41.0,34.0,22.0,-2.0,-8.0,0.0,17.0,27.0,44.0,67.0,0.0
32,41.0,42.0,26.0,12.0,-5.0,-4.0,18.0,28.0,35.0,40.0,43.0,57.0,77.0,82.0,85.0,0.0
-10,-57.0,-76.0,-75.0,-42.0,1.0,44.0,36.0,29.0,46.0,48.0,44.0,51.0,43.0,21.0,27.0,0.0
-19,12.0,36.0,72.0,130.0,166.0,159.0,125.0,81.0,30.0,-21.0,-40.0,-37.0,-14.0,31.0,64.0,0.0
18,-9.0,-20.0,-33.0,-57.0,-25.0,17.0,39.0,36.0,18.0,18.0,1.0,-6.0,11.0,47.0,83.0,0.0
1,-4.0,1.0,19.0,32.0,47.0,39.0,20.0,1.0,-5.0,-10.0,-12.0,-7.0,-4.0,9.0,6.0,0.0
-28,-35.0,-33.0,-35.0,-37.0,-32.0,-9.0,22.0,49.0,75.0,82.0,76.0,63.0,48.0,33.0,1.0,0.0
-18,10.0,48.0,64.0,68.0,62.0,43.0,19.0,-7.0,-25.0,-32.0,-28.0,-18.0,-14.0,-20.0,-13.0,0.0
38,47.0,33.0,21.0,12.0,-10.0,-21.0,-34.0,-30.0,-35.0,-24.0,-25.0,-12.0,8.0,20.0,44.0,0.0
-60,-83.0,-112.0,-140.0,-133.0,-122.0,-109.0,-92.0,-69.0,-46.0,-23.0,13.0,12.0,-23.0,-63.0,-93.0,0.0
-88,-90.0,-82.0,-83.0,-83.0,-55.0,-9.0,39.0,67.0,91.0,103.0,99.0,89.0,67.0,27.0,-6.0,0.0
43,56.0,46.0,41.0,44.0,43.0,36.0,29.0,7.0,1.0,14.0,14.0,0.0,-8.0,-9.0,-13.0,0.0
23,9.0,-2.0,-31.0,-29.0,-34.0,-52.0,-43.0,-44.0,-48.0,-31.0,2.0,13.0,11.0,23.0,32.0,0.0
-120,-142.0,-136.0,-90.0,-16.0,63.0,126.0,177.0,187.0,150.0,77.0,-14.0,-103.0,-161.0,-190.0,-207.0,0.0
9,5.0,3.0,-14.0,-32.0,-61.0,-94.0,-120.0,-129.0,-118.0,-98.0,-56.0,-16.0,18.0,32.0,24.0,0.0
110,82.0,48.0,15.0,-4.0,-24.0,-27.0,-29.0,-11.0,11.0,37.0,76.0,90.0,106.0,123.0,126.0,0.0
70,128.0,160.0,153.0,104.0,29.0,-39.0,-71.0,-69.0,-55.0,-17.0,6.0,9.0,-3.0,-16.0,-11.0,0.0
-144,-126.0,-86.0,-27.0,27.0,66.0,83.0,75.0,41.0,-5.0,-47.0,-83.0,-105.0,-111.0,-104.0,-97.0,0.0
-18,-10.0,-20.0,-18.0,1.0,16.0,12.0,19.0,18.0,-3.0,-32.0,-44.0,-54.0,-55.0,-38.0,-29.0,0.0
28,20.0,13.0,16.0,30.0,56.0,77.0,80.0,69.0,55.0,29.0,8.0,7.0,0.0,3.0,2.0,0.0
-53,-22.0,-1.0,26.0,46.0,59.0,30.0,-29.0,-34.0,-63.0,-38.0,-31.0,-38.0,-51.0,-62.0,-80.0,0.0
-70,-79.0,-45.0,-32.0,-16.0,33.0,51.0,13.0,-44.0,-70.0,-92.0,-112.0,-69.0,2.0,34.0,61.0,0.0
9,12.0,-48.0,-8.0,54.0,47.0,43.0,66.0,107.0,138.0,97.0,79.0,30.0,-12.0,-16.0,-62.0,0.0
3,-29.0,-60.0,-60.0,-51.0,-34.0,-18.0,-6.0,20.0,26.0,19.0,21.0,31.0,29.0,7.0,-29.0,0.0
-126,-82.0,-21.0,36.0,90.0,126.0,142.0,149.0,148.0,118.0,49.0,-33.0,-104.0,-141.0,-133.0,-103.0,0.0
79,45.0,-10.0,-49.0,-47.0,-38.0,-33.0,-46.0,-71.0,-90.0,-94.0,-80.0,-61.0,-29.0,16.0,57.0,0.0
-52,-37.0,-11.0,4.0,30.0,59.0,81.0,80.0,70.0,54.0,33.0,16.0,-4.0,-28.0,-49.0,-60.0,0.0
49,78.0,105.0,113.0,94.0,72.0,34.0,6.0,-18.0,-25.0,-18.0,-1.0,24.0,38.0,40.0,38.0,0.0
-47,-50.0,-44.0,-16.0,-7.0,-9.0,-16.0,-20.0,-16.0,-31.0,-27.0,-4.0,5.0,26.0,40.0,42.0,0.0
47,24.0,10.0,12.0,17.0,25.0,37.0,54.0,64.0,71.0,76.0,64.0,44.0,39.0,48.0,40.0,0.0
29,5.0,-28.0,-36.0,-36.0,-56.0,-55.0,-10.0,43.0,100.0,122.0,124.0,80.0,0.0,-61.0,-76.0,0.0
57,70.0,57.0,51.0,50.0,70.0,96.0,118.0,147.0,158.0,166.0,157.0,115.0,60.0,15.0,-6.0,0.0
39,66.0,85.0,93.0,74.0,43.0,16.0,5.0,-6.0,-23.0,-40.0,-60.0,-66.0,-62.0,-55.0,-49.0,0.0
-195,-155.0,-106.0,-53.0,13.0,69.0,83.0,67.0,33.0,-8.0,-43.0,-74.0,-77.0,-70.0,-47.0,-24.0,0.0
-23,-19.0,-4.0,10.0,22.0,23.0,28.0,23.0,20.0,20.0,24.0,23.0,19.0,19.0,11.0,6.0,0.0
-59,-48.0,-48.0,-43.0,-44.0,-33.0,-10.0,10.0,8.0,-9.0,-34.0,-67.0,-75.0,-65.0,-47.0,-37.0,0.0
33,30.0,36.0,25.0,-1.0,-32.0,-64.0,-79.0,-82.0,-61.0,-47.0,-19.0,15.0,45.0,55.0,51.0,0.0
-41,-32.0,-14.0,6.0,4.0,-2.0,9.0,22.0,54.0,91.0,120.0,130.0,113.0,75.0,26.0,-7.0,0.0
-117,-89.0,-52.0,-21.0,0.0,10.0,22.0,49.0,75.0,92.0,91.0,68.0,23.0,-18.0,-60.0,-91.0,0.0
22,14.0,-6.0,-27.0,-38.0,-36.0,-18.0,9.0,40.0,64.0,96.0,123.0,138.0,148.0,146.0,132.0,0.0
102,57.0,5.0,-49.0,-90.0,-109.0,-122.0,-107.0,-59.0,1.0,53.0,76.0,97.0,121.0,129.0,116.0,0.0
11,8.0,25.0,21.0,1.0,-31.0,-37.0,-62.0,-90.0,-93.0,-77.0,-68.0,-55.0,-36.0,-29.0,-29.0,0.0
-26,-24.0,0.0,-1.0,-18.0,-24.0,-41.0,-50.0,-37.0,-11.0,-17.0,-24.0,-11.0,-18.0,-52.0,-54.0,0.0
-3,3.0,-1.0,-4.0,-16.0,-31.0,-39.0,-50.0,-44.0,-42.0,-33.0,-46.0,-50.0,-50.0,-49.0,-51.0,0.0
14,45.0,60.0,76.0,72.0,47.0,26.0,3.0,-45.0,-75.0,-44.0,-17.0,13.0,44.0,64.0,50.0,0.0
29,-5.0,-17.0,-14.0,5.0,14.0,11.0,-1.0,11.0,37.0,71.0,96.0,92.0,54.0,0.0,-27.0,0.0
-48,-31.0,1.0,32.0,41.0,35.0,14.0,-1.0,-21.0,-26.0,-35.0,-54.0,-69.0,-70.0,-55.0,-42.0,0.0
13,-6.0,-21.0,-28.0,-32.0,-24.0,-24.0,-19.0,-20.0,-27.0,-43.0,-49.0,-35.0,-26.0,-7.0,4.0,0.0
26,84.0,118.0,124.0,114.0,65.0,15.0,-12.0,-18.0,-10.0,39.0,98.0,123.0,105.0,79.0,61.0,0.0
-28,31.0,99.0,129.0,120.0,71.0,-26.0,-96.0,-120.0,-103.0,-78.0,-51.0,-12.0,14.0,34.0,51.0,0.0
18,-9.0,-35.0,-53.0,-68.0,-80.0,-82.0,-68.0,-49.0,-16.0,12.0,35.0,40.0,37.0,37.0,26.0,0.0
-38,-87.0,-114.0,-130.0,-145.0,-142.0,-113.0,-96.0,-86.0,-63.0,-28.0,-4.0,1.0,-16.0,-79.0,-133.0,0.0
-1,-5.0,3.0,17.0,25.0,30.0,22.0,-7.0,-36.0,-55.0,-56.0,-44.0,-15.0,8.0,14.0,8.0,0.0
-64,-50.0,-40.0,16.0,65.0,61.0,21.0,-25.0,-70.0,-81.0,-48.0,-23.0,-16.0,14.0,55.0,69.0,0.0
81,119.0,132.0,114.0,86.0,39.0,-2.0,-11.0,7.0,31.0,59.0,100.0,108.0,76.0,35.0,-11.0,0.0
28,33.0,49.0,55.0,43.0,10.0,-16.0,-29.0,-25.0,-4.0,3.0,-9.0,-50.0,-75.0,-73.0,-48.0,0.0
-45,-18.0,27.0,52.0,36.0,-7.0,-38.0,-44.0,-23.0,1.0,-1.0,-25.0,-61.0,-87.0,-110.0,-105.0,0.0
-79,-1.0,68.0,81.0,39.0,25.0,-30.0,-30.0,-106.0,-145.0,-167.0,-142.0,-115.0,-94.0,-60.0,10.0,0.0
105,114.0,111.0,100.0,83.0,71.0,63.0,41.0,6.0,-10.0,-5.0,21.0,49.0,80.0,91.0,85.0,0.0
47,26.0,7.0,-12.0,-30.0,-57.0,-76.0,-94.0,-104.0,-95.0,-71.0,-44.0,-36.0,-24.0,-22.0,-25.0,0.0
-162,-166.0,-154.0,-140.0,-117.0,-79.0,-26.0,9.0,22.0,26.0,9.0,-15.0,-45.0,-59.0,-86.0,-123.0,0.0
43,18.0,-31.0,-90.0,-128.0,-143.0,-150.0,-137.0,-106.0,-58.0,2.0,52.0,96.0,115.0,120.0,117.0,0.0
-34,-34.0,-50.0,-55.0,-40.0,-27.0,-29.0,-12.0,-1.0,3.0,0.0,14.0,19.0,11.0,6.0,-7.0,0.0
75,63.0,25.0,-23.0,-70.0,-102.0,-125.0,-135.0,-111.0,-75.0,-29.0,10.0,38.0,53.0,53.0,56.0,0.0
6,14.0,12.0,33.0,62.0,63.0,44.0,32.0,15.0,-5.0,-32.0,-38.0,-40.0,-40.0,-20.0,-7.0,0.0
53,21.0,-2.0,-40.0,-63.0,-42.0,1.0,25.0,22.0,20.0,2.0,-17.0,-16.0,-9.0,-19.0,-51.0,0.0
-16,-12.0,-6.0,29.0,79.0,123.0,115.0,73.0,12.0,-42.0,-76.0,-97.0,-106.0,-110.0,-107.0,-79.0,0.0
21,39.0,65.0,83.0,82.0,74.0,82.0,104.0,111.0,97.0,60.0,25.0,10.0,34.0,80.0,126.0,0.0
86,63.0,44.0,20.0,8.0,0.0,-5.0,-10.0,-24.0,-17.0,-11.0,1.0,2.0,7.0,12.0,18.0,0.0
69,37.0,-2.0,-27.0,-42.0,-41.0,-25.0,-2.0,15.0,42.0,62.0,53.0,28.0,12.0,-9.0,-30.0,0.0
-79,-99.0,-101.0,-87.0,-69.0,-45.0,-20.0,-16.0,-25.0,-43.0,-53.0,-52.0,-26.0,11.0,37.0,50.0,0.0
-80,-121.0,-146.0,-161.0,-153.0,-112.0,-23.0,28.0,42.0,43.0,9.0,-39.0,-62.0,-69.0,-90.0,-94.0,0.0
-134,-148.0,-145.0,-117.0,-76.0,-38.0,-10.0,17.0,35.0,51.0,60.0,61.0,42.0,9.0,-13.0,-35.0,0.0
-100,-97.0,-86.0,-74.0,-61.0,-56.0,-49.0,-39.0,-29.0,-21.0,-11.0,1.0,-1.0,-7.0,-14.0,-23.0,0.0
-91,-98.0,-77.0,-42.0,-28.0,-45.0,-56.0,-58.0,-16.0,3.0,15.0,1.0,-22.0,-39.0,-58.0,-79.0,0.0
9,6.0,7.0,11.0,4.0,-14.0,-35.0,-63.0,-46.0,-23.0,15.0,33.0,41.0,36.0,22.0,36.0,0.0
17,24.0,27.0,22.0,13.0,19.0,24.0,26.0,44.0,50.0,46.0,40.0,36.0,17.0,-11.0,-18.0,0.0
40,-2.0,-49.0,-109.0,-150.0,-165.0,-127.0,-74.0,-17.0,31.0,76.0,116.0,146.0,178.0,191.0,174.0,0.0
-75,-63.0,-44.0,-21.0,2.0,33.0,26.0,-5.0,-33.0,-53.0,-81.0,-94.0,-95.0,-109.0,-111.0,-71.0,0.0
-71,-59.0,-81.0,-121.0,-168.0,-189.0,-207.0,-206.0,-181.0,-148.0,-73.0,-29.0,22.0,82.0,101.0,54.0,0.0
-21,-76.0,-120.0,-155.0,-160.0,-140.0,-109.0,-71.0,-54.0,-56.0,-71.0,-82.0,-78.0,-60.0,-6.0,51.0,0.0
-18,-13.0,-19.0,-8.0,10.0,26.0,25.0,21.0,12.0,-4.0,-12.0,-26.0,-30.0,-40.0,-32.0,-20.0,0.0
58,50.0,27.0,17.0,11.0,-11.0,-51.0,-89.0,-103.0,-113.0,-109.0,-96.0,-67.0,-37.0,-33.0,-41.0,0.0
63,67.0,91.0,108.0,123.0,129.0,126.0,93.0,45.0,16.0,11.0,33.0,64.0,93.0,119.0,130.0,0.0
-65,-85.0,-101.0,-104.0,-89.0,-60.0,-22.0,25.0,63.0,81.0,92.0,87.0,73.0,64.0,61.0,55.0,0.0
22,30.0,41.0,49.0,53.0,55.0,51.0,30.0,8.0,-13.0,-24.0,-46.0,-62.0,-86.0,-102.0,-99.0,0.0
-96,-50.0,-37.0,-37.0,-31.0,-35.0,-37.0,-50.0,-24.0,14.0,49.0,61.0,36.0,-5.0,-24.0,-10.0,0.0
-24,51.0,128.0,155.0,134.0,78.0,25.0,-1.0,16.0,40.0,52.0,37.0,17.0,9.0,11.0,36.0,0.0
-45,-59.0,-69.0,-35.0,20.0,57.0,37.0,-5.0,-14.0,4.0,-20.0,6.0,-13.0,-58.0,-82.0,-54.0,0.0
27,15.0,-9.0,-34.0,-53.0,-68.0,-76.0,-74.0,-61.0,-60.0,-63.0,-66.0,-76.0,-89.0,-94.0,-91.0,0.0
-121,-114.0,-99.0,-96.0,-106.0,-96.0,-95.0,-98.0,-58.0,-5.0,12.0,28.0,41.0,11.0,-36.0,-59.0,0.0
-77,-51.0,-42.0,-28.0,-6.0,9.0,19.0,29.0,10.0,-42.0,-75.0,-82.0,-101.0,-115.0,-89.0,-43.0,0.0
3,7.0,-9.0,-2.0,22.0,25.0,-6.0,-18.0,-62.0,-103.0,-114.0,-135.0,-185.0,-159.0,-109.0,-90.0,0.0
83,93.0,71.0,23.0,-29.0,-61.0,-66.0,-44.0,-3.0,24.0,40.0,48.0,53.0,55.0,55.0,56.0,0.0
-274,-251.0,-209.0,-165.0,-108.0,-51.0,16.0,59.0,51.0,11.0,-32.0,-104.0,-153.0,-171.0,-193.0,-200.0,0.0
-40,-56.0,-50.0,-68.0,-64.0,-68.0,-60.0,-58.0,-48.0,-30.0,-15.0,12.0,9.0,-7.0,-43.0,-84.0,0.0
-27,-16.0,14.0,35.0,54.0,50.0,14.0,-7.0,-12.0,-9.0,-25.0,-25.0,-21.0,-30.0,-24.0,2.0,0.0
-59,-76.0,-84.0,-83.0,-79.0,-75.0,-60.0,-59.0,-62.0,-68.0,-60.0,-47.0,-29.0,-1.0,12.0,5.0,0.0
166,143.0,103.0,47.0,8.0,-14.0,-3.0,-2.0,-3.0,2.0,48.0,77.0,80.0,82.0,55.0,18.0,0.0
-97,-92.0,-69.0,-41.0,-15.0,-12.0,-11.0,-13.0,-25.0,-38.0,-60.0,-86.0,-108.0,-90.0,-52.0,0.0,0.0
-2,-18.0,0.0,27.0,41.0,76.0,116.0,105.0,43.0,48.0,47.0,33.0,24.0,28.0,45.0,57.0,0.0
-54,-101.0,-144.0,-150.0,-87.0,-52.0,-20.0,35.0,66.0,57.0,18.0,-20.0,-75.0,-61.0,-56.0,-77.0,0.0
-44,-38.0,-40.0,-39.0,-30.0,-25.0,-8.0,8.0,15.0,19.0,22.0,40.0,46.0,47.0,43.0,33.0,0.0
14,29.0,29.0,16.0,0.0,-8.0,9.0,44.0,69.0,66.0,46.0,21.0,1.0,-22.0,-24.0,-24.0,0.0
185,218.0,218.0,163.0,51.0,-50.0,-137.0,-203.0,-218.0,-157.0,-85.0,-70.0,-61.0,-64.0,-72.0,-89.0,0.0
-36,-7.0,11.0,11.0,-7.0,-38.0,-66.0,-97.0,-117.0,-132.0,-144.0,-153.0,-147.0,-120.0,-88.0,-47.0,0.0
17,28.0,36.0,30.0,9.0,1.0,5.0,14.0,16.0,18.0,19.0,17.0,21.0,31.0,32.0,27.0,0.0
68,46.0,26.0,11.0,28.0,57.0,45.0,23.0,83.0,93.0,35.0,30.0,38.0,26.0,4.0,21.0,0.0
-5,-17.0,-39.0,-57.0,-81.0,-97.0,-101.0,-84.0,-58.0,-31.0,-16.0,5.0,1.0,-5.0,-7.0,2.0,0.0
-67,-32.0,13.0,53.0,77.0,113.0,123.0,112.0,64.0,15.0,-33.0,-67.0,-85.0,-100.0,-88.0,-52.0,0.0
-20,-23.0,-24.0,-34.0,-24.0,-13.0,3.0,33.0,61.0,86.0,108.0,131.0,135.0,115.0,76.0,21.0,0.0
-48,-96.0,-123.0,-129.0,-95.0,-56.0,-14.0,23.0,56.0,69.0,58.0,9.0,-41.0,-97.0,-127.0,-132.0,0.0
-2,-21.0,-38.0,-46.0,-45.0,-47.0,-43.0,-23.0,12.0,30.0,36.0,17.0,-5.0,-25.0,-29.0,-17.0,0.0
-69,-71.0,-60.0,-49.0,-45.0,-42.0,-39.0,-37.0,-18.0,12.0,47.0,79.0,91.0,88.0,69.0,61.0,0.0
-113,-90.0,-51.0,-12.0,24.0,63.0,96.0,116.0,114.0,100.0,51.0,-16.0,-89.0,-138.0,-161.0,-170.0,0.0
29,39.0,40.0,28.0,10.0,-8.0,-15.0,-17.0,-20.0,-22.0,-23.0,-15.0,-18.0,-16.0,-24.0,-27.0,0.0
40,25.0,-10.0,-13.0,30.0,52.0,67.0,78.0,59.0,11.0,-3.0,-2.0,-28.0,-35.0,8.0,62.0,0.0
-20,-13.0,-20.0,-45.0,-72.0,-79.0,-61.0,-30.0,14.0,50.0,68.0,62.0,50.0,37.0,17.0,-8.0,0.0
22,2.0,-6.0,-8.0,-16.0,-27.0,-32.0,-44.0,-57.0,-59.0,-56.0,-43.0,-17.0,8.0,14.0,24.0,0.0
-168,-195.0,-200.0,-187.0,-161.0,-128.0,-83.0,-37.0,-4.0,0.0,-12.0,-32.0,-52.0,-66.0,-71.0,-83.0,0.0
91,42.0,-12.0,-48.0,-82.0,-123.0,-151.0,-169.0,-179.0,-168.0,-137.0,-95.0,-37.0,21.0,49.0,51.0,0.0
38,-25.0,-79.0,-97.0,-80.0,-60.0,-24.0,12.0,31.0,44.0,54.0,23.0,-12.0,-35.0,-31.0,-34.0,0.0
9,30.0,44.0,46.0,56.0,79.0,76.0,54.0,9.0,-42.0,-100.0,-135.0,-144.0,-141.0,-140.0,-127.0,0.0
-107,-60.0,-9.0,36.0,61.0,86.0,92.0,80.0,43.0,3.0,-33.0,-62.0,-74.0,-80.0,-81.0,-77.0,0.0
92,94.0,61.0,5.0,-43.0,-78.0,-106.0,-129.0,-138.0,-124.0,-108.0,-84.0,-61.0,-48.0,-40.0,-38.0,0.0
110,74.0,15.0,-37.0,-86.0,-106.0,-107.0,-91.0,-67.0,-45.0,-17.0,-14.0,-7.0,-22.0,-44.0,-55.0,0.0
37,26.0,16.0,19.0,41.0,83.0,70.0,61.0,49.0,12.0,-20.0,-34.0,-54.0,-65.0,-62.0,-52.0,0.0
21,48.0,62.0,37.0,-10.0,-59.0,-99.0,-133.0,-152.0,-155.0,-143.0,-128.0,-117.0,-105.0,-95.0,-79.0,0.0
-32,-31.0,-26.0,-15.0,7.0,34.0,45.0,43.0,45.0,52.0,48.0,39.0,35.0,15.0,-4.0,-22.0,0.0
-61,-58.0,-65.0,-71.0,-83.0,-81.0,-74.0,-48.0,-33.0,-24.0,-6.0,8.0,12.0,-1.0,-30.0,-71.0,0.0
-43,-34.0,-18.0,-1.0,15.0,20.0,10.0,0.0,-43.0,-79.0,-116.0,-118.0,-103.0,-59.0,-18.0,19.0,0.0
-26,-40.0,-56.0,9.0,60.0,66.0,57.0,33.0,8.0,-19.0,-10.0,-1.0,-9.0,2.0,35.0,26.0,0.0
-30,-17.0,-13.0,-27.0,-59.0,-67.0,-42.0,-37.0,-24.0,-4.0,20.0,8.0,-20.0,-35.0,-47.0,-68.0,0.0
34,40.0,37.0,28.0,20.0,-4.0,-47.0,-46.0,-38.0,-29.0,0.0,59.0,94.0,75.0,48.0,19.0,0.0
-54,-101.0,-127.0,-136.0,-131.0,-109.0,-62.0,2.0,56.0,93.0,110.0,110.0,104.0,94.0,79.0,48.0,0.0
10,62.0,108.0,126.0,123.0,96.0,50.0,-13.0,-79.0,-123.0,-156.0,-168.0,-172.0,-160.0,-146.0,-112.0,0.0
39,57.0,68.0,57.0,46.0,58.0,64.0,51.0,25.0,-6.0,-24.0,-40.0,-33.0,-18.0,-27.0,-20.0,0.0
15,24.0,19.0,-29.0,-102.0,-163.0,-182.0,-186.0,-180.0,-137.0,-87.0,-29.0,24.0,71.0,80.0,44.0,0.0
-84,-61.0,-29.0,-1.0,1.0,-2.0,-14.0,-15.0,-19.0,-16.0,-14.0,-15.0,-25.0,-33.0,-40.0,-56.0,0.0
-29,-6.0,21.0,39.0,38.0,20.0,-1.0,6.0,3.0,26.0,38.0,25.0,-15.0,-62.0,-81.0,-82.0,0.0
17,15.0,2.0,-20.0,-39.0,-68.0,-75.0,-68.0,-57.0,-57.0,-57.0,-49.0,-25.0,10.0,44.0,60.0,0.0
-38,-93.0,-151.0,-204.0,-264.0,-260.0,-199.0,-149.0,-113.0,-66.0,-2.0,6.0,2.0,-44.0,-28.0,-32.0,0.0
-23,-27.0,-41.0,-46.0,-39.0,-28.0,-18.0,-14.0,-2.0,5.0,18.0,28.0,31.0,27.0,29.0,35.0,0.0
87,69.0,59.0,20.0,-17.0,-34.0,-27.0,-6.0,21.0,69.0,99.0,106.0,106.0,96.0,70.0,55.0,0.0
-102,-63.0,-9.0,47.0,124.0,183.0,201.0,167.0,-109.0,-139.0,-153.0,-128.0,-66.0,10.0,78.0,107.0,0.0
-25,-1.0,32.0,54.0,45.0,32.0,21.0,12.0,24.0,34.0,47.0,45.0,26.0,22.0,35.0,24.0,0.0
-19,23.0,73.0,56.0,9.0,-58.0,-93.0,-96.0,-81.0,-39.0,2.0,42.0,64.0,105.0,114.0,78.0,0.0
-125,-105.0,-78.0,-52.0,-29.0,-18.0,-25.0,-25.0,-5.0,20.0,24.0,10.0,-22.0,-61.0,-94.0,-119.0,0.0
-60,-58.0,-49.0,-32.0,-11.0,4.0,32.0,58.0,84.0,95.0,84.0,55.0,15.0,-2.0,-16.0,-33.0,0.0
-87,-96.0,-63.0,-13.0,16.0,12.0,1.0,-22.0,-29.0,-9.0,15.0,5.0,-16.0,-31.0,-65.0,-107.0,0.0
-4,3.0,11.0,41.0,78.0,106.0,131.0,139.0,144.0,137.0,117.0,81.0,35.0,22.0,13.0,11.0,0.0
-19,-31.0,-18.0,10.0,41.0,69.0,90.0,81.0,36.0,-2.0,-10.0,-1.0,-16.0,-29.0,-25.0,-28.0,0.0
81,64.0,33.0,6.0,-10.0,-25.0,-42.0,-52.0,-55.0,-46.0,-28.0,-20.0,-30.0,-40.0,-48.0,-60.0,0.0
-18,-43.0,-66.0,-87.0,-94.0,-86.0,-80.0,-63.0,-34.0,0.0,39.0,77.0,105.0,106.0,90.0,54.0,0.0
-68,-18.0,41.0,87.0,127.0,158.0,201.0,201.0,199.0,136.0,102.0,60.0,44.0,-4.0,-37.0,-34.0,0.0
-113,-168.0,-161.0,-138.0,-87.0,-35.0,32.0,75.0,36.0,61.0,33.0,-51.0,-110.0,-99.0,-119.0,-79.0,0.0
43,20.0,-5.0,-23.0,-21.0,-22.0,-4.0,25.0,27.0,23.0,11.0,-16.0,-47.0,-53.0,-41.0,-12.0,0.0
127,100.0,79.0,76.0,93.0,79.0,42.0,-1.0,-22.0,-3.0,37.0,78.0,102.0,110.0,125.0,135.0,0.0
66,57.0,11.0,-27.0,-45.0,-66.0,-68.0,-38.0,-3.0,14.0,27.0,43.0,34.0,25.0,15.0,17.0,0.0
15,-8.0,-38.0,-62.0,-54.0,-20.0,-3.0,5.0,-8.0,-18.0,-27.0,-21.0,-22.0,-40.0,-43.0,-20.0,0.0
-74,-36.0,-27.0,-22.0,-44.0,-73.0,-92.0,-95.0,-116.0,-143.0,-157.0,-133.0,-102.0,-76.0,-19.0,39.0,0.0
-146,-133.0,-111.0,-85.0,-62.0,-33.0,-39.0,-62.0,-69.0,-59.0,-34.0,-8.0,20.0,6.0,-39.0,-62.0,0.0
64,5.0,-57.0,-120.0,-136.0,-146.0,-100.0,-59.0,-5.0,36.0,46.0,53.0,44.0,53.0,70.0,92.0,0.0
-169,-216.0,-224.0,-191.0,-124.0,-58.0,13.0,70.0,97.0,105.0,97.0,83.0,63.0,49.0,32.0,-6.0,0.0
-117,-88.0,-62.0,-42.0,9.0,46.0,29.0,-23.0,-43.0,-29.0,-35.0,-26.0,-21.0,2.0,19.0,56.0,0.0
-42,-44.0,-40.0,-46.0,-52.0,-56.0,-65.0,-74.0,-70.0,-44.0,-24.0,1.0,17.0,21.0,7.0,-5.0,0.0
98,82.0,41.0,-15.0,-63.0,-78.0,-65.0,-65.0,-73.0,-82.0,-49.0,-12.0,25.0,57.0,80.0,91.0,0.0
-40,-39.0,-24.0,-9.0,-5.0,-16.0,-18.0,-22.0,-10.0,3.0,7.0,2.0,-5.0,-11.0,-21.0,-32.0,0.0
-12,4.0,24.0,38.0,20.0,-7.0,-30.0,-38.0,-41.0,2.0,38.0,35.0,16.0,14.0,-5.0,-47.0,0.0
43,49.0,58.0,50.0,62.0,87.0,87.0,82.0,96.0,115.0,124.0,142.0,133.0,95.0,52.0,31.0,0.0
-19,3.0,19.0,26.0,23.0,21.0,23.0,33.0,55.0,64.0,52.0,22.0,-12.0,-40.0,-58.0,-57.0,0.0
5,27.0,38.0,52.0,65.0,90.0,89.0,78.0,56.0,39.0,13.0,-19.0,-40.0,-50.0,-34.0,-8.0,0.0
-21,-4.0,11.0,9.0,-12.0,-25.0,-45.0,-58.0,-56.0,-42.0,-24.0,-18.0,-16.0,-29.0,-45.0,-59.0,0.0
50,46.0,49.0,51.0,60.0,65.0,62.0,54.0,51.0,58.0,56.0,66.0,58.0,36.0,10.0,-10.0,0.0
-141,-113.0,-66.0,-18.0,5.0,-10.0,-45.0,-81.0,-113.0,-139.0,-150.0,-176.0,-170.0,-149.0,-119.0,-103.0,0.0
42,89.0,142.0,176.0,175.0,134.0,66.0,-8.0,-61.0,-105.0,-142.0,-184.0,-183.0,-163.0,-121.0,-67.0,0.0
-70,-15.0,20.0,36.0,47.0,25.0,-46.0,-120.0,-168.0,-187.0,-180.0,-124.0,-73.0,-53.0,-41.0,-58.0,0.0
33,50.0,72.0,89.0,102.0,98.0,91.0,94.0,105.0,93.0,79.0,53.0,38.0,52.0,78.0,101.0,0.0
40,48.0,50.0,39.0,27.0,18.0,4.0,8.0,15.0,29.0,27.0,19.0,-1.0,-13.0,-12.0,0.0,0.0
-132,-91.0,-52.0,-9.0,30.0,64.0,72.0,66.0,72.0,38.0,21.0,-8.0,-48.0,-58.0,-56.0,-2.0,0.0
-30,-30.0,-51.0,-49.0,-35.0,-7.0,3.0,-18.0,-7.0,6.0,-49.0,-86.0,-92.0,-89.0,-81.0,-47.0,0.0
-85,-135.0,-178.0,-196.0,-183.0,-124.0,-44.0,35.0,73.0,84.0,68.0,72.0,97.0,99.0,70.0,13.0,0.0
-102,-93.0,-69.0,-77.0,-57.0,-25.0,-1.0,3.0,5.0,-4.0,-58.0,-76.0,-67.0,-57.0,-25.0,65.0,0.0
59,15.0,-40.0,-92.0,-117.0,-124.0,-111.0,-88.0,-67.0,-45.0,-10.0,15.0,23.0,8.0,-5.0,-24.0,0.0
-89,-118.0,-111.0,-48.0,9.0,31.0,30.0,28.0,3.0,-28.0,-36.0,-54.0,-73.0,-80.0,-67.0,-73.0,0.0
-21,-13.0,4.0,23.0,44.0,53.0,33.0,-14.0,-57.0,-70.0,-69.0,-51.0,-38.0,-41.0,-47.0,-44.0,0.0
70,71.0,66.0,62.0,54.0,50.0,61.0,79.0,83.0,75.0,56.0,25.0,-1.0,-18.0,-2.0,9.0,0.0
109,115.0,90.0,44.0,-14.0,-64.0,-90.0,-89.0,-68.0,-37.0,1.0,20.0,27.0,41.0,48.0,45.0,0.0
-46,-77.0,-104.0,-121.0,-108.0,-47.0,-1.0,24.0,35.0,29.0,-3.0,-60.0,-90.0,-104.0,-95.0,-52.0,0.0
65,80.0,93.0,82.0,42.0,-23.0,24.0,30.0,-17.0,-76.0,-147.0,-151.0,-133.0,-83.0,-54.0,-40.0,0.0
-1,7.0,16.0,23.0,20.0,14.0,11.0,2.0,-3.0,2.0,19.0,35.0,41.0,46.0,36.0,25.0,0.0
-9,-16.0,-2.0,4.0,-1.0,10.0,-8.0,-52.0,-70.0,-73.0,-59.0,-30.0,19.0,49.0,39.0,5.0,0.0
-73,-66.0,-67.0,-52.0,-26.0,-6.0,-3.0,-19.0,-46.0,-88.0,-110.0,-122.0,-101.0,-66.0,-18.0,40.0,0.0
-80,-87.0,-83.0,-67.0,-57.0,-57.0,-67.0,-67.0,-55.0,-42.0,-22.0,9.0,33.0,41.0,42.0,28.0,0.0
-110,-111.0,-99.0,-73.0,-29.0,6.0,26.0,10.0,-22.0,-51.0,-69.0,-62.0,-40.0,-10.0,3.0,-6.0,0.0
-35,-15.0,10.0,35.0,54.0,72.0,64.0,42.0,12.0,-14.0,-27.0,-28.0,-25.0,-37.0,-39.0,-25.0,0.0
32,29.0,29.0,15.0,-2.0,-13.0,-6.0,17.0,41.0,52.0,59.0,74.0,69.0,85.0,88.0,84.0,0.0
-82,-117.0,-146.0,-161.0,-174.0,-178.0,-155.0,-85.0,-4.0,54.0,62.0,22.0,-36.0,-73.0,-91.0,-102.0,0.0
-87,-47.0,-12.0,1.0,0.0,-14.0,-34.0,-54.0,-65.0,-72.0,-83.0,-86.0,-95.0,-107.0,-134.0,-140.0,0.0
-7,-35.0,-59.0,-75.0,-67.0,-47.0,-34.0,-17.0,-14.0,-3.0,8.0,25.0,32.0,20.0,-5.0,-57.0,0.0
11,22.0,4.0,-43.0,-52.0,-28.0,-33.0,-26.0,-87.0,-94.0,-36.0,-48.0,-86.0,-118.0,-130.0,-63.0,0.0
79,55.0,28.0,-9.0,-41.0,-33.0,-47.0,-55.0,-33.0,-10.0,-6.0,-3.0,13.0,6.0,-5.0,21.0,0.0
-34,-79.0,-92.0,-77.0,-34.0,15.0,68.0,94.0,123.0,153.0,168.0,168.0,149.0,102.0,18.0,-79.0,0.0
39,39.0,43.0,45.0,35.0,9.0,-16.0,-36.0,-44.0,-41.0,-35.0,-24.0,-20.0,-2.0,2.0,4.0,0.0
54,62.0,75.0,77.0,60.0,30.0,-1.0,6.0,31.0,69.0,84.0,92.0,85.0,74.0,49.0,41.0,0.0
-79,-75.0,-73.0,-58.0,-59.0,-74.0,-99.0,-121.0,-132.0,-122.0,-84.0,-36.0,8.0,31.0,32.0,7.0,0.0
-33,-1.0,35.0,68.0,99.0,120.0,132.0,133.0,120.0,98.0,73.0,47.0,6.0,-35.0,-75.0,-108.0,0.0
-111,-89.0,-72.0,-54.0,-35.0,-3.0,43.0,77.0,110.0,134.0,137.0,108.0,53.0,-13.0,-72.0,-105.0,0.0
-4,8.0,20.0,31.0,30.0,6.0,-5.0,22.0,0.0,-29.0,-23.0,-24.0,-36.0,-20.0,10.0,47.0,0.0
73,80.0,97.0,109.0,105.0,87.0,66.0,43.0,35.0,38.0,49.0,50.0,46.0,39.0,24.0,25.0,0.0
11,14.0,21.0,31.0,43.0,47.0,41.0,19.0,-6.0,-28.0,-43.0,-41.0,-38.0,-36.0,-36.0,-23.0,0.0
-18,-53.0,-46.0,-40.0,-22.0,18.0,48.0,55.0,55.0,41.0,6.0,-24.0,-30.0,-33.0,-10.0,24.0,0.0
60,76.0,67.0,52.0,21.0,-13.0,-33.0,-39.0,-53.0,-51.0,-23.0,-4.0,-13.0,-40.0,-72.0,-118.0,0.0
49,40.0,17.0,5.0,3.0,17.0,29.0,27.0,22.0,11.0,5.0,6.0,5.0,7.0,-1.0,15.0,0.0
5,-15.0,-11.0,3.0,9.0,5.0,12.0,-2.0,-27.0,-46.0,-52.0,-45.0,-26.0,-1.0,-5.0,-14.0,0.0
-28,-14.0,-19.0,-25.0,-26.0,-18.0,-18.0,-6.0,10.0,8.0,10.0,3.0,-4.0,-10.0,-13.0,-15.0,0.0
-91,-105.0,-74.0,-14.0,42.0,62.0,52.0,35.0,11.0,7.0,14.0,21.0,14.0,-7.0,-31.0,-55.0,0.0
-33,-13.0,17.0,50.0,61.0,44.0,14.0,-30.0,-74.0,-102.0,-105.0,-82.0,-51.0,-11.0,1.0,-5.0,0.0
-15,-32.0,-42.0,-48.0,-47.0,-33.0,-8.0,12.0,17.0,1.0,4.0,12.0,15.0,24.0,23.0,9.0,0.0
45,43.0,-1.0,-70.0,-121.0,-148.0,-166.0,-146.0,-76.0,-12.0,13.0,18.0,7.0,-23.0,-48.0,-80.0,0.0
15,5.0,19.0,28.0,32.0,40.0,57.0,68.0,76.0,72.0,71.0,63.0,61.0,60.0,27.0,-29.0,0.0
44,32.0,10.0,-1.0,-19.0,-44.0,-78.0,-94.0,-79.0,-54.0,-16.0,11.0,26.0,24.0,26.0,39.0,0.0
42,14.0,-28.0,-70.0,-107.0,-125.0,-127.0,-123.0,-112.0,-99.0,-72.0,-45.0,-2.0,51.0,96.0,126.0,0.0
-124,-112.0,-77.0,-31.0,17.0,24.0,11.0,-31.0,-83.0,-105.0,-95.0,-70.0,-79.0,-98.0,-119.0,-106.0,0.0
0,39.0,58.0,66.0,64.0,52.0,30.0,6.0,-18.0,-62.0,-105.0,-137.0,-137.0,-126.0,-98.0,-72.0,0.0
55,46.0,7.0,-48.0,-91.0,-128.0,-144.0,-157.0,-167.0,-171.0,-151.0,-106.0,-48.0,14.0,63.0,82.0,0.0
55,83.0,102.0,99.0,102.0,101.0,121.0,151.0,162.0,149.0,123.0,107.0,80.0,54.0,33.0,22.0,0.0
-61,-60.0,-76.0,-71.0,-50.0,-30.0,-18.0,10.0,35.0,48.0,67.0,81.0,70.0,20.0,1.0,-29.0,0.0
11,-16.0,-38.0,-56.0,-61.0,-72.0,-72.0,-71.0,-67.0,-51.0,-27.0,4.0,28.0,43.0,34.0,19.0,0.0
6,8.0,3.0,-3.0,5.0,7.0,8.0,-7.0,-2.0,1.0,-4.0,3.0,6.0,-3.0,-4.0,0.0,1.0
6,9.0,3.0,-6.0,5.0,7.0,7.0,-7.0,-3.0,3.0,-5.0,2.0,6.0,-1.0,-7.0,0.0,1.0
6,10.0,3.0,-9.0,4.0,8.0,5.0,-6.0,-4.0,4.0,-6.0,1.0,4.0,-2.0,-7.0,1.0,1.0
6,10.0,3.0,-10.0,3.0,9.0,2.0,-4.0,-4.0,4.0,-6.0,1.0,3.0,-3.0,-6.0,1.0,1.0
5,10.0,3.0,-11.0,2.0,9.0,-2.0,-2.0,-3.0,4.0,-6.0,0.0,3.0,-4.0,-6.0,1.0,1.0
4,8.0,3.0,-10.0,2.0,9.0,-5.0,-1.0,-3.0,3.0,-4.0,0.0,4.0,-3.0,-7.0,1.0,1.0
5,6.0,2.0,-9.0,4.0,7.0,-7.0,-1.0,-3.0,3.0,-2.0,-1.0,5.0,0.0,-9.0,1.0,1.0
8,3.0,0.0,-7.0,6.0,5.0,-8.0,0.0,-3.0,5.0,-1.0,-3.0,5.0,2.0,-10.0,1.0,1.0
11,-1.0,-2.0,-5.0,7.0,3.0,-8.0,1.0,-5.0,9.0,-1.0,-6.0,3.0,3.0,-10.0,1.0,1.0
12,-5.0,-4.0,-4.0,7.0,-1.0,-8.0,2.0,-6.0,13.0,-2.0,-9.0,0.0,4.0,-9.0,1.0,1.0
11,-9.0,-5.0,-2.0,5.0,-5.0,-8.0,3.0,-7.0,16.0,-5.0,-10.0,-4.0,5.0,-9.0,1.0,1.0
-4,0.0,7.0,2.0,-2.0,-4.0,10.0,0.0,-6.0,5.0,-1.0,-1.0,-3.0,3.0,-8.0,5.0,1.0
-3,2.0,7.0,-2.0,-1.0,-5.0,9.0,-1.0,-6.0,3.0,-1.0,-2.0,-7.0,7.0,-10.0,4.0,1.0
0,2.0,5.0,-6.0,0.0,-5.0,7.0,-1.0,-5.0,1.0,0.0,-2.0,-9.0,9.0,-10.0,3.0,1.0
10,-13.0,-6.0,7.0,5.0,-7.0,-3.0,3.0,6.0,-8.0,-14.0,5.0,-8.0,0.0,-5.0,1.0,1.0
11,-12.0,-5.0,6.0,7.0,-7.0,-1.0,2.0,6.0,-6.0,-14.0,5.0,-8.0,0.0,-3.0,1.0,1.0
12,-11.0,-3.0,5.0,8.0,-7.0,0.0,2.0,5.0,-2.0,-13.0,4.0,-8.0,0.0,0.0,1.0,1.0
13,-9.0,-1.0,3.0,8.0,-5.0,2.0,1.0,4.0,2.0,-12.0,3.0,-7.0,-1.0,5.0,1.0,1.0
13,-8.0,1.0,2.0,8.0,-4.0,3.0,1.0,3.0,5.0,-9.0,3.0,-6.0,-2.0,9.0,1.0,1.0
4,-3.0,-4.0,10.0,4.0,2.0,-1.0,2.0,4.0,-4.0,-5.0,8.0,-1.0,-3.0,8.0,-2.0,1.0
-1,-5.0,-10.0,3.0,5.0,-17.0,-5.0,3.0,-4.0,-11.0,-19.0,11.0,-3.0,-14.0,-13.0,6.0,1.0
0,-6.0,-11.0,2.0,4.0,-14.0,-8.0,3.0,-4.0,-11.0,-19.0,11.0,-4.0,-15.0,-11.0,6.0,1.0
1,-7.0,-11.0,2.0,3.0,-12.0,-8.0,2.0,-4.0,-12.0,-18.0,11.0,-6.0,-18.0,-6.0,6.0,1.0
-2,6.0,13.0,3.0,2.0,11.0,9.0,-1.0,1.0,-1.0,14.0,9.0,4.0,3.0,14.0,4.0,1.0
-4,11.0,14.0,2.0,1.0,13.0,11.0,-2.0,1.0,2.0,14.0,7.0,3.0,6.0,13.0,2.0,1.0
-5,14.0,15.0,3.0,1.0,14.0,14.0,-2.0,1.0,5.0,14.0,5.0,2.0,10.0,11.0,1.0,1.0
-6,14.0,16.0,5.0,0.0,14.0,16.0,-1.0,2.0,6.0,13.0,3.0,1.0,15.0,8.0,-1.0,1.0
-5,13.0,16.0,7.0,-1.0,13.0,17.0,1.0,3.0,6.0,11.0,2.0,0.0,17.0,7.0,-2.0,1.0
-2,11.0,12.0,11.0,3.0,10.0,19.0,1.0,9.0,6.0,7.0,3.0,1.0,10.0,13.0,1.0,1.0
-3,13.0,12.0,11.0,3.0,9.0,20.0,1.0,9.0,8.0,7.0,3.0,2.0,10.0,13.0,0.0,1.0
-5,15.0,11.0,10.0,3.0,8.0,19.0,1.0,9.0,10.0,7.0,1.0,3.0,12.0,13.0,-1.0,1.0
-5,14.0,10.0,9.0,2.0,8.0,17.0,2.0,7.0,13.0,8.0,-1.0,4.0,16.0,11.0,-3.0,1.0
-6,13.0,9.0,8.0,-1.0,9.0,13.0,3.0,6.0,14.0,8.0,-3.0,4.0,19.0,8.0,-4.0,1.0
-4,12.0,7.0,5.0,-5.0,11.0,9.0,4.0,6.0,14.0,11.0,-6.0,3.0,18.0,7.0,-4.0,1.0
-2,11.0,7.0,3.0,-5.0,10.0,9.0,4.0,6.0,11.0,13.0,-8.0,3.0,16.0,8.0,-4.0,1.0
-1,11.0,7.0,1.0,-4.0,9.0,10.0,3.0,7.0,8.0,14.0,-9.0,2.0,14.0,8.0,-4.0,1.0
0,11.0,8.0,-1.0,-2.0,8.0,10.0,2.0,9.0,6.0,14.0,-10.0,2.0,13.0,8.0,-4.0,1.0
2,11.0,8.0,-1.0,2.0,7.0,10.0,2.0,11.0,4.0,14.0,-11.0,2.0,12.0,8.0,-5.0,1.0
4,10.0,8.0,1.0,5.0,6.0,9.0,2.0,14.0,4.0,13.0,-11.0,5.0,13.0,7.0,-5.0,1.0
7,9.0,8.0,3.0,9.0,6.0,9.0,3.0,18.0,4.0,12.0,-10.0,10.0,14.0,4.0,-5.0,1.0
9,9.0,8.0,4.0,13.0,7.0,8.0,3.0,22.0,4.0,11.0,-8.0,18.0,13.0,2.0,-4.0,1.0
11,10.0,8.0,6.0,17.0,8.0,8.0,3.0,26.0,5.0,9.0,-5.0,26.0,9.0,3.0,-4.0,1.0
14,13.0,9.0,7.0,23.0,10.0,8.0,2.0,29.0,8.0,8.0,-2.0,34.0,6.0,6.0,-3.0,1.0
18,16.0,9.0,7.0,28.0,13.0,8.0,1.0,33.0,11.0,8.0,1.0,40.0,6.0,8.0,-2.0,1.0
24,19.0,9.0,7.0,36.0,17.0,8.0,-1.0,37.0,15.0,8.0,3.0,44.0,10.0,10.0,-1.0,1.0
32,22.0,9.0,8.0,43.0,22.0,8.0,-3.0,41.0,19.0,9.0,5.0,48.0,16.0,10.0,-1.0,1.0
39,24.0,8.0,9.0,51.0,25.0,9.0,-5.0,45.0,23.0,10.0,6.0,52.0,24.0,9.0,0.0,1.0
45,25.0,8.0,9.0,57.0,26.0,11.0,-6.0,49.0,27.0,12.0,7.0,56.0,30.0,9.0,0.0,1.0
48,26.0,8.0,9.0,61.0,26.0,12.0,-7.0,52.0,30.0,13.0,7.0,60.0,34.0,9.0,0.0,1.0
50,24.0,9.0,9.0,63.0,22.0,13.0,-7.0,55.0,33.0,14.0,7.0,62.0,38.0,10.0,-1.0,1.0
50,23.0,9.0,8.0,64.0,17.0,14.0,-6.0,59.0,36.0,13.0,6.0,64.0,41.0,11.0,-1.0,1.0
49,20.0,8.0,8.0,64.0,12.0,14.0,-5.0,63.0,38.0,12.0,5.0,64.0,44.0,11.0,-2.0,1.0
49,15.0,9.0,8.0,62.0,7.0,14.0,-3.0,67.0,39.0,10.0,2.0,64.0,47.0,9.0,-3.0,1.0
48,10.0,9.0,7.0,58.0,4.0,14.0,-2.0,70.0,39.0,8.0,0.0,63.0,51.0,6.0,-4.0,1.0
45,5.0,10.0,7.0,53.0,2.0,14.0,-2.0,72.0,37.0,6.0,-3.0,60.0,53.0,3.0,-4.0,1.0
42,2.0,10.0,6.0,49.0,1.0,13.0,-2.0,73.0,35.0,5.0,-5.0,56.0,53.0,4.0,-5.0,1.0
38,0.0,10.0,6.0,44.0,0.0,12.0,-2.0,72.0,32.0,5.0,-6.0,51.0,52.0,6.0,-5.0,1.0
33,1.0,9.0,5.0,41.0,-1.0,11.0,-3.0,71.0,30.0,5.0,-6.0,46.0,52.0,8.0,-5.0,1.0
26,3.0,8.0,4.0,37.0,-3.0,10.0,-3.0,68.0,29.0,7.0,-6.0,41.0,52.0,10.0,-4.0,1.0
-9,-3.0,4.0,5.0,10.0,-10.0,8.0,-11.0,25.0,23.0,13.0,9.0,-1.0,54.0,22.0,-5.0,1.0
-11,-2.0,4.0,4.0,8.0,-9.0,8.0,-12.0,21.0,23.0,13.0,9.0,-4.0,52.0,23.0,-5.0,1.0
-14,-1.0,5.0,3.0,6.0,-8.0,9.0,-13.0,18.0,24.0,13.0,8.0,-6.0,51.0,24.0,-6.0,1.0
-19,1.0,7.0,2.0,3.0,-8.0,9.0,-13.0,16.0,25.0,12.0,6.0,-7.0,50.0,22.0,-6.0,1.0
-22,2.0,8.0,0.0,1.0,-9.0,9.0,-13.0,14.0,26.0,11.0,4.0,-7.0,50.0,18.0,-6.0,1.0
-24,1.0,9.0,-2.0,-3.0,-9.0,9.0,-13.0,13.0,27.0,9.0,2.0,-7.0,50.0,14.0,-6.0,1.0
-25,-1.0,10.0,-3.0,-7.0,-10.0,9.0,-12.0,11.0,27.0,6.0,1.0,-8.0,48.0,10.0,-4.0,1.0
-25,-5.0,10.0,-3.0,-10.0,-10.0,9.0,-11.0,9.0,27.0,3.0,0.0,-10.0,45.0,6.0,-2.0,1.0
-6,-2.0,0.0,4.0,-9.0,3.0,1.0,2.0,1.0,-9.0,-12.0,9.0,-4.0,-8.0,2.0,-2.0,1.0
-3,-3.0,0.0,4.0,-7.0,2.0,1.0,2.0,2.0,-9.0,-15.0,9.0,-4.0,-11.0,4.0,-1.0,1.0
-1,-3.0,0.0,3.0,-5.0,2.0,0.0,2.0,4.0,-9.0,-16.0,8.0,-4.0,-14.0,4.0,0.0,1.0
-1,-2.0,1.0,1.0,-3.0,1.0,-1.0,2.0,5.0,-9.0,-16.0,7.0,-3.0,-16.0,4.0,2.0,1.0
38,0.0,3.0,-1.0,35.0,3.0,2.0,0.0,31.0,8.0,-2.0,5.0,36.0,1.0,4.0,1.0,1.0
47,7.0,3.0,-1.0,44.0,10.0,2.0,1.0,37.0,13.0,-3.0,7.0,45.0,1.0,6.0,2.0,1.0
57,14.0,3.0,1.0,53.0,17.0,2.0,2.0,43.0,17.0,-4.0,8.0,55.0,2.0,5.0,3.0,1.0
66,20.0,3.0,2.0,63.0,22.0,2.0,3.0,50.0,21.0,-5.0,9.0,65.0,2.0,4.0,4.0,1.0
74,24.0,3.0,2.0,72.0,26.0,3.0,3.0,56.0,23.0,-6.0,10.0,74.0,1.0,4.0,5.0,1.0
81,27.0,5.0,2.0,80.0,28.0,3.0,4.0,62.0,25.0,-7.0,10.0,82.0,-2.0,3.0,6.0,1.0
89,30.0,6.0,1.0,87.0,30.0,4.0,5.0,68.0,26.0,-7.0,10.0,90.0,-4.0,4.0,7.0,1.0
98,32.0,7.0,-1.0,94.0,32.0,5.0,5.0,73.0,27.0,-7.0,10.0,97.0,-6.0,5.0,8.0,1.0
105,34.0,8.0,-2.0,101.0,33.0,6.0,5.0,79.0,28.0,-6.0,9.0,105.0,-6.0,5.0,7.0,1.0
6,5.0,-4.0,3.0,5.0,9.0,-10.0,6.0,-9.0,-1.0,8.0,10.0,10.0,0.0,0.0,-2.0,1.0
8,2.0,-5.0,5.0,7.0,6.0,-10.0,7.0,-8.0,0.0,9.0,12.0,11.0,3.0,2.0,-4.0,1.0
10,-1.0,-4.0,8.0,10.0,3.0,-9.0,7.0,-7.0,0.0,9.0,14.0,13.0,5.0,4.0,-5.0,1.0
13,-3.0,-4.0,10.0,15.0,1.0,-6.0,7.0,-4.0,1.0,10.0,16.0,16.0,5.0,6.0,-6.0,1.0
16,-3.0,-4.0,12.0,19.0,-1.0,-2.0,6.0,1.0,1.0,10.0,17.0,22.0,2.0,9.0,-5.0,1.0
21,-2.0,-4.0,13.0,23.0,-1.0,1.0,5.0,7.0,3.0,9.0,18.0,28.0,-2.0,12.0,-3.0,1.0
26,0.0,-4.0,13.0,27.0,1.0,4.0,4.0,13.0,6.0,8.0,17.0,35.0,-4.0,14.0,0.0,1.0
38,7.0,-2.0,11.0,37.0,8.0,9.0,1.0,30.0,17.0,5.0,10.0,48.0,-2.0,12.0,3.0,1.0
44,11.0,0.0,9.0,42.0,12.0,10.0,1.0,38.0,23.0,4.0,5.0,53.0,2.0,11.0,4.0,1.0
50,14.0,2.0,7.0,47.0,13.0,11.0,1.0,45.0,29.0,4.0,0.0,58.0,7.0,9.0,4.0,1.0
55,17.0,2.0,6.0,53.0,13.0,11.0,2.0,50.0,33.0,4.0,-3.0,63.0,10.0,8.0,4.0,1.0
58,17.0,3.0,4.0,58.0,12.0,9.0,3.0,53.0,35.0,5.0,-3.0,67.0,11.0,7.0,4.0,1.0
61,16.0,2.0,3.0,63.0,10.0,6.0,4.0,54.0,34.0,6.0,-1.0,71.0,12.0,6.0,5.0,1.0
64,14.0,1.0,1.0,67.0,8.0,1.0,3.0,54.0,33.0,6.0,2.0,73.0,12.0,5.0,5.0,1.0
66,12.0,-1.0,-1.0,70.0,6.0,-3.0,2.0,54.0,32.0,6.0,5.0,75.0,12.0,5.0,5.0,1.0
68,11.0,-3.0,-3.0,74.0,5.0,-6.0,1.0,56.0,30.0,5.0,8.0,76.0,12.0,6.0,6.0,1.0
71,9.0,-5.0,-3.0,77.0,5.0,-8.0,-1.0,60.0,28.0,3.0,11.0,77.0,11.0,7.0,6.0,1.0
75,8.0,-6.0,-3.0,79.0,7.0,-8.0,-2.0,64.0,26.0,1.0,13.0,79.0,10.0,9.0,6.0,1.0
78,8.0,-6.0,-1.0,81.0,9.0,-7.0,-4.0,67.0,24.0,-1.0,16.0,81.0,9.0,10.0,7.0,1.0
80,7.0,-5.0,2.0,82.0,11.0,-5.0,-4.0,69.0,23.0,-2.0,19.0,83.0,8.0,10.0,8.0,1.0
81,6.0,-4.0,6.0,83.0,12.0,-3.0,-4.0,70.0,21.0,-2.0,22.0,85.0,8.0,9.0,9.0,1.0
80,6.0,-2.0,10.0,85.0,11.0,0.0,-3.0,69.0,19.0,-1.0,25.0,86.0,9.0,8.0,10.0,1.0
77,6.0,-1.0,13.0,86.0,10.0,3.0,-3.0,67.0,17.0,1.0,28.0,86.0,11.0,6.0,10.0,1.0
75,6.0,0.0,15.0,84.0,9.0,6.0,-3.0,64.0,15.0,3.0,31.0,84.0,13.0,5.0,10.0,1.0
72,6.0,0.0,17.0,80.0,9.0,7.0,-2.0,60.0,13.0,5.0,32.0,80.0,16.0,4.0,10.0,1.0
69,6.0,0.0,17.0,74.0,9.0,8.0,0.0,56.0,12.0,7.0,31.0,75.0,18.0,5.0,9.0,1.0
64,6.0,-1.0,17.0,66.0,9.0,8.0,3.0,51.0,11.0,8.0,28.0,69.0,17.0,6.0,8.0,1.0
56,7.0,-2.0,17.0,58.0,6.0,7.0,6.0,46.0,11.0,9.0,25.0,63.0,13.0,6.0,7.0,1.0
45,7.0,-3.0,17.0,51.0,2.0,4.0,10.0,40.0,10.0,8.0,20.0,57.0,8.0,6.0,6.0,1.0
33,6.0,-3.0,17.0,43.0,-3.0,2.0,11.0,34.0,9.0,6.0,13.0,50.0,3.0,5.0,4.0,1.0
-2,5.0,0.0,2.0,-7.0,9.0,5.0,-3.0,4.0,10.0,-8.0,-7.0,-8.0,15.0,-9.0,0.0,1.0
-1,6.0,-1.0,-2.0,-6.0,11.0,2.0,-5.0,5.0,9.0,-10.0,-9.0,-9.0,19.0,-13.0,-2.0,1.0
0,7.0,-1.0,-6.0,-5.0,11.0,1.0,-6.0,5.0,8.0,-11.0,-9.0,-10.0,20.0,-14.0,-3.0,1.0
1,8.0,-1.0,-9.0,-5.0,10.0,0.0,-7.0,5.0,7.0,-10.0,-8.0,-9.0,17.0,-12.0,-3.0,1.0
2,8.0,-1.0,-12.0,-5.0,10.0,-1.0,-7.0,5.0,6.0,-9.0,-7.0,-7.0,11.0,-7.0,-3.0,1.0
4,9.0,-1.0,-14.0,-5.0,11.0,0.0,-7.0,5.0,4.0,-6.0,-6.0,-5.0,5.0,-1.0,-3.0,1.0
6,11.0,-1.0,-16.0,-5.0,11.0,1.0,-8.0,4.0,2.0,-3.0,-5.0,-5.0,0.0,5.0,-3.0,1.0
7,12.0,-2.0,-16.0,-4.0,12.0,2.0,-8.0,3.0,-1.0,0.0,-4.0,-6.0,-3.0,8.0,-2.0,1.0
8,13.0,-3.0,-15.0,-4.0,12.0,4.0,-9.0,2.0,-4.0,2.0,-3.0,-7.0,-1.0,7.0,-1.0,1.0
9,12.0,-4.0,-14.0,-4.0,11.0,6.0,-9.0,2.0,-6.0,3.0,-1.0,-8.0,2.0,4.0,-1.0,1.0
9,11.0,-5.0,-12.0,-4.0,9.0,7.0,-9.0,3.0,-7.0,2.0,0.0,-8.0,4.0,1.0,0.0,1.0
7,11.0,-6.0,-11.0,-5.0,6.0,7.0,-7.0,5.0,-7.0,0.0,0.0,-8.0,5.0,1.0,1.0,1.0
6,10.0,-7.0,-10.0,-5.0,4.0,6.0,-6.0,6.0,-5.0,-2.0,-1.0,-9.0,6.0,0.0,1.0,1.0
5,9.0,-8.0,-10.0,-7.0,2.0,5.0,-4.0,6.0,-3.0,-3.0,-2.0,-10.0,7.0,-1.0,2.0,1.0
6,2.0,-8.0,-6.0,0.0,-3.0,-1.0,-2.0,14.0,7.0,-1.0,-10.0,-9.0,34.0,-1.0,-12.0,1.0
6,1.0,-7.0,-7.0,2.0,-5.0,-2.0,-3.0,19.0,10.0,-3.0,-11.0,-6.0,30.0,4.0,-13.0,1.0
8,-2.0,-6.0,-8.0,5.0,-8.0,-2.0,-3.0,23.0,12.0,-4.0,-12.0,-4.0,28.0,7.0,-14.0,1.0
10,-5.0,-5.0,-10.0,8.0,-11.0,-3.0,-4.0,27.0,14.0,-6.0,-14.0,-2.0,30.0,8.0,-15.0,1.0
11,-8.0,-3.0,-10.0,10.0,-14.0,-4.0,-4.0,30.0,16.0,-7.0,-16.0,-1.0,34.0,7.0,-16.0,1.0
1,1.0,-3.0,-9.0,-4.0,1.0,-7.0,-1.0,-3.0,2.0,-4.0,2.0,-9.0,2.0,-4.0,7.0,1.0
3,2.0,-4.0,-11.0,-6.0,3.0,-6.0,-2.0,-2.0,2.0,-5.0,0.0,-10.0,3.0,-6.0,7.0,1.0
4,3.0,-5.0,-12.0,-7.0,4.0,-4.0,-3.0,-2.0,2.0,-6.0,-1.0,-12.0,5.0,-7.0,6.0,1.0
3,9.0,-8.0,-6.0,-6.0,6.0,0.0,-1.0,3.0,4.0,-11.0,0.0,-10.0,4.0,-3.0,4.0,1.0
3,9.0,-8.0,-5.0,-6.0,6.0,0.0,0.0,4.0,4.0,-13.0,1.0,-8.0,4.0,-6.0,5.0,1.0
3,9.0,-8.0,-5.0,-6.0,4.0,0.0,1.0,4.0,5.0,-15.0,0.0,-8.0,7.0,-10.0,5.0,1.0
3,7.0,-8.0,-4.0,-6.0,3.0,-1.0,2.0,3.0,7.0,-15.0,-1.0,-8.0,10.0,-14.0,5.0,1.0
3,3.0,-7.0,-3.0,-7.0,1.0,-1.0,3.0,1.0,9.0,-15.0,-2.0,-8.0,11.0,-14.0,4.0,1.0
1,0.0,-6.0,-1.0,-8.0,0.0,-2.0,4.0,-2.0,10.0,-13.0,-3.0,-10.0,12.0,-13.0,3.0,1.0
-12,4.0,-1.0,-7.0,-12.0,-6.0,-2.0,5.0,-9.0,-2.0,1.0,-17.0,-16.0,-6.0,-1.0,-4.0,1.0
-8,3.0,-1.0,-7.0,-10.0,-6.0,-2.0,4.0,-7.0,0.0,1.0,-19.0,-14.0,-5.0,-3.0,-5.0,1.0
-4,2.0,-1.0,-8.0,-8.0,-5.0,-1.0,3.0,-6.0,2.0,0.0,-19.0,-10.0,-3.0,-4.0,-6.0,1.0
-1,1.0,1.0,-8.0,-5.0,-4.0,-1.0,2.0,-5.0,4.0,1.0,-18.0,-7.0,2.0,-7.0,-6.0,1.0
2,0.0,3.0,-8.0,-3.0,-3.0,0.0,2.0,-5.0,6.0,1.0,-16.0,-5.0,7.0,-11.0,-5.0,1.0
2,-1.0,5.0,-8.0,-2.0,-2.0,1.0,2.0,-5.0,8.0,3.0,-13.0,-2.0,12.0,-13.0,-3.0,1.0
1,0.0,6.0,-8.0,-1.0,-3.0,1.0,2.0,-5.0,8.0,4.0,-9.0,-2.0,15.0,-14.0,-2.0,1.0
-2,0.0,8.0,-7.0,-2.0,-3.0,2.0,2.0,-5.0,6.0,5.0,-7.0,-3.0,13.0,-11.0,-1.0,1.0
0,16.0,-3.0,-11.0,-10.0,12.0,2.0,-3.0,1.0,3.0,1.0,-10.0,-10.0,1.0,2.0,2.0,1.0
-3,18.0,-3.0,-12.0,-10.0,12.0,2.0,-3.0,-2.0,-1.0,3.0,-8.0,-11.0,3.0,-3.0,2.0,1.0
1,11.0,-6.0,1.0,4.0,6.0,-4.0,2.0,-1.0,-1.0,3.0,-1.0,-4.0,-1.0,4.0,0.0,1.0
-1,13.0,-6.0,2.0,4.0,6.0,-5.0,3.0,-2.0,-2.0,3.0,1.0,-3.0,-3.0,5.0,0.0,1.0
3,10.0,6.0,1.0,6.0,9.0,-3.0,7.0,-2.0,15.0,5.0,-3.0,4.0,10.0,5.0,-4.0,1.0
3,9.0,7.0,3.0,7.0,9.0,-3.0,7.0,1.0,16.0,5.0,-5.0,4.0,14.0,2.0,-4.0,1.0
1,9.0,8.0,4.0,9.0,8.0,-2.0,7.0,2.0,16.0,5.0,-7.0,4.0,16.0,1.0,-4.0,1.0
-1,10.0,9.0,4.0,12.0,6.0,-1.0,5.0,3.0,15.0,5.0,-9.0,4.0,14.0,0.0,-4.0,1.0
-2,13.0,10.0,3.0,15.0,5.0,1.0,3.0,4.0,13.0,6.0,-10.0,5.0,14.0,-3.0,-3.0,1.0
-1,14.0,10.0,0.0,17.0,6.0,2.0,-1.0,4.0,11.0,6.0,-11.0,5.0,15.0,-7.0,-3.0,1.0
2,15.0,9.0,-3.0,18.0,8.0,1.0,-4.0,5.0,8.0,6.0,-11.0,4.0,16.0,-9.0,-3.0,1.0
5,15.0,8.0,-6.0,20.0,10.0,-1.0,-6.0,5.0,7.0,6.0,-10.0,4.0,16.0,-9.0,-3.0,1.0
9,14.0,6.0,-7.0,21.0,11.0,-4.0,-7.0,6.0,6.0,5.0,-9.0,4.0,13.0,-7.0,-3.0,1.0
13,12.0,3.0,-8.0,22.0,11.0,-6.0,-6.0,6.0,6.0,4.0,-7.0,6.0,10.0,-5.0,-3.0,1.0
16,11.0,1.0,-7.0,24.0,9.0,-7.0,-5.0,6.0,6.0,2.0,-6.0,7.0,6.0,-3.0,-3.0,1.0
17,10.0,-1.0,-6.0,24.0,7.0,-7.0,-5.0,6.0,6.0,0.0,-4.0,8.0,6.0,-3.0,-3.0,1.0
16,9.0,-3.0,-5.0,23.0,5.0,-6.0,-5.0,6.0,7.0,-2.0,-3.0,9.0,7.0,-6.0,-3.0,1.0
15,7.0,-5.0,-4.0,22.0,4.0,-6.0,-6.0,5.0,7.0,-3.0,-1.0,10.0,8.0,-8.0,-4.0,1.0
14,6.0,-6.0,-2.0,22.0,3.0,-5.0,-7.0,3.0,7.0,-3.0,0.0,12.0,8.0,-7.0,-5.0,1.0
14,4.0,-7.0,-1.0,21.0,2.0,-6.0,-7.0,1.0,7.0,-2.0,1.0,13.0,5.0,-5.0,-6.0,1.0
12,4.0,-9.0,1.0,20.0,2.0,-7.0,-7.0,-1.0,6.0,-1.0,3.0,14.0,1.0,-3.0,-6.0,1.0
11,3.0,-9.0,1.0,18.0,2.0,-8.0,-7.0,-3.0,5.0,-1.0,4.0,15.0,-3.0,-1.0,-5.0,1.0
11,3.0,-9.0,-1.0,17.0,2.0,-8.0,-7.0,-6.0,5.0,0.0,5.0,14.0,-6.0,-1.0,-3.0,1.0
9,4.0,-9.0,-1.0,16.0,1.0,-8.0,-7.0,-8.0,6.0,1.0,6.0,13.0,-7.0,0.0,-2.0,1.0
11,5.0,4.0,16.0,14.0,9.0,10.0,3.0,11.0,9.0,0.0,6.0,12.0,1.0,13.0,0.0,1.0
12,7.0,2.0,15.0,14.0,10.0,10.0,2.0,10.0,11.0,1.0,5.0,13.0,5.0,10.0,-1.0,1.0
12,6.0,0.0,15.0,14.0,9.0,9.0,1.0,8.0,12.0,1.0,5.0,13.0,8.0,6.0,-1.0,1.0
12,4.0,-2.0,14.0,14.0,6.0,8.0,1.0,6.0,14.0,1.0,4.0,13.0,9.0,4.0,-1.0,1.0
11,3.0,-3.0,14.0,14.0,3.0,8.0,1.0,5.0,15.0,2.0,4.0,13.0,10.0,3.0,0.0,1.0
9,3.0,-3.0,14.0,14.0,1.0,7.0,2.0,3.0,16.0,1.0,3.0,12.0,10.0,1.0,1.0,1.0
6,3.0,-3.0,14.0,11.0,1.0,6.0,3.0,2.0,17.0,0.0,3.0,13.0,9.0,-1.0,1.0,1.0
4,3.0,-3.0,13.0,8.0,3.0,5.0,3.0,1.0,17.0,-2.0,4.0,14.0,7.0,-4.0,2.0,1.0
3,2.0,-2.0,13.0,5.0,4.0,3.0,3.0,-1.0,16.0,-4.0,5.0,16.0,4.0,-6.0,2.0,1.0
1,0.0,-1.0,12.0,2.0,5.0,3.0,2.0,-1.0,14.0,-6.0,7.0,17.0,2.0,-7.0,3.0,1.0
-1,-2.0,-1.0,12.0,0.0,5.0,2.0,2.0,-1.0,12.0,-8.0,9.0,17.0,2.0,-9.0,3.0,1.0
-1,-3.0,0.0,12.0,1.0,3.0,3.0,3.0,0.0,11.0,-10.0,11.0,14.0,4.0,-9.0,3.0,1.0
-1,-3.0,0.0,13.0,2.0,1.0,3.0,3.0,0.0,9.0,-11.0,13.0,12.0,5.0,-8.0,2.0,1.0
1,-1.0,-1.0,12.0,5.0,1.0,3.0,3.0,0.0,9.0,-12.0,13.0,9.0,5.0,-6.0,2.0,1.0
3,1.0,-2.0,11.0,8.0,2.0,2.0,3.0,-1.0,9.0,-12.0,12.0,7.0,5.0,-5.0,2.0,1.0
6,4.0,-3.0,9.0,10.0,4.0,1.0,1.0,-2.0,11.0,-12.0,11.0,6.0,5.0,-4.0,1.0,1.0
7,6.0,-3.0,6.0,12.0,6.0,-1.0,0.0,-2.0,11.0,-13.0,9.0,7.0,3.0,-4.0,0.0,1.0
7,8.0,-3.0,5.0,13.0,6.0,-2.0,-1.0,-1.0,10.0,-13.0,9.0,9.0,1.0,-5.0,0.0,1.0
6,8.0,-3.0,5.0,13.0,5.0,-2.0,-1.0,-1.0,8.0,-12.0,9.0,11.0,0.0,-6.0,-1.0,1.0
6,5.0,-4.0,6.0,13.0,3.0,-1.0,-1.0,0.0,4.0,-11.0,10.0,11.0,-2.0,-6.0,-1.0,1.0
8,1.0,-5.0,8.0,12.0,-1.0,-1.0,0.0,-1.0,0.0,-9.0,11.0,11.0,-5.0,-4.0,-1.0,1.0
9,-5.0,-6.0,9.0,12.0,-4.0,-1.0,1.0,-3.0,-3.0,-8.0,12.0,9.0,-6.0,-3.0,-2.0,1.0
10,-10.0,-5.0,4.0,12.0,-8.0,-6.0,1.0,-11.0,-1.0,-12.0,16.0,0.0,-6.0,-2.0,0.0,1.0
10,-9.0,-4.0,5.0,14.0,-7.0,-4.0,0.0,-10.0,-1.0,-15.0,16.0,-1.0,-5.0,-4.0,1.0,1.0
10,-7.0,-3.0,5.0,15.0,-7.0,-3.0,0.0,-8.0,0.0,-18.0,16.0,-2.0,-3.0,-7.0,1.0,1.0
9,-4.0,-2.0,4.0,16.0,-7.0,-1.0,-1.0,-6.0,-1.0,-19.0,14.0,-3.0,-1.0,-8.0,0.0,1.0
7,-1.0,-2.0,2.0,17.0,-7.0,0.0,-3.0,-5.0,-1.0,-18.0,12.0,-2.0,-1.0,-8.0,-1.0,1.0
6,2.0,-3.0,-1.0,16.0,-7.0,0.0,-4.0,-4.0,-1.0,-16.0,8.0,-2.0,-3.0,-7.0,-2.0,1.0
7,3.0,-3.0,-3.0,16.0,-8.0,0.0,-6.0,-5.0,0.0,-13.0,3.0,-1.0,-5.0,-5.0,-3.0,1.0
7,2.0,-4.0,-5.0,15.0,-9.0,-1.0,-6.0,-6.0,2.0,-10.0,-2.0,-1.0,-7.0,-4.0,-4.0,1.0
12,-1.0,0.0,-7.0,7.0,5.0,-3.0,-6.0,14.0,-8.0,4.0,-9.0,14.0,-9.0,-4.0,-1.0,1.0
13,0.0,-1.0,-8.0,7.0,7.0,-3.0,-6.0,16.0,-7.0,2.0,-11.0,17.0,-9.0,-7.0,-3.0,1.0
14,1.0,-1.0,-9.0,6.0,8.0,-4.0,-6.0,18.0,-7.0,-1.0,-12.0,21.0,-9.0,-10.0,-4.0,1.0
15,1.0,-1.0,-9.0,5.0,8.0,-4.0,-4.0,17.0,-7.0,-3.0,-10.0,23.0,-11.0,-12.0,-4.0,1.0
34,11.0,0.0,-4.0,27.0,14.0,-1.0,0.0,22.0,8.0,0.0,-12.0,38.0,-12.0,5.0,-11.0,1.0
31,10.0,1.0,0.0,27.0,12.0,0.0,2.0,22.0,8.0,3.0,-9.0,35.0,-8.0,10.0,-12.0,1.0
30,8.0,1.0,4.0,26.0,11.0,2.0,3.0,22.0,5.0,6.0,-5.0,33.0,-5.0,13.0,-13.0,1.0
30,6.0,0.0,6.0,24.0,10.0,4.0,3.0,21.0,2.0,8.0,-2.0,32.0,-5.0,16.0,-14.0,1.0
30,4.0,-1.0,7.0,22.0,10.0,5.0,3.0,19.0,-4.0,10.0,1.0,31.0,-7.0,16.0,-14.0,1.0
29,3.0,-2.0,7.0,21.0,9.0,5.0,3.0,16.0,-9.0,11.0,4.0,30.0,-11.0,15.0,-13.0,1.0
-22,-8.0,-7.0,-24.0,-8.0,-24.0,-19.0,-11.0,28.0,4.0,-21.0,-22.0,-3.0,7.0,-17.0,2.0,1.0
-25,-7.0,-7.0,-25.0,-8.0,-25.0,-20.0,-11.0,28.0,2.0,-20.0,-20.0,-1.0,5.0,-17.0,2.0,1.0
-14,11.0,-1.0,-12.0,-3.0,-9.0,-4.0,0.0,11.0,4.0,-3.0,-1.0,3.0,2.0,-2.0,8.0,1.0
-11,10.0,0.0,-11.0,-4.0,-8.0,-1.0,1.0,9.0,2.0,-1.0,-2.0,3.0,1.0,-1.0,7.0,1.0
-10,8.0,0.0,-8.0,-6.0,-8.0,2.0,2.0,9.0,-1.0,1.0,-2.0,2.0,0.0,0.0,5.0,1.0
-18,0.0,-2.0,-18.0,-12.0,-16.0,-7.0,-2.0,5.0,7.0,4.0,-18.0,-1.0,4.0,-6.0,1.0,1.0
-17,3.0,-2.0,-20.0,-12.0,-16.0,-6.0,-2.0,5.0,7.0,6.0,-19.0,0.0,5.0,-5.0,-1.0,1.0
-18,4.0,-2.0,-20.0,-12.0,-17.0,-5.0,-2.0,5.0,7.0,7.0,-19.0,1.0,6.0,-3.0,-4.0,1.0
-19,5.0,-1.0,-20.0,-12.0,-18.0,-4.0,-1.0,6.0,7.0,8.0,-19.0,0.0,8.0,-1.0,-5.0,1.0
-11,-3.0,3.0,-10.0,-6.0,-7.0,-6.0,-1.0,-9.0,12.0,7.0,-9.0,-4.0,6.0,-4.0,2.0,1.0
-11,-2.0,3.0,-11.0,-8.0,-6.0,-6.0,-1.0,-7.0,13.0,6.0,-12.0,-3.0,6.0,-4.0,0.0,1.0
-11,-2.0,2.0,-11.0,-9.0,-6.0,-6.0,-1.0,-4.0,13.0,5.0,-15.0,-1.0,7.0,-5.0,-2.0,1.0
-10,-3.0,2.0,-10.0,-10.0,-5.0,-5.0,-1.0,-2.0,13.0,3.0,-16.0,1.0,7.0,-6.0,-3.0,1.0
-9,-3.0,2.0,-8.0,-9.0,-6.0,-4.0,0.0,1.0,13.0,2.0,-15.0,4.0,7.0,-6.0,-4.0,1.0
-8,-5.0,0.0,-6.0,-7.0,-8.0,-3.0,0.0,4.0,11.0,-1.0,-13.0,5.0,6.0,-5.0,-5.0,1.0
-6,0.0,7.0,-8.0,3.0,-4.0,-2.0,-4.0,-7.0,2.0,4.0,-1.0,5.0,-3.0,-2.0,-3.0,1.0
-7,4.0,7.0,-8.0,5.0,-4.0,-1.0,-5.0,-6.0,1.0,4.0,-3.0,8.0,-6.0,-4.0,-2.0,1.0
-15,14.0,4.0,0.0,3.0,-2.0,5.0,-4.0,-3.0,2.0,4.0,-3.0,4.0,-3.0,-1.0,1.0,1.0
-16,13.0,4.0,3.0,2.0,-1.0,6.0,-4.0,-4.0,4.0,4.0,-2.0,1.0,-1.0,0.0,2.0,1.0
0,6.0,1.0,0.0,9.0,-8.0,6.0,-1.0,2.0,5.0,5.0,-9.0,9.0,-5.0,-2.0,1.0,1.0
5,8.0,2.0,-5.0,11.0,-5.0,5.0,-2.0,3.0,7.0,6.0,-8.0,12.0,-4.0,-2.0,1.0,1.0
10,9.0,3.0,-9.0,14.0,-2.0,5.0,-4.0,5.0,8.0,7.0,-7.0,15.0,-3.0,-1.0,2.0,1.0
14,9.0,5.0,-12.0,15.0,1.0,5.0,-6.0,7.0,8.0,8.0,-4.0,18.0,-2.0,1.0,2.0,1.0
15,9.0,7.0,-13.0,17.0,1.0,6.0,-6.0,9.0,6.0,11.0,-1.0,21.0,-1.0,2.0,4.0,1.0
14,9.0,10.0,-12.0,18.0,0.0,8.0,-6.0,11.0,3.0,14.0,2.0,23.0,-1.0,4.0,5.0,1.0
11,8.0,12.0,-10.0,18.0,-2.0,11.0,-5.0,12.0,1.0,17.0,3.0,25.0,-2.0,5.0,5.0,1.0
7,6.0,13.0,-6.0,16.0,-5.0,13.0,-3.0,13.0,0.0,19.0,4.0,28.0,-3.0,6.0,5.0,1.0
-9,4.0,5.0,0.0,1.0,-2.0,4.0,-3.0,9.0,10.0,9.0,6.0,13.0,10.0,8.0,4.0,1.0
-9,5.0,6.0,-1.0,1.0,-2.0,4.0,-3.0,9.0,6.0,8.0,4.0,10.0,7.0,6.0,4.0,1.0
-9,5.0,7.0,-3.0,1.0,-2.0,4.0,-3.0,9.0,3.0,7.0,1.0,7.0,7.0,4.0,3.0,1.0
-8,5.0,7.0,-5.0,-1.0,-2.0,5.0,-3.0,9.0,2.0,6.0,-3.0,5.0,6.0,0.0,3.0,1.0
-7,4.0,8.0,-7.0,-3.0,-3.0,6.0,-3.0,9.0,2.0,5.0,-7.0,3.0,6.0,-3.0,3.0,1.0
-4,0.0,8.0,-8.0,-5.0,-3.0,6.0,-3.0,9.0,4.0,3.0,-10.0,2.0,7.0,-5.0,2.0,1.0
2,-5.0,7.0,-10.0,-6.0,-3.0,6.0,-3.0,10.0,7.0,2.0,-12.0,3.0,7.0,-6.0,2.0,1.0
25,-1.0,-2.0,5.0,9.0,15.0,2.0,1.0,13.0,16.0,10.0,7.0,22.0,14.0,11.0,0.0,1.0
23,-1.0,-3.0,7.0,11.0,12.0,1.0,2.0,14.0,18.0,11.0,11.0,24.0,17.0,12.0,0.0,1.0
23,-2.0,-3.0,9.0,13.0,9.0,1.0,4.0,16.0,18.0,10.0,14.0,25.0,19.0,13.0,1.0,1.0
24,-2.0,-4.0,11.0,16.0,8.0,1.0,6.0,17.0,17.0,9.0,18.0,27.0,18.0,13.0,2.0,1.0
27,-1.0,-3.0,13.0,19.0,7.0,2.0,7.0,19.0,16.0,7.0,20.0,29.0,16.0,12.0,4.0,1.0
30,0.0,-2.0,14.0,23.0,8.0,4.0,8.0,21.0,14.0,6.0,22.0,31.0,15.0,11.0,5.0,1.0
34,3.0,-1.0,14.0,27.0,9.0,5.0,8.0,24.0,13.0,5.0,22.0,34.0,15.0,11.0,5.0,1.0
37,6.0,1.0,11.0,31.0,11.0,6.0,8.0,27.0,13.0,5.0,22.0,37.0,16.0,10.0,5.0,1.0
40,9.0,2.0,9.0,34.0,13.0,7.0,6.0,31.0,15.0,6.0,20.0,41.0,16.0,10.0,6.0,1.0
42,11.0,3.0,6.0,37.0,14.0,7.0,5.0,35.0,16.0,7.0,18.0,46.0,15.0,9.0,6.0,1.0
45,13.0,4.0,5.0,40.0,15.0,7.0,4.0,38.0,17.0,7.0,17.0,51.0,13.0,7.0,8.0,1.0
47,13.0,4.0,5.0,43.0,15.0,8.0,3.0,42.0,16.0,7.0,16.0,54.0,11.0,5.0,10.0,1.0
49,13.0,5.0,6.0,47.0,14.0,8.0,3.0,46.0,15.0,6.0,15.0,56.0,11.0,4.0,11.0,1.0
50,12.0,5.0,9.0,50.0,13.0,8.0,4.0,50.0,14.0,4.0,16.0,57.0,11.0,3.0,12.0,1.0
51,10.0,6.0,12.0,53.0,11.0,8.0,5.0,53.0,13.0,3.0,16.0,58.0,12.0,2.0,12.0,1.0
53,10.0,6.0,14.0,57.0,12.0,9.0,6.0,54.0,13.0,3.0,17.0,60.0,12.0,2.0,12.0,1.0
55,11.0,6.0,16.0,60.0,13.0,9.0,6.0,54.0,13.0,4.0,17.0,62.0,12.0,3.0,12.0,1.0
58,13.0,6.0,17.0,64.0,15.0,10.0,6.0,54.0,15.0,6.0,16.0,64.0,14.0,2.0,11.0,1.0
60,17.0,5.0,16.0,67.0,17.0,9.0,5.0,53.0,17.0,9.0,15.0,65.0,18.0,2.0,10.0,1.0
62,21.0,4.0,14.0,70.0,19.0,8.0,4.0,53.0,18.0,13.0,13.0,66.0,22.0,2.0,8.0,1.0
63,26.0,3.0,12.0,72.0,21.0,7.0,4.0,53.0,20.0,15.0,13.0,67.0,26.0,2.0,6.0,1.0
64,29.0,2.0,9.0,73.0,23.0,5.0,3.0,52.0,22.0,16.0,13.0,69.0,26.0,4.0,4.0,1.0
64,31.0,2.0,8.0,73.0,25.0,5.0,3.0,52.0,23.0,16.0,14.0,71.0,24.0,6.0,2.0,1.0
64,32.0,3.0,8.0,74.0,26.0,5.0,2.0,52.0,23.0,15.0,16.0,73.0,21.0,10.0,1.0,1.0
64,33.0,4.0,9.0,76.0,26.0,6.0,2.0,52.0,22.0,14.0,17.0,73.0,19.0,14.0,-1.0,1.0
64,34.0,4.0,10.0,77.0,26.0,7.0,2.0,53.0,21.0,13.0,19.0,73.0,18.0,17.0,-1.0,1.0
65,34.0,3.0,11.0,78.0,25.0,7.0,2.0,54.0,20.0,14.0,19.0,71.0,19.0,18.0,0.0,1.0
67,32.0,2.0,11.0,78.0,24.0,7.0,3.0,56.0,20.0,14.0,19.0,69.0,22.0,17.0,1.0,1.0
71,29.0,1.0,11.0,78.0,24.0,7.0,3.0,57.0,21.0,14.0,17.0,66.0,25.0,16.0,2.0,1.0
74,24.0,1.0,10.0,78.0,23.0,7.0,3.0,57.0,24.0,14.0,13.0,64.0,27.0,14.0,3.0,1.0
77,20.0,2.0,10.0,77.0,23.0,7.0,3.0,56.0,27.0,14.0,10.0,64.0,27.0,11.0,4.0,1.0
78,16.0,4.0,10.0,76.0,22.0,7.0,3.0,55.0,28.0,14.0,7.0,65.0,26.0,9.0,5.0,1.0
77,14.0,5.0,10.0,75.0,22.0,7.0,3.0,53.0,27.0,13.0,7.0,66.0,23.0,7.0,6.0,1.0
73,14.0,5.0,10.0,72.0,21.0,6.0,4.0,52.0,25.0,13.0,8.0,66.0,20.0,5.0,8.0,1.0
69,15.0,5.0,11.0,70.0,20.0,5.0,5.0,52.0,23.0,12.0,10.0,65.0,18.0,5.0,10.0,1.0
64,16.0,3.0,11.0,67.0,18.0,4.0,5.0,51.0,21.0,11.0,14.0,64.0,16.0,5.0,12.0,1.0
60,17.0,0.0,11.0,64.0,15.0,3.0,6.0,50.0,19.0,8.0,18.0,62.0,15.0,5.0,13.0,1.0
55,17.0,-2.0,12.0,60.0,12.0,3.0,7.0,49.0,18.0,5.0,22.0,60.0,13.0,7.0,14.0,1.0
51,16.0,-5.0,13.0,57.0,9.0,2.0,7.0,47.0,18.0,2.0,26.0,58.0,12.0,8.0,14.0,1.0
48,14.0,-6.0,15.0,55.0,7.0,2.0,7.0,45.0,17.0,-1.0,28.0,56.0,11.0,8.0,14.0,1.0
46,11.0,-6.0,16.0,53.0,6.0,2.0,6.0,43.0,17.0,-2.0,29.0,53.0,11.0,8.0,14.0,1.0
46,9.0,-6.0,15.0,52.0,6.0,3.0,4.0,41.0,18.0,-2.0,27.0,50.0,14.0,8.0,12.0,1.0
46,7.0,-5.0,14.0,52.0,5.0,3.0,2.0,41.0,19.0,0.0,24.0,49.0,18.0,8.0,9.0,1.0
46,7.0,-4.0,11.0,51.0,5.0,4.0,0.0,40.0,21.0,2.0,19.0,48.0,22.0,7.0,5.0,1.0
45,6.0,-4.0,9.0,50.0,5.0,4.0,-2.0,39.0,22.0,4.0,15.0,47.0,25.0,7.0,1.0,1.0
43,6.0,-3.0,8.0,48.0,5.0,5.0,-3.0,39.0,23.0,6.0,12.0,46.0,27.0,8.0,-2.0,1.0
40,5.0,-1.0,8.0,44.0,5.0,7.0,-3.0,38.0,23.0,7.0,10.0,44.0,28.0,9.0,-3.0,1.0
36,4.0,1.0,9.0,40.0,4.0,9.0,-3.0,37.0,23.0,7.0,8.0,42.0,26.0,10.0,-2.0,1.0
32,3.0,3.0,10.0,37.0,3.0,11.0,-3.0,36.0,23.0,8.0,7.0,41.0,23.0,11.0,-2.0,1.0
28,3.0,5.0,11.0,35.0,2.0,12.0,-2.0,35.0,23.0,8.0,6.0,41.0,20.0,13.0,-2.0,1.0
26,4.0,5.0,10.0,34.0,2.0,12.0,-2.0,36.0,22.0,9.0,5.0,42.0,17.0,14.0,-2.0,1.0
24,6.0,5.0,9.0,32.0,3.0,11.0,-1.0,37.0,20.0,10.0,5.0,43.0,17.0,15.0,-3.0,1.0
23,7.0,5.0,8.0,30.0,5.0,9.0,0.0,39.0,18.0,11.0,6.0,42.0,18.0,16.0,-3.0,1.0
24,8.0,5.0,6.0,30.0,6.0,6.0,0.0,41.0,15.0,12.0,6.0,42.0,19.0,15.0,-2.0,1.0
24,8.0,5.0,5.0,29.0,7.0,4.0,1.0,42.0,13.0,14.0,6.0,42.0,20.0,14.0,-2.0,1.0
24,6.0,5.0,5.0,30.0,7.0,3.0,0.0,41.0,11.0,16.0,6.0,42.0,21.0,13.0,-1.0,1.0
25,4.0,5.0,6.0,31.0,7.0,2.0,0.0,40.0,10.0,17.0,6.0,42.0,21.0,11.0,-1.0,1.0
24,3.0,5.0,7.0,31.0,6.0,1.0,1.0,38.0,10.0,18.0,6.0,42.0,19.0,10.0,0.0,1.0
22,2.0,5.0,8.0,30.0,5.0,1.0,1.0,35.0,8.0,17.0,6.0,40.0,17.0,9.0,1.0,1.0
19,2.0,6.0,9.0,29.0,4.0,2.0,2.0,32.0,8.0,16.0,7.0,37.0,15.0,9.0,1.0,1.0
17,2.0,6.0,10.0,27.0,3.0,2.0,2.0,30.0,7.0,13.0,7.0,35.0,13.0,8.0,1.0,1.0
23,-1.0,10.0,2.0,24.0,3.0,6.0,1.0,37.0,6.0,6.0,0.0,40.0,8.0,-2.0,2.0,1.0
22,0.0,9.0,1.0,24.0,2.0,5.0,1.0,36.0,5.0,6.0,-1.0,40.0,5.0,-1.0,2.0,1.0
-8,-2.0,13.0,10.0,-5.0,0.0,20.0,-2.0,4.0,-5.0,-3.0,6.0,5.0,1.0,-6.0,2.0,1.0
-8,0.0,14.0,9.0,-2.0,0.0,19.0,-4.0,3.0,-4.0,1.0,7.0,8.0,2.0,-7.0,4.0,1.0
-8,1.0,15.0,7.0,2.0,-1.0,18.0,-5.0,3.0,-3.0,5.0,7.0,10.0,3.0,-5.0,4.0,1.0
-9,3.0,16.0,4.0,6.0,-2.0,15.0,-5.0,3.0,-2.0,9.0,7.0,10.0,6.0,-3.0,4.0,1.0
-9,3.0,16.0,0.0,9.0,-5.0,11.0,-6.0,5.0,-1.0,11.0,5.0,9.0,8.0,0.0,3.0,1.0
-6,-5.0,8.0,-10.0,4.0,-8.0,1.0,-9.0,13.0,0.0,4.0,-6.0,6.0,11.0,-7.0,0.0,1.0
-5,-5.0,5.0,-10.0,1.0,-7.0,-1.0,-9.0,14.0,0.0,0.0,-7.0,6.0,10.0,-9.0,-1.0,1.0
-4,-4.0,2.0,-12.0,-1.0,-6.0,-2.0,-9.0,14.0,-1.0,-5.0,-7.0,5.0,8.0,-10.0,-1.0,1.0
-4,-2.0,0.0,-13.0,-2.0,-6.0,-3.0,-8.0,13.0,-1.0,-8.0,-7.0,4.0,6.0,-10.0,-2.0,1.0
-3,1.0,-1.0,-16.0,-2.0,-6.0,-5.0,-6.0,11.0,-1.0,-10.0,-6.0,2.0,4.0,-9.0,-2.0,1.0
-2,2.0,-1.0,-19.0,-3.0,-6.0,-5.0,-5.0,8.0,-2.0,-10.0,-6.0,-2.0,2.0,-7.0,-2.0,1.0
-2,2.0,0.0,-21.0,-5.0,-6.0,-6.0,-4.0,5.0,-3.0,-8.0,-5.0,-5.0,1.0,-5.0,-2.0,1.0
-2,2.0,1.0,-22.0,-8.0,-4.0,-5.0,-3.0,3.0,-4.0,-5.0,-4.0,-6.0,0.0,-3.0,-2.0,1.0
-3,2.0,3.0,-22.0,-11.0,-2.0,-4.0,-2.0,0.0,-6.0,-1.0,-1.0,-7.0,0.0,0.0,-1.0,1.0
-5,4.0,5.0,-20.0,-14.0,1.0,-2.0,-1.0,-1.0,-7.0,2.0,3.0,-7.0,1.0,3.0,1.0,1.0
-6,6.0,7.0,-17.0,-14.0,3.0,-1.0,1.0,-1.0,-7.0,5.0,6.0,-7.0,2.0,6.0,2.0,1.0
-6,3.0,6.0,-20.0,-7.0,6.0,-4.0,-12.0,-3.0,14.0,0.0,-18.0,-20.0,16.0,-8.0,6.0,1.0
-5,4.0,3.0,-23.0,-10.0,9.0,-6.0,-15.0,-3.0,15.0,2.0,-23.0,-22.0,17.0,-7.0,3.0,1.0
-5,4.0,1.0,-25.0,-13.0,11.0,-7.0,-17.0,-3.0,14.0,4.0,-26.0,-24.0,18.0,-6.0,1.0,1.0
-5,6.0,-1.0,-27.0,-14.0,13.0,-7.0,-18.0,-3.0,12.0,6.0,-28.0,-24.0,19.0,-5.0,-1.0,1.0
-6,8.0,-2.0,-27.0,-14.0,13.0,-8.0,-18.0,-2.0,11.0,8.0,-29.0,-25.0,20.0,-5.0,-2.0,1.0
-7,11.0,-3.0,-26.0,-13.0,13.0,-8.0,-17.0,0.0,9.0,10.0,-30.0,-25.0,21.0,-4.0,-3.0,1.0
-7,12.0,-5.0,-24.0,-11.0,13.0,-8.0,-17.0,1.0,8.0,10.0,-30.0,-25.0,22.0,-3.0,-4.0,1.0
-5,12.0,-6.0,-20.0,-9.0,14.0,-8.0,-16.0,2.0,8.0,11.0,-29.0,-25.0,23.0,-1.0,-5.0,1.0
-3,11.0,-6.0,-16.0,-8.0,15.0,-6.0,-15.0,3.0,7.0,12.0,-27.0,-25.0,26.0,1.0,-6.0,1.0
-1,10.0,-4.0,-12.0,-7.0,16.0,-3.0,-13.0,4.0,8.0,12.0,-24.0,-23.0,30.0,2.0,-8.0,1.0
-1,10.0,-2.0,-9.0,-6.0,16.0,0.0,-11.0,5.0,9.0,12.0,-21.0,-21.0,33.0,2.0,-9.0,1.0
4,20.0,5.0,-21.0,-13.0,17.0,6.0,-2.0,3.0,7.0,-13.0,-4.0,-19.0,10.0,-8.0,11.0,1.0
7,15.0,3.0,-27.0,-15.0,13.0,1.0,-2.0,3.0,6.0,-14.0,-7.0,-21.0,8.0,-10.0,10.0,1.0
9,11.0,1.0,-32.0,-16.0,9.0,-4.0,-1.0,3.0,4.0,-15.0,-11.0,-23.0,8.0,-12.0,7.0,1.0
8,7.0,-1.0,-35.0,-17.0,4.0,-9.0,0.0,2.0,3.0,-14.0,-14.0,-24.0,8.0,-12.0,4.0,1.0
7,5.0,-3.0,-38.0,-17.0,1.0,-13.0,0.0,1.0,1.0,-14.0,-17.0,-25.0,8.0,-12.0,1.0,1.0
4,3.0,-5.0,-39.0,-18.0,-2.0,-17.0,-1.0,0.0,-1.0,-13.0,-18.0,-25.0,7.0,-12.0,-3.0,1.0
2,1.0,-7.0,-40.0,-18.0,-3.0,-19.0,-3.0,-1.0,-3.0,-12.0,-20.0,-24.0,7.0,-11.0,-7.0,1.0
1,0.0,-9.0,-39.0,-19.0,-3.0,-21.0,-5.0,-2.0,-5.0,-10.0,-21.0,-24.0,6.0,-11.0,-9.0,1.0
0,-2.0,-11.0,-38.0,-19.0,-2.0,-21.0,-8.0,-2.0,-5.0,-9.0,-23.0,-22.0,6.0,-11.0,-11.0,1.0
0,-3.0,-12.0,-34.0,-18.0,-2.0,-18.0,-10.0,-2.0,-4.0,-7.0,-25.0,-21.0,7.0,-10.0,-13.0,1.0
0,-4.0,-12.0,-28.0,-17.0,-2.0,-14.0,-11.0,-2.0,-2.0,-5.0,-26.0,-21.0,9.0,-9.0,-14.0,1.0
0,-4.0,-12.0,-22.0,-15.0,-1.0,-10.0,-12.0,-3.0,1.0,-3.0,-26.0,-22.0,11.0,-7.0,-15.0,1.0
0,-4.0,-10.0,-16.0,-12.0,0.0,-5.0,-13.0,-5.0,5.0,-1.0,-26.0,-22.0,14.0,-5.0,-14.0,1.0
1,-4.0,-6.0,-11.0,-9.0,2.0,1.0,-14.0,-6.0,8.0,2.0,-25.0,-23.0,15.0,-2.0,-12.0,1.0
2,-4.0,-2.0,-7.0,-6.0,5.0,5.0,-14.0,-8.0,11.0,5.0,-23.0,-23.0,15.0,1.0,-9.0,1.0
4,-3.0,2.0,-4.0,-3.0,7.0,9.0,-14.0,-11.0,13.0,10.0,-22.0,-22.0,14.0,4.0,-7.0,1.0
5,-2.0,7.0,-1.0,0.0,9.0,14.0,-14.0,-12.0,13.0,14.0,-21.0,-21.0,13.0,7.0,-4.0,1.0
-4,9.0,-13.0,3.0,-22.0,24.0,-18.0,11.0,-21.0,8.0,0.0,-24.0,-23.0,4.0,-10.0,-7.0,1.0
-3,11.0,-12.0,4.0,-22.0,27.0,-13.0,8.0,-22.0,9.0,2.0,-23.0,-21.0,4.0,-7.0,-9.0,1.0
-7,7.0,-25.0,11.0,-16.0,5.0,-20.0,17.0,-11.0,-22.0,-12.0,2.0,-24.0,-14.0,-21.0,16.0,1.0
-6,5.0,-27.0,11.0,-14.0,1.0,-25.0,20.0,-10.0,-20.0,-12.0,-1.0,-20.0,-16.0,-22.0,15.0,1.0
-3,3.0,-29.0,8.0,-11.0,-2.0,-30.0,21.0,-8.0,-16.0,-12.0,-4.0,-15.0,-16.0,-21.0,13.0,1.0
3,1.0,-30.0,4.0,-6.0,-4.0,-32.0,20.0,-5.0,-12.0,-12.0,-6.0,-11.0,-15.0,-20.0,10.0,1.0
11,-2.0,-29.0,0.0,-1.0,-5.0,-31.0,17.0,-2.0,-8.0,-12.0,-8.0,-6.0,-12.0,-19.0,7.0,1.0
19,-4.0,-28.0,-4.0,5.0,-5.0,-29.0,13.0,2.0,-4.0,-12.0,-9.0,-2.0,-8.0,-18.0,4.0,1.0
26,-5.0,-27.0,-5.0,11.0,-5.0,-26.0,9.0,6.0,-2.0,-12.0,-8.0,2.0,-3.0,-16.0,1.0,1.0
31,-5.0,-26.0,-6.0,18.0,-5.0,-23.0,6.0,10.0,-1.0,-11.0,-8.0,4.0,1.0,-13.0,-1.0,1.0
33,-3.0,-24.0,-5.0,22.0,-4.0,-21.0,4.0,13.0,0.0,-9.0,-7.0,7.0,3.0,-11.0,-2.0,1.0
34,-3.0,-21.0,-5.0,24.0,-3.0,-19.0,4.0,15.0,0.0,-7.0,-7.0,9.0,5.0,-10.0,-3.0,1.0
34,-3.0,-18.0,-4.0,25.0,-1.0,-18.0,4.0,17.0,0.0,-4.0,-7.0,11.0,6.0,-8.0,-3.0,1.0
34,-2.0,-14.0,-5.0,26.0,1.0,-16.0,4.0,17.0,1.0,1.0,-7.0,14.0,7.0,-7.0,-3.0,1.0
35,1.0,-9.0,-7.0,27.0,3.0,-14.0,3.0,17.0,3.0,6.0,-8.0,17.0,9.0,-5.0,-3.0,1.0
35,4.0,-6.0,-9.0,30.0,5.0,-12.0,2.0,17.0,6.0,11.0,-8.0,20.0,10.0,-2.0,-3.0,1.0
36,10.0,-2.0,-12.0,34.0,6.0,-11.0,2.0,17.0,9.0,15.0,-8.0,23.0,10.0,3.0,-3.0,1.0
36,15.0,0.0,-14.0,38.0,8.0,-11.0,2.0,18.0,11.0,18.0,-8.0,26.0,10.0,7.0,-4.0,1.0
37,17.0,1.0,-14.0,41.0,9.0,-11.0,2.0,20.0,12.0,18.0,-6.0,27.0,9.0,11.0,-4.0,1.0
39,16.0,1.0,-13.0,42.0,9.0,-11.0,3.0,21.0,12.0,18.0,-5.0,27.0,8.0,14.0,-3.0,1.0
41,12.0,0.0,-9.0,43.0,7.0,-10.0,3.0,22.0,10.0,16.0,-3.0,24.0,7.0,14.0,-1.0,1.0
42,7.0,0.0,-3.0,43.0,4.0,-6.0,4.0,23.0,8.0,14.0,-2.0,21.0,7.0,13.0,2.0,1.0
42,1.0,0.0,2.0,42.0,0.0,-2.0,5.0,22.0,5.0,11.0,-2.0,16.0,7.0,9.0,5.0,1.0
48,-1.0,-12.0,-16.0,39.0,-11.0,-18.0,9.0,22.0,10.0,-7.0,-1.0,24.0,-1.0,-12.0,13.0,1.0
48,4.0,-12.0,-16.0,40.0,-6.0,-18.0,8.0,23.0,10.0,-7.0,-1.0,23.0,2.0,-11.0,11.0,1.0
47,9.0,-10.0,-16.0,40.0,-1.0,-17.0,7.0,24.0,9.0,-6.0,-1.0,21.0,6.0,-10.0,9.0,1.0
44,12.0,-8.0,-12.0,41.0,4.0,-13.0,5.0,25.0,7.0,-5.0,0.0,19.0,9.0,-8.0,7.0,1.0
40,15.0,-6.0,-8.0,41.0,6.0,-9.0,4.0,24.0,6.0,-5.0,1.0,17.0,11.0,-7.0,5.0,1.0
37,14.0,-6.0,-2.0,40.0,6.0,-5.0,3.0,23.0,5.0,-4.0,4.0,17.0,11.0,-5.0,5.0,1.0
34,12.0,-6.0,5.0,39.0,6.0,0.0,1.0,22.0,5.0,-3.0,6.0,17.0,8.0,-1.0,6.0,1.0
33,10.0,-6.0,12.0,39.0,5.0,4.0,1.0,20.0,6.0,-3.0,9.0,17.0,4.0,4.0,7.0,1.0
33,8.0,-6.0,17.0,39.0,5.0,7.0,1.0,19.0,8.0,-2.0,11.0,17.0,1.0,9.0,9.0,1.0
34,7.0,-6.0,21.0,40.0,5.0,8.0,3.0,18.0,12.0,-1.0,11.0,19.0,0.0,13.0,9.0,1.0
34,7.0,-5.0,24.0,43.0,4.0,8.0,5.0,18.0,16.0,0.0,11.0,22.0,1.0,15.0,7.0,1.0
34,8.0,-5.0,26.0,45.0,4.0,8.0,7.0,17.0,20.0,2.0,11.0,26.0,3.0,17.0,5.0,1.0
32,10.0,-4.0,27.0,45.0,4.0,7.0,10.0,17.0,22.0,4.0,10.0,28.0,5.0,17.0,2.0,1.0
31,13.0,-4.0,28.0,45.0,5.0,6.0,12.0,17.0,21.0,6.0,9.0,29.0,7.0,17.0,0.0,1.0
29,14.0,-3.0,28.0,43.0,5.0,6.0,14.0,15.0,19.0,8.0,9.0,28.0,8.0,15.0,0.0,1.0
27,14.0,-3.0,28.0,40.0,4.0,6.0,15.0,13.0,15.0,8.0,8.0,25.0,7.0,11.0,1.0,1.0
26,12.0,-3.0,27.0,38.0,3.0,6.0,16.0,10.0,11.0,8.0,7.0,21.0,5.0,5.0,5.0,1.0
26,10.0,-4.0,26.0,36.0,1.0,6.0,16.0,6.0,9.0,7.0,7.0,18.0,3.0,-1.0,9.0,1.0
26,9.0,-4.0,21.0,34.0,-1.0,4.0,16.0,3.0,9.0,4.0,7.0,16.0,1.0,-6.0,12.0,1.0
27,9.0,-5.0,14.0,33.0,-2.0,0.0,15.0,1.0,10.0,1.0,6.0,14.0,0.0,-9.0,13.0,1.0
29,11.0,-6.0,4.0,32.0,-1.0,-5.0,12.0,2.0,12.0,-3.0,4.0,13.0,0.0,-10.0,12.0,1.0
33,13.0,-7.0,-6.0,32.0,3.0,-10.0,8.0,5.0,14.0,-6.0,2.0,13.0,1.0,-10.0,10.0,1.0
36,16.0,-7.0,-15.0,33.0,7.0,-13.0,4.0,8.0,16.0,-9.0,0.0,15.0,1.0,-10.0,8.0,1.0
38,19.0,-7.0,-20.0,35.0,10.0,-14.0,-1.0,10.0,16.0,-10.0,-2.0,17.0,0.0,-9.0,7.0,1.0
37,21.0,-6.0,-22.0,37.0,11.0,-14.0,-4.0,11.0,16.0,-9.0,-2.0,17.0,-1.0,-9.0,7.0,1.0
33,23.0,-5.0,-21.0,37.0,11.0,-11.0,-6.0,10.0,14.0,-8.0,-2.0,17.0,-1.0,-7.0,7.0,1.0
29,21.0,-3.0,-16.0,34.0,10.0,-8.0,-5.0,9.0,14.0,-7.0,-1.0,15.0,-2.0,-5.0,6.0,1.0
25,17.0,-1.0,-10.0,30.0,9.0,-5.0,-4.0,6.0,13.0,-7.0,1.0,13.0,-2.0,-3.0,5.0,1.0
22,11.0,-1.0,-3.0,26.0,7.0,-2.0,-1.0,5.0,13.0,-7.0,4.0,11.0,0.0,0.0,3.0,1.0
21,5.0,-1.0,4.0,23.0,6.0,-1.0,1.0,3.0,13.0,-8.0,8.0,10.0,2.0,4.0,0.0,1.0
21,-1.0,-3.0,11.0,21.0,5.0,0.0,3.0,2.0,12.0,-8.0,12.0,11.0,3.0,7.0,-3.0,1.0
21,-6.0,-5.0,17.0,20.0,3.0,1.0,4.0,2.0,11.0,-7.0,16.0,12.0,3.0,11.0,-5.0,1.0
20,-8.0,-8.0,28.0,19.0,5.0,8.0,1.0,5.0,-2.0,7.0,16.0,12.0,7.0,18.0,-12.0,1.0
20,-3.0,-6.0,26.0,19.0,10.0,10.0,-2.0,6.0,-3.0,8.0,14.0,10.0,8.0,18.0,-12.0,1.0
19,4.0,-4.0,22.0,19.0,16.0,14.0,-7.0,7.0,-4.0,8.0,11.0,8.0,8.0,18.0,-11.0,1.0
17,12.0,-2.0,19.0,19.0,20.0,18.0,-11.0,7.0,-4.0,7.0,9.0,6.0,6.0,16.0,-9.0,1.0
14,17.0,-1.0,15.0,17.0,23.0,21.0,-15.0,6.0,-3.0,5.0,6.0,5.0,3.0,10.0,-5.0,1.0
12,20.0,-1.0,13.0,14.0,24.0,22.0,-16.0,4.0,-1.0,3.0,3.0,3.0,1.0,3.0,0.0,1.0
12,19.0,-1.0,11.0,11.0,22.0,21.0,-13.0,3.0,2.0,-1.0,-2.0,1.0,0.0,-4.0,6.0,1.0
11,18.0,0.0,10.0,9.0,20.0,19.0,-8.0,3.0,6.0,-4.0,-5.0,0.0,0.0,-10.0,10.0,1.0
12,16.0,1.0,9.0,9.0,16.0,14.0,-1.0,4.0,10.0,-6.0,-8.0,-1.0,0.0,-14.0,13.0,1.0
12,15.0,2.0,7.0,9.0,13.0,8.0,6.0,5.0,13.0,-8.0,-10.0,-1.0,0.0,-14.0,14.0,1.0
11,15.0,2.0,4.0,9.0,10.0,2.0,12.0,5.0,14.0,-8.0,-11.0,0.0,-2.0,-12.0,14.0,1.0
10,16.0,1.0,1.0,8.0,7.0,-5.0,16.0,3.0,14.0,-8.0,-11.0,1.0,-4.0,-10.0,12.0,1.0
8,17.0,-1.0,-4.0,7.0,6.0,-10.0,18.0,1.0,13.0,-7.0,-10.0,1.0,-7.0,-7.0,9.0,1.0
6,18.0,-2.0,-8.0,5.0,6.0,-15.0,18.0,-2.0,12.0,-6.0,-9.0,-1.0,-8.0,-4.0,7.0,1.0
4,20.0,-4.0,-12.0,4.0,6.0,-19.0,17.0,-4.0,10.0,-6.0,-8.0,-2.0,-9.0,-1.0,4.0,1.0
3,21.0,-5.0,-14.0,6.0,5.0,-21.0,16.0,-7.0,9.0,-5.0,-7.0,-3.0,-9.0,2.0,1.0,1.0
2,22.0,-7.0,-15.0,8.0,3.0,-22.0,13.0,-10.0,9.0,-4.0,-5.0,-4.0,-8.0,5.0,-3.0,1.0
4,19.0,-8.0,-14.0,10.0,2.0,-23.0,12.0,-13.0,8.0,-3.0,-4.0,-6.0,-6.0,7.0,-7.0,1.0
6,15.0,-9.0,-13.0,9.0,4.0,-23.0,10.0,-16.0,7.0,-1.0,-3.0,-8.0,-4.0,10.0,-11.0,1.0
8,10.0,-10.0,-13.0,7.0,6.0,-24.0,8.0,-17.0,6.0,1.0,-3.0,-10.0,-2.0,12.0,-14.0,1.0
10,6.0,-9.0,-13.0,3.0,9.0,-24.0,6.0,-18.0,4.0,3.0,-3.0,-11.0,0.0,14.0,-17.0,1.0
10,3.0,-8.0,-14.0,0.0,10.0,-24.0,4.0,-19.0,2.0,4.0,-3.0,-12.0,-1.0,14.0,-17.0,1.0
9,-1.0,-6.0,-14.0,-2.0,9.0,-23.0,4.0,-19.0,-1.0,6.0,-3.0,-12.0,-3.0,13.0,-16.0,1.0
7,-4.0,-4.0,-13.0,-2.0,6.0,-22.0,4.0,-18.0,-5.0,6.0,-3.0,-13.0,-5.0,10.0,-13.0,1.0
5,-7.0,-3.0,-11.0,-2.0,3.0,-20.0,4.0,-18.0,-9.0,7.0,-3.0,-14.0,-5.0,7.0,-10.0,1.0
3,-10.0,-2.0,-8.0,-2.0,0.0,-18.0,4.0,-18.0,-12.0,6.0,-2.0,-17.0,-6.0,4.0,-6.0,1.0
-7,-8.0,-15.0,6.0,-6.0,-6.0,-18.0,6.0,-18.0,-15.0,-11.0,7.0,-10.0,-17.0,-7.0,-4.0,1.0
-7,-10.0,-16.0,4.0,-7.0,-7.0,-20.0,5.0,-16.0,-18.0,-14.0,5.0,-11.0,-17.0,-10.0,-5.0,1.0
-7,-12.0,-17.0,1.0,-9.0,-8.0,-21.0,4.0,-13.0,-21.0,-17.0,4.0,-11.0,-18.0,-13.0,-5.0,1.0
-8,-11.0,-17.0,-1.0,-10.0,-10.0,-21.0,3.0,-12.0,-21.0,-19.0,4.0,-11.0,-20.0,-14.0,-4.0,1.0
-4,-13.0,-6.0,-19.0,-14.0,-11.0,-20.0,4.0,-18.0,-9.0,-8.0,-9.0,-18.0,-20.0,-14.0,8.0,1.0
-5,-12.0,-4.0,-21.0,-14.0,-12.0,-21.0,5.0,-19.0,-10.0,-7.0,-10.0,-18.0,-21.0,-14.0,8.0,1.0
-7,-11.0,-2.0,-23.0,-14.0,-13.0,-20.0,5.0,-19.0,-10.0,-7.0,-10.0,-17.0,-22.0,-14.0,8.0,1.0
-9,-9.0,1.0,-23.0,-14.0,-13.0,-19.0,5.0,-17.0,-11.0,-6.0,-11.0,-16.0,-23.0,-14.0,8.0,1.0
-13,-30.0,-19.0,35.0,-11.0,-11.0,-5.0,1.0,-10.0,-19.0,-33.0,31.0,-8.0,-18.0,-9.0,3.0,1.0
-13,-27.0,-18.0,32.0,-10.0,-11.0,-7.0,2.0,-11.0,-20.0,-36.0,34.0,-6.0,-21.0,-9.0,3.0,1.0
-12,-24.0,-18.0,27.0,-10.0,-11.0,-9.0,3.0,-11.0,-20.0,-37.0,35.0,-5.0,-23.0,-9.0,4.0,1.0
-12,-20.0,-17.0,22.0,-11.0,-10.0,-11.0,5.0,-10.0,-20.0,-38.0,34.0,-6.0,-23.0,-10.0,6.0,1.0
-12,-16.0,-16.0,16.0,-11.0,-9.0,-14.0,6.0,-9.0,-19.0,-37.0,32.0,-8.0,-22.0,-11.0,7.0,1.0
-12,-11.0,-16.0,11.0,-11.0,-8.0,-16.0,6.0,-8.0,-18.0,-36.0,28.0,-9.0,-20.0,-13.0,8.0,1.0
-12,-7.0,-15.0,5.0,-9.0,-9.0,-17.0,5.0,-8.0,-17.0,-34.0,24.0,-8.0,-19.0,-16.0,8.0,1.0
-11,-6.0,-14.0,1.0,-8.0,-9.0,-17.0,4.0,-9.0,-14.0,-31.0,20.0,-7.0,-19.0,-17.0,8.0,1.0
-7,-7.0,-13.0,-2.0,-6.0,-10.0,-17.0,4.0,-11.0,-11.0,-28.0,14.0,-5.0,-19.0,-19.0,8.0,1.0
-3,-10.0,-12.0,-4.0,-4.0,-12.0,-16.0,4.0,-12.0,-8.0,-23.0,9.0,-3.0,-19.0,-19.0,7.0,1.0
1,-14.0,-10.0,-4.0,-3.0,-13.0,-14.0,3.0,-11.0,-6.0,-20.0,4.0,-1.0,-19.0,-19.0,7.0,1.0
3,-18.0,-7.0,-3.0,-3.0,-14.0,-11.0,3.0,-9.0,-4.0,-16.0,-2.0,-1.0,-17.0,-20.0,6.0,1.0
5,-20.0,-1.0,-4.0,-4.0,-13.0,-6.0,3.0,-4.0,1.0,-10.0,-14.0,-3.0,-8.0,-21.0,4.0,1.0
6,-19.0,2.0,-6.0,-3.0,-12.0,-5.0,2.0,0.0,4.0,-8.0,-21.0,-5.0,-3.0,-21.0,2.0,1.0
9,-17.0,3.0,-9.0,-1.0,-9.0,-5.0,1.0,2.0,7.0,-7.0,-27.0,-7.0,3.0,-20.0,0.0,1.0
13,-13.0,3.0,-12.0,1.0,-6.0,-4.0,0.0,5.0,10.0,-6.0,-31.0,-9.0,7.0,-18.0,-2.0,1.0
16,-9.0,2.0,-14.0,2.0,-3.0,-4.0,-1.0,6.0,12.0,-5.0,-31.0,-9.0,10.0,-15.0,-5.0,1.0
16,-4.0,0.0,-13.0,4.0,0.0,-3.0,-1.0,6.0,12.0,-5.0,-30.0,-7.0,10.0,-12.0,-7.0,1.0
14,1.0,-2.0,-10.0,5.0,2.0,-2.0,-2.0,5.0,11.0,-5.0,-26.0,-4.0,8.0,-10.0,-9.0,1.0
13,3.0,-5.0,-4.0,6.0,3.0,0.0,-2.0,3.0,9.0,-5.0,-21.0,-2.0,6.0,-8.0,-10.0,1.0
11,1.0,-7.0,3.0,5.0,4.0,1.0,-2.0,2.0,7.0,-4.0,-16.0,0.0,5.0,-6.0,-11.0,1.0
11,-4.0,-8.0,9.0,4.0,3.0,3.0,-2.0,1.0,4.0,-3.0,-12.0,1.0,6.0,-4.0,-12.0,1.0
9,-9.0,-8.0,15.0,3.0,2.0,3.0,-1.0,0.0,2.0,-2.0,-8.0,1.0,7.0,-3.0,-12.0,1.0
-2,10.0,14.0,3.0,2.0,16.0,16.0,-9.0,-9.0,10.0,8.0,-12.0,-10.0,14.0,4.0,-12.0,1.0
-4,12.0,13.0,3.0,1.0,16.0,16.0,-9.0,-7.0,12.0,8.0,-16.0,-10.0,17.0,3.0,-12.0,1.0
-6,13.0,12.0,4.0,-1.0,16.0,17.0,-9.0,-5.0,14.0,7.0,-19.0,-11.0,20.0,0.0,-12.0,1.0
-6,12.0,11.0,5.0,-3.0,16.0,18.0,-9.0,-4.0,16.0,7.0,-22.0,-11.0,22.0,-3.0,-12.0,1.0
-4,9.0,10.0,7.0,-4.0,16.0,18.0,-9.0,-3.0,17.0,6.0,-24.0,-10.0,22.0,-4.0,-12.0,1.0
-1,5.0,7.0,7.0,-4.0,15.0,16.0,-8.0,-3.0,17.0,4.0,-25.0,-8.0,19.0,-5.0,-12.0,1.0
2,3.0,4.0,6.0,-4.0,14.0,11.0,-7.0,-3.0,16.0,3.0,-25.0,-8.0,15.0,-5.0,-12.0,1.0
4,1.0,0.0,5.0,-5.0,14.0,6.0,-6.0,-3.0,13.0,1.0,-25.0,-9.0,11.0,-5.0,-12.0,1.0
5,1.0,-4.0,3.0,-5.0,13.0,0.0,-5.0,-4.0,10.0,-2.0,-24.0,-10.0,8.0,-6.0,-11.0,1.0
3,1.0,-7.0,0.0,-4.0,12.0,-6.0,-5.0,-4.0,6.0,-5.0,-23.0,-12.0,5.0,-8.0,-10.0,1.0
1,3.0,-11.0,-2.0,-4.0,9.0,-10.0,-5.0,-5.0,2.0,-7.0,-22.0,-15.0,3.0,-11.0,-9.0,1.0
-3,3.0,-14.0,-4.0,-5.0,6.0,-14.0,-5.0,-6.0,-3.0,-8.0,-20.0,-17.0,1.0,-13.0,-8.0,1.0
-5,4.0,-17.0,-5.0,-6.0,4.0,-17.0,-4.0,-7.0,-7.0,-10.0,-18.0,-18.0,-1.0,-15.0,-7.0,1.0
-7,4.0,-19.0,-6.0,-8.0,2.0,-18.0,-4.0,-9.0,-9.0,-11.0,-15.0,-19.0,-3.0,-14.0,-7.0,1.0
-18,7.0,14.0,-37.0,-32.0,13.0,-1.0,-13.0,-24.0,4.0,2.0,-29.0,-36.0,0.0,-8.0,-4.0,1.0
-22,10.0,15.0,-40.0,-33.0,13.0,-3.0,-14.0,-24.0,5.0,2.0,-35.0,-37.0,1.0,-10.0,-5.0,1.0
-24,12.0,16.0,-43.0,-34.0,13.0,-4.0,-14.0,-24.0,7.0,2.0,-40.0,-38.0,3.0,-13.0,-6.0,1.0
-25,12.0,16.0,-45.0,-35.0,13.0,-5.0,-14.0,-23.0,9.0,2.0,-44.0,-38.0,5.0,-15.0,-7.0,1.0
-24,11.0,16.0,-45.0,-34.0,13.0,-6.0,-14.0,-22.0,11.0,2.0,-47.0,-37.0,6.0,-17.0,-8.0,1.0
-24,10.0,15.0,-43.0,-33.0,11.0,-6.0,-15.0,-21.0,12.0,2.0,-48.0,-36.0,7.0,-20.0,-7.0,1.0
-24,8.0,13.0,-39.0,-30.0,9.0,-6.0,-15.0,-20.0,12.0,2.0,-48.0,-34.0,7.0,-22.0,-6.0,1.0
-24,7.0,12.0,-33.0,-26.0,7.0,-5.0,-15.0,-20.0,12.0,2.0,-46.0,-32.0,8.0,-23.0,-5.0,1.0
-24,5.0,10.0,-26.0,-23.0,6.0,-5.0,-13.0,-21.0,11.0,1.0,-43.0,-32.0,7.0,-23.0,-5.0,1.0
-23,1.0,9.0,-18.0,-22.0,6.0,-4.0,-11.0,-23.0,9.0,-1.0,-38.0,-32.0,6.0,-21.0,-4.0,1.0
-26,12.0,14.0,-35.0,-33.0,7.0,5.0,-13.0,-28.0,4.0,17.0,-40.0,-35.0,-3.0,-7.0,-2.0,1.0
-28,16.0,17.0,-33.0,-34.0,12.0,7.0,-13.0,-26.0,5.0,18.0,-42.0,-31.0,-3.0,-8.0,-2.0,1.0
-30,19.0,17.0,-32.0,-35.0,14.0,8.0,-13.0,-24.0,6.0,18.0,-43.0,-28.0,-3.0,-10.0,-2.0,1.0
-32,21.0,17.0,-31.0,-34.0,15.0,9.0,-14.0,-23.0,5.0,18.0,-44.0,-27.0,-1.0,-13.0,-3.0,1.0
-31,19.0,15.0,-30.0,-35.0,14.0,8.0,-15.0,-23.0,5.0,16.0,-44.0,-28.0,1.0,-16.0,-3.0,1.0
-29,14.0,12.0,-30.0,-36.0,12.0,5.0,-15.0,-23.0,5.0,13.0,-43.0,-30.0,4.0,-18.0,-4.0,1.0
-27,8.0,8.0,-29.0,-37.0,9.0,3.0,-15.0,-23.0,5.0,10.0,-40.0,-33.0,5.0,-18.0,-3.0,1.0
-13,-12.0,-1.0,2.0,-19.0,-13.0,2.0,7.0,-21.0,11.0,16.0,-23.0,-17.0,7.0,-3.0,-4.0,1.0
-14,-8.0,3.0,-1.0,-18.0,-13.0,4.0,7.0,-19.0,9.0,20.0,-27.0,-15.0,7.0,-3.0,-5.0,1.0
-17,-2.0,7.0,-3.0,-17.0,-11.0,5.0,7.0,-17.0,7.0,24.0,-31.0,-14.0,6.0,-3.0,-6.0,1.0
-20,2.0,10.0,-5.0,-17.0,-8.0,7.0,5.0,-16.0,6.0,26.0,-35.0,-15.0,5.0,-2.0,-7.0,1.0
-21,4.0,12.0,-5.0,-17.0,-6.0,8.0,4.0,-16.0,5.0,28.0,-39.0,-17.0,5.0,0.0,-9.0,1.0
-22,5.0,12.0,-5.0,-18.0,-3.0,9.0,3.0,-16.0,6.0,30.0,-42.0,-18.0,4.0,2.0,-11.0,1.0
-22,5.0,12.0,-4.0,-19.0,-2.0,9.0,2.0,-18.0,7.0,32.0,-45.0,-19.0,4.0,4.0,-13.0,1.0
-22,3.0,11.0,-2.0,-20.0,-1.0,8.0,3.0,-19.0,8.0,34.0,-45.0,-19.0,6.0,6.0,-15.0,1.0
-22,0.0,8.0,1.0,-20.0,-2.0,6.0,5.0,-21.0,9.0,35.0,-44.0,-19.0,8.0,6.0,-16.0,1.0
-21,-4.0,6.0,5.0,-21.0,-4.0,4.0,7.0,-22.0,9.0,33.0,-40.0,-18.0,9.0,4.0,-15.0,1.0
-21,-8.0,5.0,9.0,-21.0,-5.0,2.0,8.0,-23.0,9.0,30.0,-36.0,-18.0,10.0,2.0,-13.0,1.0
-22,-11.0,5.0,12.0,-22.0,-7.0,1.0,10.0,-23.0,7.0,26.0,-30.0,-19.0,9.0,1.0,-11.0,1.0
-23,-13.0,5.0,14.0,-20.0,-9.0,1.0,11.0,-22.0,5.0,21.0,-24.0,-19.0,6.0,0.0,-8.0,1.0
-18,-5.0,14.0,1.0,-17.0,-7.0,11.0,6.0,-12.0,16.0,2.0,-18.0,-15.0,1.0,5.0,-3.0,1.0
-17,-10.0,15.0,4.0,-17.0,-10.0,11.0,9.0,-11.0,19.0,1.0,-20.0,-12.0,2.0,2.0,-3.0,1.0
-15,-16.0,16.0,8.0,-16.0,-13.0,9.0,12.0,-10.0,20.0,0.0,-20.0,-9.0,2.0,-1.0,-2.0,1.0
-10,8.0,-6.0,11.0,-6.0,3.0,-5.0,10.0,0.0,-6.0,-10.0,19.0,-2.0,2.0,-5.0,7.0,1.0
-17,17.0,-3.0,8.0,-2.0,3.0,-5.0,9.0,1.0,-3.0,-9.0,17.0,-7.0,8.0,-5.0,9.0,1.0
-32,38.0,3.0,-9.0,-3.0,5.0,-3.0,2.0,-8.0,13.0,0.0,-13.0,7.0,-2.0,-9.0,-3.0,1.0
-26,34.0,4.0,-11.0,-3.0,6.0,-2.0,-1.0,-5.0,14.0,2.0,-19.0,2.0,4.0,-7.0,-6.0,1.0
-16,22.0,5.0,-13.0,-7.0,11.0,-2.0,-4.0,-2.0,12.0,4.0,-24.0,-5.0,9.0,-4.0,-9.0,1.0
-5,9.0,6.0,-14.0,-12.0,14.0,0.0,-6.0,0.0,10.0,9.0,-30.0,-12.0,12.0,1.0,-12.0,1.0
2,0.0,8.0,-15.0,-16.0,18.0,2.0,-8.0,1.0,7.0,15.0,-36.0,-16.0,12.0,6.0,-16.0,1.0
5,-4.0,9.0,-14.0,-20.0,22.0,5.0,-10.0,0.0,4.0,23.0,-43.0,-16.0,11.0,10.0,-20.0,1.0
4,-4.0,11.0,-12.0,-21.0,23.0,7.0,-11.0,0.0,2.0,31.0,-50.0,-17.0,11.0,13.0,-24.0,1.0
2,-3.0,11.0,-10.0,-21.0,24.0,9.0,-11.0,-1.0,-1.0,36.0,-54.0,-18.0,11.0,13.0,-25.0,1.0
2,-3.0,10.0,-8.0,-20.0,23.0,10.0,-12.0,-2.0,-2.0,38.0,-53.0,-18.0,10.0,13.0,-24.0,1.0
3,-4.0,8.0,-5.0,-19.0,21.0,10.0,-11.0,-3.0,-4.0,36.0,-48.0,-15.0,6.0,11.0,-21.0,1.0
4,-7.0,5.0,-2.0,-18.0,18.0,10.0,-10.0,-2.0,-7.0,30.0,-39.0,-11.0,2.0,9.0,-18.0,1.0
3,-9.0,2.0,1.0,-15.0,13.0,7.0,-9.0,0.0,-12.0,22.0,-27.0,-9.0,-2.0,8.0,-15.0,1.0
14,-18.0,-22.0,4.0,-7.0,-6.0,-25.0,16.0,-2.0,-25.0,-17.0,20.0,-21.0,2.0,-3.0,-2.0,1.0
15,-16.0,-21.0,1.0,-9.0,-5.0,-26.0,18.0,-1.0,-22.0,-17.0,18.0,-20.0,4.0,-5.0,-1.0,1.0
11,-11.0,-18.0,-2.0,-12.0,-3.0,-26.0,20.0,-1.0,-17.0,-16.0,14.0,-18.0,6.0,-7.0,0.0,1.0
5,-4.0,-14.0,-5.0,-13.0,1.0,-27.0,22.0,-2.0,-11.0,-13.0,9.0,-13.0,4.0,-8.0,1.0,1.0
1,2.0,-10.0,-9.0,-15.0,5.0,-27.0,22.0,-4.0,-5.0,-10.0,4.0,-6.0,-1.0,-9.0,1.0,1.0
0,7.0,-7.0,-13.0,-17.0,9.0,-27.0,22.0,-5.0,-1.0,-8.0,-1.0,-1.0,-4.0,-11.0,1.0,1.0
1,11.0,-4.0,-17.0,-17.0,13.0,-26.0,20.0,-5.0,2.0,-7.0,-6.0,-1.0,-3.0,-13.0,2.0,1.0
1,16.0,-2.0,-22.0,-15.0,16.0,-25.0,18.0,-5.0,3.0,-6.0,-8.0,-4.0,1.0,-15.0,2.0,1.0
2,20.0,-1.0,-27.0,-13.0,17.0,-25.0,16.0,-6.0,4.0,-6.0,-10.0,-8.0,3.0,-16.0,3.0,1.0
4,22.0,0.0,-33.0,-11.0,17.0,-24.0,12.0,-7.0,5.0,-6.0,-12.0,-12.0,5.0,-15.0,2.0,1.0
5,25.0,1.0,-38.0,-10.0,17.0,-23.0,9.0,-7.0,7.0,-5.0,-14.0,-15.0,8.0,-13.0,1.0,1.0
7,30.0,3.0,-43.0,-9.0,20.0,-21.0,6.0,-9.0,10.0,-2.0,-17.0,-17.0,9.0,-10.0,-1.0,1.0
8,34.0,5.0,-48.0,-8.0,25.0,-19.0,2.0,-10.0,13.0,3.0,-22.0,-16.0,11.0,-6.0,-5.0,1.0
10,39.0,7.0,-52.0,-7.0,30.0,-17.0,-2.0,-10.0,16.0,10.0,-28.0,-15.0,14.0,-3.0,-9.0,1.0
10,43.0,10.0,-55.0,-7.0,34.0,-13.0,-6.0,-9.0,17.0,17.0,-36.0,-14.0,19.0,0.0,-15.0,1.0
11,45.0,13.0,-57.0,-6.0,35.0,-9.0,-9.0,-7.0,18.0,23.0,-43.0,-13.0,22.0,2.0,-21.0,1.0
12,46.0,15.0,-57.0,-4.0,36.0,-4.0,-12.0,-5.0,18.0,29.0,-48.0,-10.0,24.0,5.0,-25.0,1.0
9,48.0,18.0,-53.0,-1.0,36.0,1.0,-14.0,-3.0,17.0,33.0,-50.0,-6.0,24.0,7.0,-28.0,1.0
7,50.0,20.0,-48.0,2.0,36.0,6.0,-16.0,-1.0,16.0,34.0,-49.0,-4.0,23.0,11.0,-30.0,1.0
7,47.0,20.0,-40.0,3.0,38.0,11.0,-16.0,1.0,13.0,34.0,-45.0,-2.0,22.0,14.0,-31.0,1.0
12,38.0,19.0,-32.0,1.0,39.0,13.0,-17.0,3.0,11.0,32.0,-40.0,-1.0,21.0,16.0,-30.0,1.0
18,25.0,16.0,-24.0,-1.0,38.0,13.0,-16.0,4.0,8.0,27.0,-34.0,-2.0,20.0,17.0,-30.0,1.0
23,11.0,13.0,-18.0,-3.0,36.0,12.0,-16.0,5.0,5.0,22.0,-28.0,-2.0,19.0,16.0,-29.0,1.0
25,-1.0,9.0,-12.0,-6.0,33.0,9.0,-14.0,6.0,3.0,16.0,-22.0,-2.0,17.0,14.0,-27.0,1.0
23,-7.0,6.0,-7.0,-7.0,28.0,7.0,-12.0,7.0,1.0,9.0,-14.0,-3.0,16.0,13.0,-24.0,1.0
18,-10.0,3.0,-2.0,-6.0,20.0,3.0,-9.0,7.0,-2.0,4.0,-6.0,-3.0,13.0,13.0,-20.0,1.0
14,-13.0,0.0,2.0,-3.0,12.0,-1.0,-6.0,8.0,-6.0,0.0,1.0,-4.0,10.0,14.0,-17.0,1.0
14,-3.0,-2.0,4.0,13.0,-2.0,-6.0,7.0,2.0,0.0,-9.0,24.0,10.0,-6.0,4.0,9.0,1.0
17,0.0,-1.0,2.0,14.0,2.0,-5.0,7.0,3.0,5.0,-10.0,19.0,13.0,-7.0,3.0,9.0,1.0
20,2.0,-1.0,1.0,15.0,6.0,-5.0,5.0,6.0,9.0,-11.0,15.0,16.0,-6.0,0.0,9.0,1.0
22,3.0,-1.0,1.0,17.0,9.0,-5.0,4.0,9.0,13.0,-13.0,11.0,18.0,-4.0,-2.0,8.0,1.0
24,2.0,-1.0,1.0,20.0,8.0,-5.0,2.0,12.0,15.0,-14.0,8.0,19.0,-1.0,-3.0,6.0,1.0
26,1.0,-1.0,1.0,26.0,6.0,-5.0,-1.0,15.0,15.0,-14.0,4.0,19.0,2.0,-3.0,3.0,1.0
27,-2.0,-1.0,1.0,32.0,3.0,-5.0,-4.0,18.0,13.0,-14.0,1.0,19.0,2.0,-3.0,0.0,1.0
30,-6.0,-2.0,3.0,36.0,1.0,-5.0,-7.0,19.0,10.0,-14.0,-1.0,20.0,1.0,-2.0,-3.0,1.0
33,-11.0,-2.0,6.0,38.0,2.0,-3.0,-11.0,19.0,7.0,-13.0,0.0,20.0,0.0,-1.0,-4.0,1.0
53,-13.0,-9.0,27.0,46.0,22.0,6.0,-17.0,28.0,-12.0,-6.0,24.0,23.0,6.0,11.0,-5.0,1.0
51,-6.0,-10.0,27.0,49.0,24.0,6.0,-17.0,28.0,-13.0,-5.0,29.0,23.0,8.0,11.0,-3.0,1.0
51,-4.0,-11.0,27.0,49.0,27.0,6.0,-18.0,28.0,-13.0,-5.0,33.0,23.0,9.0,13.0,-2.0,1.0
53,-4.0,-11.0,28.0,47.0,31.0,7.0,-18.0,26.0,-14.0,-5.0,38.0,25.0,6.0,15.0,0.0,1.0
53,-4.0,-10.0,30.0,43.0,33.0,9.0,-17.0,24.0,-13.0,-5.0,41.0,27.0,0.0,17.0,2.0,1.0
51,-4.0,-10.0,32.0,42.0,31.0,11.0,-16.0,22.0,-13.0,-6.0,44.0,28.0,-4.0,20.0,3.0,1.0
46,-5.0,-9.0,32.0,41.0,25.0,11.0,-14.0,19.0,-12.0,-7.0,46.0,26.0,-6.0,21.0,5.0,1.0
40,-4.0,-8.0,30.0,41.0,18.0,11.0,-11.0,17.0,-11.0,-8.0,48.0,24.0,-7.0,21.0,7.0,1.0
32,1.0,-7.0,24.0,35.0,11.0,10.0,-5.0,18.0,-9.0,-11.0,48.0,18.0,-5.0,21.0,12.0,1.0
33,1.0,-6.0,21.0,29.0,12.0,9.0,-1.0,20.0,-6.0,-12.0,44.0,17.0,-4.0,19.0,13.0,1.0
36,0.0,-5.0,15.0,24.0,14.0,7.0,2.0,20.0,-3.0,-12.0,37.0,18.0,-5.0,15.0,14.0,1.0
38,0.0,-4.0,10.0,23.0,13.0,4.0,4.0,18.0,1.0,-11.0,28.0,20.0,-8.0,11.0,13.0,1.0
25,6.0,14.0,-12.0,38.0,1.0,-6.0,1.0,16.0,-5.0,3.0,10.0,27.0,-12.0,-3.0,12.0,1.0
26,6.0,14.0,-20.0,33.0,3.0,-7.0,-3.0,17.0,-3.0,1.0,-4.0,33.0,-19.0,-10.0,8.0,1.0
30,5.0,13.0,-22.0,31.0,6.0,-7.0,-4.0,20.0,-2.0,1.0,-8.0,33.0,-18.0,-10.0,6.0,1.0
33,3.0,14.0,-23.0,31.0,7.0,-6.0,-4.0,23.0,0.0,1.0,-10.0,32.0,-14.0,-8.0,4.0,1.0
33,2.0,16.0,-22.0,33.0,4.0,-5.0,-3.0,24.0,2.0,1.0,-9.0,31.0,-10.0,-4.0,1.0,1.0
31,2.0,19.0,-21.0,35.0,0.0,-4.0,-2.0,25.0,3.0,3.0,-7.0,31.0,-8.0,3.0,-1.0,1.0
28,2.0,21.0,-19.0,36.0,-2.0,-2.0,0.0,24.0,6.0,6.0,-4.0,34.0,-9.0,9.0,-3.0,1.0
26,3.0,24.0,-17.0,35.0,-1.0,1.0,2.0,22.0,8.0,9.0,-1.0,37.0,-10.0,15.0,-4.0,1.0
23,6.0,25.0,-14.0,32.0,2.0,3.0,3.0,20.0,8.0,11.0,1.0,39.0,-11.0,19.0,-6.0,1.0
19,10.0,25.0,-12.0,30.0,4.0,5.0,4.0,18.0,7.0,13.0,2.0,38.0,-12.0,21.0,-6.0,1.0
24,-8.0,16.0,-9.0,17.0,3.0,12.0,-9.0,7.0,-2.0,10.0,-2.0,15.0,-8.0,21.0,-13.0,1.0
27,-12.0,14.0,-9.0,14.0,5.0,12.0,-10.0,8.0,-1.0,9.0,-3.0,13.0,-4.0,18.0,-14.0,1.0
25,-13.0,14.0,-8.0,14.0,4.0,12.0,-11.0,8.0,-1.0,9.0,-4.0,13.0,-1.0,16.0,-16.0,1.0
21,-12.0,14.0,-6.0,15.0,0.0,11.0,-10.0,8.0,-1.0,10.0,-5.0,13.0,1.0,14.0,-16.0,1.0
17,-12.0,14.0,-4.0,16.0,-3.0,11.0,-9.0,7.0,-2.0,11.0,-5.0,14.0,1.0,13.0,-16.0,1.0
0,-9.0,0.0,12.0,5.0,-8.0,5.0,1.0,-12.0,-13.0,19.0,27.0,11.0,-5.0,30.0,-15.0,1.0
0,-6.0,2.0,13.0,8.0,-7.0,6.0,3.0,-8.0,-10.0,18.0,27.0,17.0,-2.0,26.0,-14.0,1.0
-1,-4.0,3.0,16.0,10.0,-6.0,6.0,4.0,-3.0,-8.0,17.0,27.0,23.0,-1.0,23.0,-12.0,1.0
-1,-4.0,3.0,17.0,10.0,-5.0,6.0,3.0,1.0,-6.0,14.0,28.0,27.0,-1.0,20.0,-9.0,1.0
-7,-5.0,-3.0,14.0,7.0,-7.0,1.0,-1.0,-9.0,-2.0,-11.0,29.0,8.0,-8.0,-4.0,12.0,1.0
-10,1.0,-8.0,0.0,1.0,-12.0,-4.0,-2.0,-3.0,6.0,-10.0,-12.0,6.0,-3.0,-15.0,-6.0,1.0
-10,3.0,-8.0,-2.0,-2.0,-9.0,-4.0,-3.0,-1.0,5.0,-9.0,-14.0,3.0,1.0,-16.0,-7.0,1.0
-11,5.0,-9.0,-4.0,-5.0,-6.0,-4.0,-4.0,1.0,3.0,-7.0,-14.0,2.0,4.0,-15.0,-8.0,1.0
-13,8.0,-10.0,-5.0,-8.0,-4.0,-4.0,-5.0,1.0,2.0,-6.0,-12.0,0.0,5.0,-13.0,-9.0,1.0
-15,9.0,-11.0,-5.0,-10.0,-3.0,-4.0,-5.0,0.0,-1.0,-5.0,-9.0,-1.0,5.0,-10.0,-10.0,1.0
-16,9.0,-12.0,-4.0,-11.0,-3.0,-4.0,-4.0,-1.0,-5.0,-5.0,-5.0,-3.0,4.0,-8.0,-10.0,1.0
-16,-12.0,-18.0,1.0,-18.0,-17.0,-11.0,2.0,-6.0,-18.0,-22.0,14.0,-10.0,-16.0,-6.0,1.0,1.0
-16,-12.0,-19.0,2.0,-19.0,-17.0,-12.0,3.0,-5.0,-16.0,-23.0,14.0,-10.0,-16.0,-6.0,1.0,1.0
-16,-12.0,-20.0,2.0,-20.0,-17.0,-12.0,4.0,-4.0,-14.0,-24.0,13.0,-10.0,-16.0,-6.0,2.0,1.0
-16,-12.0,-19.0,1.0,-20.0,-17.0,-13.0,4.0,-3.0,-14.0,-24.0,12.0,-10.0,-16.0,-6.0,2.0,1.0
-16,-12.0,-17.0,-1.0,-20.0,-18.0,-13.0,4.0,-3.0,-14.0,-25.0,9.0,-11.0,-17.0,-7.0,2.0,1.0
-17,-11.0,-15.0,-4.0,-20.0,-17.0,-14.0,4.0,-3.0,-14.0,-27.0,7.0,-13.0,-18.0,-8.0,2.0,1.0
-17,-10.0,-13.0,-8.0,-20.0,-18.0,-14.0,4.0,-3.0,-15.0,-29.0,3.0,-15.0,-20.0,-11.0,2.0,1.0
-17,-9.0,-12.0,-12.0,-19.0,-18.0,-16.0,3.0,-4.0,-15.0,-31.0,0.0,-18.0,-20.0,-14.0,2.0,1.0
-18,-8.0,-11.0,-15.0,-19.0,-19.0,-17.0,1.0,-6.0,-15.0,-32.0,-2.0,-21.0,-19.0,-17.0,3.0,1.0
-18,-7.0,-11.0,-17.0,-17.0,-19.0,-17.0,0.0,-7.0,-14.0,-33.0,-2.0,-24.0,-17.0,-20.0,4.0,1.0
-18,-6.0,-10.0,-16.0,-15.0,-19.0,-15.0,-1.0,-8.0,-14.0,-32.0,0.0,-25.0,-16.0,-20.0,5.0,1.0
-16,-5.0,-9.0,-15.0,-13.0,-17.0,-12.0,-2.0,-9.0,-14.0,-30.0,3.0,-23.0,-14.0,-20.0,7.0,1.0
-12,-5.0,-9.0,-12.0,-11.0,-15.0,-9.0,-3.0,-10.0,-13.0,-26.0,5.0,-20.0,-12.0,-19.0,7.0,1.0
-9,-5.0,-9.0,-9.0,-11.0,-12.0,-5.0,-3.0,-11.0,-12.0,-23.0,7.0,-18.0,-9.0,-18.0,6.0,1.0
-7,-5.0,-9.0,-6.0,-13.0,-8.0,-2.0,-4.0,-12.0,-10.0,-20.0,8.0,-16.0,-7.0,-16.0,5.0,1.0
-7,-5.0,-10.0,-3.0,-16.0,-6.0,1.0,-4.0,-12.0,-8.0,-18.0,10.0,-14.0,-5.0,-13.0,4.0,1.0
-10,-2.0,0.0,-16.0,-17.0,-6.0,-2.0,-4.0,-8.0,-10.0,-24.0,2.0,-24.0,-10.0,-21.0,15.0,1.0
-14,2.0,1.0,13.0,-7.0,-2.0,2.0,9.0,-12.0,12.0,11.0,-13.0,-13.0,6.0,7.0,-1.0,1.0
-6,-1.0,0.0,-9.0,-13.0,-2.0,-3.0,3.0,-13.0,-2.0,-12.0,0.0,-14.0,-7.0,-16.0,10.0,1.0
-6,1.0,1.0,-10.0,-13.0,1.0,-4.0,2.0,-13.0,-2.0,-13.0,3.0,-13.0,-7.0,-15.0,10.0,1.0
-6,2.0,1.0,-11.0,-13.0,3.0,-4.0,1.0,-12.0,-2.0,-14.0,5.0,-13.0,-7.0,-13.0,9.0,1.0
-7,3.0,2.0,-11.0,-12.0,3.0,-4.0,0.0,-12.0,-3.0,-14.0,7.0,-13.0,-7.0,-10.0,8.0,1.0
-5,2.0,2.0,-11.0,-11.0,2.0,-4.0,-1.0,-10.0,-5.0,-14.0,7.0,-12.0,-8.0,-8.0,6.0,1.0
-4,0.0,2.0,-12.0,-10.0,2.0,-3.0,-2.0,-8.0,-6.0,-14.0,8.0,-10.0,-9.0,-6.0,4.0,1.0
-3,-1.0,3.0,-12.0,-9.0,1.0,-2.0,-4.0,-6.0,-8.0,-13.0,7.0,-8.0,-10.0,-4.0,2.0,1.0
-3,0.0,5.0,-13.0,-9.0,2.0,0.0,-4.0,-5.0,-9.0,-12.0,8.0,-7.0,-11.0,-2.0,1.0,1.0
-4,2.0,6.0,-13.0,-10.0,2.0,3.0,-4.0,-5.0,-9.0,-11.0,8.0,-7.0,-10.0,0.0,0.0,1.0
-6,4.0,8.0,-13.0,-10.0,2.0,6.0,-4.0,-6.0,-8.0,-10.0,9.0,-8.0,-9.0,1.0,0.0,1.0
-7,6.0,10.0,-10.0,-10.0,3.0,10.0,-5.0,-8.0,-6.0,-8.0,10.0,-9.0,-7.0,3.0,1.0,1.0
-8,6.0,9.0,6.0,-6.0,11.0,17.0,-10.0,-8.0,-2.0,-1.0,11.0,-10.0,0.0,5.0,6.0,1.0
2,3.0,-4.0,-6.0,-9.0,9.0,0.0,-4.0,2.0,7.0,-11.0,-2.0,3.0,4.0,-9.0,-2.0,1.0
1,2.0,-7.0,-5.0,-8.0,4.0,-3.0,-1.0,2.0,9.0,-12.0,-3.0,5.0,4.0,-11.0,-3.0,1.0
0,-2.0,-9.0,-3.0,-8.0,-1.0,-6.0,2.0,1.0,9.0,-12.0,-3.0,6.0,4.0,-12.0,-3.0,1.0
0,-6.0,-10.0,0.0,-8.0,-4.0,-9.0,5.0,1.0,8.0,-12.0,-3.0,6.0,3.0,-13.0,-3.0,1.0
0,-11.0,-11.0,3.0,-9.0,-6.0,-11.0,7.0,1.0,6.0,-13.0,-3.0,4.0,1.0,-12.0,-2.0,1.0
-5,-1.0,12.0,6.0,7.0,3.0,5.0,-2.0,-2.0,-6.0,12.0,-7.0,2.0,-1.0,4.0,-8.0,1.0
-5,-1.0,13.0,4.0,6.0,3.0,6.0,-4.0,-1.0,-4.0,11.0,-9.0,2.0,1.0,2.0,-8.0,1.0
-4,-1.0,13.0,0.0,5.0,2.0,6.0,-5.0,0.0,-3.0,10.0,-11.0,1.0,3.0,0.0,-8.0,1.0
-2,-1.0,12.0,-5.0,4.0,3.0,5.0,-7.0,0.0,-2.0,8.0,-14.0,-1.0,3.0,-2.0,-8.0,1.0
1,1.0,12.0,-10.0,2.0,6.0,4.0,-9.0,-2.0,-1.0,7.0,-16.0,-1.0,2.0,-4.0,-7.0,1.0
4,4.0,11.0,-16.0,2.0,10.0,2.0,-10.0,-3.0,0.0,7.0,-17.0,-2.0,1.0,-5.0,-7.0,1.0
6,7.0,11.0,-20.0,1.0,13.0,1.0,-11.0,-4.0,1.0,8.0,-17.0,-2.0,1.0,-5.0,-6.0,1.0
7,10.0,11.0,-23.0,1.0,16.0,0.0,-11.0,-4.0,2.0,9.0,-15.0,-1.0,1.0,-3.0,-5.0,1.0
6,12.0,10.0,-22.0,1.0,16.0,-1.0,-10.0,-4.0,2.0,9.0,-11.0,2.0,0.0,-1.0,-4.0,1.0
2,13.0,9.0,-20.0,1.0,13.0,-2.0,-8.0,-2.0,2.0,8.0,-6.0,5.0,0.0,0.0,-3.0,1.0
-2,11.0,7.0,-14.0,1.0,8.0,-3.0,-5.0,-1.0,3.0,5.0,-1.0,7.0,0.0,1.0,-2.0,1.0
-5,7.0,4.0,-8.0,1.0,4.0,-5.0,-3.0,-1.0,3.0,2.0,4.0,7.0,0.0,1.0,0.0,1.0
-5,1.0,0.0,-1.0,0.0,0.0,-6.0,0.0,-1.0,3.0,-2.0,8.0,5.0,0.0,1.0,1.0,1.0
-4,-5.0,-4.0,6.0,-1.0,-3.0,-6.0,3.0,-2.0,3.0,-6.0,11.0,3.0,-1.0,1.0,3.0,1.0
-8,15.0,14.0,-4.0,4.0,-4.0,4.0,13.0,-6.0,13.0,12.0,-7.0,-1.0,9.0,4.0,1.0,1.0
-11,18.0,14.0,-8.0,2.0,-3.0,2.0,13.0,-6.0,17.0,9.0,-11.0,-4.0,7.0,5.0,1.0,1.0
-10,20.0,13.0,-12.0,0.0,0.0,0.0,11.0,-6.0,20.0,7.0,-16.0,-7.0,7.0,4.0,1.0,1.0
-7,21.0,12.0,-17.0,-2.0,4.0,-2.0,9.0,-6.0,22.0,5.0,-20.0,-9.0,8.0,2.0,0.0,1.0
-3,21.0,12.0,-20.0,-2.0,7.0,-3.0,7.0,-6.0,23.0,5.0,-25.0,-9.0,8.0,0.0,-1.0,1.0
2,17.0,12.0,-22.0,-1.0,8.0,-2.0,3.0,-5.0,24.0,8.0,-30.0,-9.0,9.0,-1.0,-3.0,1.0
6,12.0,14.0,-23.0,1.0,8.0,-1.0,0.0,-2.0,24.0,12.0,-37.0,-7.0,11.0,-2.0,-5.0,1.0
7,7.0,16.0,-22.0,2.0,7.0,2.0,-3.0,2.0,24.0,18.0,-44.0,-3.0,13.0,-2.0,-8.0,1.0
5,4.0,18.0,-19.0,2.0,5.0,5.0,-4.0,5.0,23.0,23.0,-49.0,1.0,14.0,-2.0,-10.0,1.0
2,3.0,20.0,-16.0,1.0,5.0,9.0,-6.0,8.0,22.0,27.0,-51.0,5.0,15.0,-1.0,-12.0,1.0
-2,3.0,21.0,-12.0,-2.0,6.0,14.0,-8.0,9.0,21.0,28.0,-49.0,7.0,15.0,0.0,-13.0,1.0
-4,4.0,23.0,-10.0,-4.0,8.0,18.0,-10.0,9.0,18.0,28.0,-43.0,7.0,16.0,1.0,-13.0,1.0
-4,6.0,24.0,-9.0,-5.0,12.0,21.0,-11.0,9.0,14.0,25.0,-34.0,7.0,17.0,3.0,-12.0,1.0
-4,8.0,25.0,-8.0,-5.0,15.0,22.0,-12.0,8.0,9.0,22.0,-23.0,5.0,16.0,4.0,-10.0,1.0
-2,9.0,24.0,-7.0,-4.0,18.0,22.0,-12.0,8.0,5.0,17.0,-12.0,5.0,13.0,5.0,-6.0,1.0
0,10.0,23.0,-6.0,-2.0,19.0,21.0,-11.0,8.0,1.0,12.0,-2.0,6.0,9.0,5.0,0.0,1.0
2,10.0,20.0,-5.0,0.0,18.0,19.0,-10.0,8.0,-3.0,7.0,8.0,5.0,6.0,5.0,5.0,1.0
3,9.0,17.0,-4.0,2.0,15.0,16.0,-7.0,8.0,-6.0,2.0,17.0,3.0,2.0,4.0,11.0,1.0
-10,-3.0,3.0,-2.0,-17.0,-5.0,5.0,5.0,0.0,7.0,-3.0,-25.0,-15.0,-4.0,4.0,-6.0,1.0
-7,-4.0,5.0,-4.0,-17.0,-4.0,7.0,4.0,2.0,9.0,-2.0,-32.0,-15.0,-2.0,2.0,-7.0,1.0
-6,-5.0,6.0,-4.0,-16.0,-2.0,7.0,3.0,4.0,10.0,-1.0,-36.0,-14.0,1.0,-1.0,-8.0,1.0
-4,-6.0,8.0,-4.0,-15.0,0.0,8.0,1.0,5.0,10.0,2.0,-38.0,-12.0,3.0,-3.0,-8.0,1.0
-3,-7.0,9.0,-4.0,-14.0,2.0,8.0,-1.0,5.0,8.0,6.0,-37.0,-11.0,5.0,-4.0,-8.0,1.0
-2,-7.0,9.0,-3.0,-13.0,4.0,9.0,-3.0,4.0,4.0,10.0,-34.0,-10.0,5.0,-2.0,-8.0,1.0
0,-7.0,9.0,-2.0,-11.0,6.0,11.0,-6.0,4.0,1.0,14.0,-28.0,-8.0,4.0,1.0,-7.0,1.0
2,-5.0,9.0,-2.0,-10.0,8.0,14.0,-8.0,4.0,-3.0,18.0,-22.0,-4.0,2.0,5.0,-6.0,1.0
3,-3.0,9.0,0.0,-8.0,10.0,18.0,-11.0,5.0,-6.0,20.0,-16.0,-1.0,-1.0,9.0,-5.0,1.0
5,-1.0,9.0,3.0,-5.0,12.0,21.0,-13.0,7.0,-8.0,22.0,-11.0,3.0,-2.0,12.0,-4.0,1.0
6,1.0,9.0,6.0,-2.0,13.0,24.0,-14.0,9.0,-9.0,23.0,-8.0,6.0,-1.0,13.0,-3.0,1.0
7,1.0,8.0,10.0,1.0,13.0,26.0,-14.0,11.0,-9.0,24.0,-6.0,8.0,3.0,14.0,-4.0,1.0
9,-2.0,7.0,14.0,3.0,13.0,27.0,-14.0,13.0,-8.0,25.0,-5.0,9.0,5.0,14.0,-4.0,1.0
10,-6.0,6.0,20.0,4.0,11.0,27.0,-13.0,13.0,-9.0,25.0,-3.0,10.0,6.0,15.0,-4.0,1.0
-6,-5.0,3.0,31.0,3.0,-2.0,26.0,-4.0,9.0,-4.0,17.0,-3.0,12.0,4.0,13.0,-9.0,1.0
-7,-1.0,3.0,24.0,3.0,-1.0,21.0,-4.0,7.0,-5.0,14.0,-1.0,9.0,5.0,11.0,-9.0,1.0
-7,2.0,2.0,17.0,4.0,1.0,15.0,-5.0,5.0,-6.0,10.0,3.0,7.0,3.0,9.0,-8.0,1.0
-5,4.0,0.0,11.0,4.0,1.0,10.0,-6.0,2.0,-6.0,8.0,7.0,6.0,1.0,9.0,-6.0,1.0
-4,4.0,-2.0,6.0,4.0,1.0,6.0,-6.0,-2.0,-5.0,6.0,10.0,5.0,-2.0,10.0,-5.0,1.0
-2,3.0,-3.0,2.0,4.0,-1.0,1.0,-5.0,-5.0,-2.0,4.0,11.0,5.0,-4.0,11.0,-3.0,1.0
1,0.0,-9.0,-6.0,2.0,-8.0,-12.0,4.0,-10.0,6.0,0.0,9.0,-2.0,-4.0,10.0,1.0,1.0
1,1.0,-11.0,-8.0,1.0,-9.0,-16.0,7.0,-9.0,8.0,-2.0,7.0,-4.0,-2.0,8.0,1.0,1.0
1,3.0,-13.0,-10.0,-1.0,-9.0,-18.0,9.0,-7.0,10.0,-4.0,4.0,-5.0,1.0,6.0,1.0,1.0
0,6.0,-13.0,-12.0,-3.0,-9.0,-18.0,10.0,-4.0,12.0,-7.0,1.0,-6.0,2.0,4.0,1.0,1.0
-2,9.0,-13.0,-14.0,-4.0,-8.0,-18.0,10.0,-2.0,13.0,-9.0,-2.0,-7.0,2.0,3.0,3.0,1.0
-4,11.0,-12.0,-15.0,-5.0,-6.0,-17.0,8.0,-1.0,11.0,-10.0,-2.0,-10.0,2.0,2.0,4.0,1.0
-5,12.0,-11.0,-15.0,-6.0,-3.0,-15.0,6.0,-1.0,8.0,-11.0,-1.0,-13.0,1.0,1.0,6.0,1.0
-6,12.0,-9.0,-15.0,-7.0,-2.0,-13.0,3.0,-2.0,3.0,-11.0,2.0,-14.0,-2.0,-1.0,9.0,1.0
11,10.0,-10.0,-7.0,1.0,12.0,6.0,-14.0,1.0,-7.0,-6.0,3.0,-12.0,13.0,-7.0,-3.0,1.0
11,10.0,-10.0,-7.0,0.0,14.0,5.0,-14.0,1.0,-2.0,-5.0,0.0,-10.0,18.0,-8.0,-6.0,1.0
9,11.0,-10.0,-6.0,-2.0,16.0,4.0,-14.0,1.0,2.0,-4.0,-3.0,-9.0,20.0,-7.0,-8.0,1.0
6,11.0,-9.0,-4.0,-4.0,17.0,5.0,-13.0,1.0,4.0,-2.0,-6.0,-8.0,19.0,-4.0,-9.0,1.0
3,9.0,-7.0,-2.0,-4.0,14.0,5.0,-13.0,0.0,4.0,0.0,-8.0,-9.0,15.0,-2.0,-9.0,1.0
-1,7.0,-5.0,1.0,-4.0,11.0,6.0,-11.0,-2.0,5.0,1.0,-9.0,-10.0,12.0,-2.0,-7.0,1.0
-3,7.0,2.0,-6.0,-1.0,7.0,1.0,-7.0,-3.0,15.0,-14.0,-6.0,-8.0,1.0,-12.0,11.0,1.0
-2,7.0,3.0,-8.0,2.0,5.0,-1.0,-5.0,-1.0,15.0,-17.0,-5.0,-5.0,2.0,-15.0,10.0,1.0
-1,7.0,4.0,-10.0,4.0,2.0,-2.0,-3.0,2.0,13.0,-18.0,-4.0,-3.0,3.0,-17.0,10.0,1.0
1,6.0,4.0,-11.0,5.0,-2.0,-4.0,0.0,5.0,11.0,-18.0,-3.0,-2.0,4.0,-17.0,10.0,1.0
2,5.0,5.0,-12.0,6.0,-5.0,-6.0,3.0,7.0,8.0,-16.0,-3.0,-2.0,4.0,-16.0,10.0,1.0
4,4.0,4.0,-13.0,7.0,-7.0,-7.0,6.0,10.0,5.0,-13.0,-4.0,-2.0,5.0,-16.0,10.0,1.0
6,4.0,2.0,-12.0,8.0,-7.0,-8.0,7.0,12.0,4.0,-11.0,-4.0,0.0,7.0,-15.0,9.0,1.0
8,3.0,-1.0,-10.0,9.0,-7.0,-10.0,8.0,14.0,3.0,-10.0,-3.0,3.0,6.0,-14.0,8.0,1.0
11,1.0,-4.0,-8.0,9.0,-6.0,-11.0,8.0,17.0,1.0,-10.0,-2.0,6.0,5.0,-12.0,7.0,1.0
13,-2.0,-6.0,-5.0,9.0,-5.0,-11.0,8.0,20.0,0.0,-11.0,-1.0,8.0,5.0,-11.0,5.0,1.0
15,-4.0,-8.0,-4.0,10.0,-5.0,-11.0,7.0,21.0,-2.0,-11.0,-1.0,9.0,6.0,-10.0,3.0,1.0
17,-5.0,-8.0,-3.0,10.0,-5.0,-11.0,6.0,22.0,-2.0,-11.0,0.0,8.0,8.0,-9.0,2.0,1.0
18,-5.0,-9.0,-2.0,11.0,-5.0,-10.0,6.0,22.0,-2.0,-11.0,0.0,8.0,10.0,-10.0,0.0,1.0
18,-4.0,-9.0,-2.0,11.0,-4.0,-9.0,6.0,22.0,-1.0,-12.0,-1.0,9.0,10.0,-10.0,-1.0,1.0
17,-2.0,-10.0,-2.0,11.0,-5.0,-9.0,5.0,21.0,-1.0,-12.0,-1.0,11.0,7.0,-10.0,-1.0,1.0
16,-2.0,-10.0,-3.0,12.0,-6.0,-8.0,5.0,20.0,-2.0,-12.0,-1.0,11.0,3.0,-9.0,-1.0,1.0
17,-3.0,-10.0,-4.0,12.0,-8.0,-8.0,5.0,19.0,-3.0,-12.0,-1.0,10.0,0.0,-8.0,0.0,1.0
19,-4.0,-8.0,-5.0,12.0,-8.0,-8.0,5.0,19.0,-3.0,-12.0,-1.0,9.0,2.0,-8.0,0.0,1.0
22,-6.0,-6.0,-7.0,13.0,-7.0,-7.0,6.0,20.0,-1.0,-12.0,-2.0,9.0,7.0,-9.0,-1.0,1.0
25,-7.0,-4.0,-8.0,14.0,-5.0,-8.0,6.0,22.0,3.0,-11.0,-3.0,10.0,12.0,-9.0,-2.0,1.0
29,-6.0,-2.0,-10.0,16.0,-1.0,-10.0,5.0,25.0,8.0,-11.0,-4.0,14.0,14.0,-8.0,-3.0,1.0
31,-5.0,-2.0,-12.0,19.0,3.0,-11.0,3.0,27.0,12.0,-11.0,-6.0,20.0,12.0,-5.0,-4.0,1.0
33,-2.0,-1.0,-13.0,21.0,6.0,-11.0,2.0,29.0,14.0,-10.0,-7.0,25.0,9.0,-3.0,-5.0,1.0
35,1.0,-1.0,-12.0,23.0,8.0,-10.0,0.0,29.0,15.0,-8.0,-9.0,29.0,5.0,-2.0,-5.0,1.0
36,4.0,-1.0,-12.0,25.0,11.0,-8.0,-1.0,29.0,15.0,-5.0,-11.0,31.0,3.0,-3.0,-5.0,1.0
36,10.0,-1.0,-12.0,27.0,12.0,-5.0,-1.0,28.0,14.0,1.0,-15.0,32.0,6.0,-5.0,-5.0,1.0
37,16.0,-1.0,-12.0,29.0,14.0,-4.0,-1.0,29.0,13.0,7.0,-20.0,31.0,13.0,-9.0,-6.0,1.0
38,21.0,-3.0,-14.0,30.0,16.0,-3.0,0.0,30.0,13.0,14.0,-26.0,31.0,18.0,-11.0,-8.0,1.0
40,25.0,-5.0,-16.0,31.0,17.0,-4.0,0.0,31.0,12.0,19.0,-31.0,32.0,22.0,-10.0,-12.0,1.0
42,26.0,-7.0,-16.0,32.0,19.0,-4.0,-1.0,32.0,11.0,23.0,-32.0,33.0,22.0,-7.0,-15.0,1.0
42,27.0,-8.0,-15.0,31.0,20.0,-4.0,-2.0,33.0,10.0,24.0,-31.0,34.0,21.0,-2.0,-17.0,1.0
41,26.0,-8.0,-13.0,31.0,20.0,-2.0,-3.0,32.0,7.0,23.0,-25.0,34.0,18.0,1.0,-17.0,1.0
39,25.0,-8.0,-11.0,30.0,20.0,-1.0,-4.0,31.0,4.0,20.0,-19.0,32.0,16.0,3.0,-15.0,1.0
37,22.0,-9.0,-10.0,31.0,17.0,-1.0,-6.0,29.0,0.0,14.0,-13.0,28.0,14.0,2.0,-13.0,1.0
35,19.0,-10.0,-9.0,32.0,12.0,-2.0,-9.0,28.0,-4.0,8.0,-10.0,22.0,11.0,0.0,-11.0,1.0
34,13.0,-12.0,-9.0,32.0,8.0,-3.0,-11.0,27.0,-8.0,2.0,-9.0,17.0,7.0,-3.0,-9.0,1.0
33,9.0,-14.0,-10.0,32.0,4.0,-4.0,-13.0,26.0,-12.0,-4.0,-10.0,13.0,1.0,-5.0,-8.0,1.0
33,5.0,-17.0,-10.0,31.0,0.0,-6.0,-14.0,24.0,-15.0,-8.0,-11.0,9.0,-4.0,-7.0,-7.0,1.0
33,3.0,-19.0,-9.0,30.0,-2.0,-7.0,-13.0,21.0,-16.0,-10.0,-10.0,6.0,-7.0,-8.0,-6.0,1.0
31,3.0,-21.0,-8.0,28.0,-2.0,-8.0,-12.0,18.0,-16.0,-11.0,-9.0,4.0,-8.0,-9.0,-4.0,1.0
28,4.0,-21.0,-6.0,26.0,-2.0,-8.0,-11.0,14.0,-14.0,-10.0,-7.0,3.0,-9.0,-9.0,-2.0,1.0
25,5.0,-22.0,-4.0,24.0,-3.0,-8.0,-9.0,12.0,-11.0,-10.0,-5.0,3.0,-10.0,-9.0,1.0,1.0
23,6.0,-21.0,-3.0,23.0,-4.0,-7.0,-7.0,10.0,-6.0,-12.0,-4.0,5.0,-11.0,-8.0,3.0,1.0
21,7.0,-20.0,-3.0,22.0,-5.0,-8.0,-5.0,8.0,2.0,-14.0,-4.0,6.0,-11.0,-8.0,5.0,1.0
20,8.0,-19.0,-5.0,21.0,-6.0,-9.0,-3.0,7.0,9.0,-17.0,-6.0,6.0,-10.0,-9.0,7.0,1.0
18,9.0,-18.0,-8.0,20.0,-7.0,-10.0,-1.0,6.0,15.0,-20.0,-7.0,6.0,-9.0,-10.0,8.0,1.0
17,10.0,-17.0,-11.0,19.0,-8.0,-12.0,1.0,5.0,17.0,-21.0,-7.0,3.0,-8.0,-10.0,9.0,1.0
16,10.0,-15.0,-14.0,17.0,-9.0,-13.0,1.0,3.0,14.0,-19.0,-5.0,1.0,-9.0,-9.0,10.0,1.0
14,11.0,-14.0,-17.0,15.0,-8.0,-13.0,2.0,3.0,8.0,-14.0,-3.0,0.0,-10.0,-7.0,11.0,1.0
13,14.0,-13.0,-18.0,12.0,-6.0,-12.0,1.0,3.0,1.0,-8.0,-1.0,0.0,-11.0,-4.0,10.0,1.0
11,19.0,-12.0,-20.0,11.0,-3.0,-11.0,1.0,3.0,-6.0,-2.0,1.0,0.0,-11.0,-1.0,8.0,1.0
9,25.0,-11.0,-23.0,10.0,0.0,-10.0,1.0,2.0,-10.0,4.0,1.0,-1.0,-9.0,2.0,5.0,1.0
6,31.0,-10.0,-26.0,9.0,1.0,-9.0,0.0,2.0,-12.0,8.0,0.0,-2.0,-6.0,3.0,3.0,1.0
5,34.0,-8.0,-29.0,9.0,2.0,-7.0,-1.0,0.0,-11.0,12.0,-3.0,-3.0,-3.0,3.0,1.0,1.0
6,33.0,-6.0,-31.0,7.0,3.0,-4.0,-4.0,-1.0,-8.0,14.0,-6.0,-4.0,1.0,3.0,-1.0,1.0
6,31.0,-3.0,-32.0,5.0,5.0,-1.0,-6.0,-1.0,-4.0,16.0,-10.0,-3.0,5.0,1.0,-3.0,1.0
6,28.0,0.0,-31.0,2.0,8.0,2.0,-8.0,-1.0,1.0,16.0,-14.0,-1.0,9.0,-1.0,-5.0,1.0
5,25.0,3.0,-28.0,-1.0,11.0,4.0,-9.0,0.0,6.0,17.0,-18.0,1.0,13.0,-2.0,-8.0,1.0
4,22.0,7.0,-24.0,-3.0,13.0,7.0,-9.0,0.0,10.0,18.0,-21.0,4.0,16.0,-2.0,-10.0,1.0
2,19.0,11.0,-20.0,-3.0,13.0,9.0,-8.0,0.0,13.0,19.0,-23.0,6.0,17.0,0.0,-13.0,1.0
0,14.0,14.0,-15.0,-3.0,12.0,11.0,-7.0,1.0,13.0,21.0,-24.0,7.0,18.0,1.0,-15.0,1.0
-1,9.0,15.0,-9.0,-3.0,10.0,13.0,-6.0,2.0,11.0,21.0,-24.0,6.0,18.0,2.0,-17.0,1.0
-3,2.0,14.0,-3.0,-5.0,7.0,14.0,-6.0,3.0,6.0,21.0,-23.0,4.0,17.0,3.0,-17.0,1.0
-5,-3.0,11.0,4.0,-7.0,4.0,15.0,-5.0,4.0,0.0,19.0,-19.0,2.0,14.0,4.0,-16.0,1.0
-7,-6.0,8.0,10.0,-8.0,2.0,16.0,-4.0,5.0,-6.0,16.0,-15.0,0.0,11.0,3.0,-13.0,1.0
-8,-6.0,4.0,13.0,-7.0,0.0,14.0,-4.0,6.0,-10.0,12.0,-11.0,-1.0,10.0,-2.0,-10.0,1.0
-5,-1.0,-5.0,13.0,-1.0,-1.0,9.0,-5.0,8.0,-11.0,0.0,-6.0,-1.0,9.0,-13.0,-4.0,1.0
-4,3.0,-8.0,11.0,1.0,1.0,6.0,-6.0,10.0,-11.0,-6.0,-4.0,1.0,5.0,-17.0,-1.0,1.0
-5,7.0,-11.0,9.0,1.0,2.0,3.0,-7.0,9.0,-12.0,-12.0,0.0,1.0,0.0,-19.0,3.0,1.0
-6,9.0,-14.0,7.0,-1.0,3.0,1.0,-7.0,8.0,-14.0,-16.0,5.0,1.0,-6.0,-19.0,6.0,1.0
-6,9.0,-16.0,6.0,-3.0,4.0,-1.0,-6.0,6.0,-17.0,-19.0,10.0,1.0,-13.0,-17.0,9.0,1.0
-4,7.0,-17.0,5.0,-5.0,4.0,-3.0,-5.0,3.0,-18.0,-20.0,15.0,1.0,-17.0,-15.0,11.0,1.0
-1,5.0,-18.0,5.0,-5.0,3.0,-4.0,-3.0,0.0,-18.0,-20.0,18.0,0.0,-19.0,-13.0,12.0,1.0
3,2.0,-18.0,5.0,-4.0,2.0,-5.0,-1.0,-1.0,-17.0,-18.0,19.0,0.0,-17.0,-12.0,11.0,1.0
6,1.0,-17.0,4.0,-3.0,1.0,-5.0,1.0,-1.0,-16.0,-16.0,18.0,-1.0,-15.0,-10.0,10.0,1.0
6,3.0,-15.0,2.0,-1.0,0.0,-5.0,2.0,-1.0,-14.0,-14.0,15.0,-2.0,-12.0,-7.0,8.0,1.0
-4,14.0,-1.0,-11.0,1.0,3.0,-6.0,2.0,-1.0,-11.0,-5.0,4.0,-6.0,-4.0,-2.0,-1.0,1.0
-4,14.0,3.0,-14.0,2.0,3.0,-8.0,2.0,-1.0,-11.0,-4.0,2.0,-4.0,-5.0,-1.0,-3.0,1.0
-5,14.0,6.0,-16.0,1.0,4.0,-9.0,2.0,-1.0,-10.0,-3.0,0.0,-3.0,-5.0,-2.0,-4.0,1.0
-6,14.0,7.0,-18.0,0.0,6.0,-10.0,2.0,1.0,-8.0,-2.0,-3.0,-3.0,-2.0,-3.0,-5.0,1.0
-6,14.0,8.0,-19.0,0.0,6.0,-9.0,1.0,1.0,-6.0,-2.0,-5.0,-4.0,1.0,-3.0,-5.0,1.0
-6,14.0,7.0,-18.0,2.0,5.0,-8.0,-1.0,1.0,-2.0,-2.0,-7.0,-5.0,3.0,-2.0,-5.0,1.0
-6,14.0,7.0,-16.0,4.0,2.0,-5.0,-2.0,1.0,3.0,-2.0,-9.0,-4.0,3.0,-1.0,-5.0,1.0
-4,12.0,6.0,-13.0,6.0,1.0,-3.0,-3.0,0.0,8.0,-2.0,-11.0,-2.0,4.0,-2.0,-6.0,1.0
-1,9.0,6.0,-9.0,7.0,0.0,0.0,-3.0,0.0,11.0,-2.0,-11.0,-1.0,7.0,-2.0,-6.0,1.0
1,5.0,5.0,-5.0,6.0,1.0,3.0,-4.0,-1.0,14.0,-2.0,-10.0,-1.0,10.0,-2.0,-7.0,1.0
2,2.0,5.0,-1.0,4.0,3.0,5.0,-4.0,-2.0,14.0,-1.0,-9.0,0.0,12.0,-2.0,-8.0,1.0
1,0.0,4.0,2.0,1.0,4.0,8.0,-5.0,-2.0,12.0,0.0,-7.0,1.0,13.0,0.0,-10.0,1.0
0,-1.0,5.0,5.0,0.0,6.0,10.0,-6.0,-2.0,10.0,1.0,-5.0,2.0,11.0,1.0,-11.0,1.0
-2,0.0,6.0,6.0,-1.0,6.0,11.0,-6.0,-2.0,6.0,1.0,-3.0,4.0,9.0,1.0,-11.0,1.0
-3,2.0,7.0,7.0,0.0,7.0,12.0,-6.0,0.0,3.0,2.0,-1.0,5.0,8.0,0.0,-10.0,1.0
-4,3.0,7.0,8.0,0.0,8.0,12.0,-6.0,1.0,-1.0,2.0,1.0,5.0,10.0,-4.0,-8.0,1.0
-4,4.0,6.0,10.0,-1.0,10.0,12.0,-5.0,3.0,-5.0,1.0,2.0,4.0,13.0,-9.0,-5.0,1.0
-6,6.0,4.0,13.0,-3.0,11.0,12.0,-3.0,5.0,-9.0,-1.0,5.0,2.0,13.0,-13.0,-2.0,1.0
-11,0.0,-10.0,23.0,-9.0,-3.0,6.0,9.0,4.0,-15.0,-18.0,20.0,-4.0,-6.0,-6.0,8.0,1.0
-12,-3.0,-12.0,23.0,-8.0,-8.0,2.0,11.0,4.0,-15.0,-20.0,21.0,-4.0,-9.0,-4.0,7.0,1.0
-12,-6.0,-12.0,21.0,-8.0,-13.0,-2.0,13.0,5.0,-15.0,-21.0,21.0,-4.0,-8.0,-4.0,6.0,1.0
-13,-9.0,-11.0,18.0,-9.0,-16.0,-6.0,15.0,6.0,-15.0,-21.0,19.0,-4.0,-7.0,-5.0,4.0,1.0
-14,-13.0,-10.0,15.0,-11.0,-18.0,-9.0,16.0,6.0,-15.0,-22.0,16.0,-5.0,-6.0,-7.0,3.0,1.0
-15,-16.0,-8.0,12.0,-14.0,-18.0,-11.0,16.0,7.0,-15.0,-21.0,12.0,-6.0,-6.0,-8.0,2.0,1.0
-16,-18.0,-6.0,9.0,-16.0,-17.0,-14.0,16.0,6.0,-15.0,-21.0,8.0,-7.0,-7.0,-8.0,1.0,1.0
-16,-19.0,-5.0,7.0,-17.0,-16.0,-15.0,15.0,5.0,-15.0,-20.0,5.0,-9.0,-8.0,-8.0,0.0,1.0
-18,-17.0,-4.0,6.0,-16.0,-16.0,-15.0,14.0,3.0,-15.0,-18.0,3.0,-10.0,-9.0,-8.0,0.0,1.0
-10,7.0,-3.0,3.0,-2.0,-2.0,-3.0,3.0,-9.0,-3.0,0.0,-4.0,-4.0,2.0,-10.0,-4.0,1.0
-10,5.0,-2.0,5.0,-3.0,-1.0,-1.0,3.0,-7.0,-4.0,1.0,-4.0,-3.0,3.0,-10.0,-4.0,1.0
-9,4.0,-1.0,7.0,-5.0,0.0,2.0,3.0,-6.0,-6.0,1.0,-4.0,-3.0,1.0,-9.0,-4.0,1.0
-9,2.0,1.0,9.0,-6.0,1.0,4.0,3.0,-6.0,-7.0,1.0,-4.0,-3.0,-3.0,-8.0,-3.0,1.0
-12,-4.0,2.0,17.0,-6.0,-4.0,6.0,5.0,-9.0,-10.0,-6.0,2.0,-4.0,-11.0,-13.0,4.0,1.0
-14,-8.0,1.0,19.0,-6.0,-6.0,4.0,7.0,-11.0,-11.0,-10.0,5.0,-5.0,-11.0,-17.0,7.0,1.0
-15,-11.0,-1.0,21.0,-6.0,-9.0,2.0,8.0,-11.0,-12.0,-13.0,8.0,-6.0,-11.0,-20.0,8.0,1.0
-17,-13.0,-3.0,21.0,-8.0,-11.0,-1.0,9.0,-10.0,-12.0,-17.0,10.0,-5.0,-10.0,-22.0,9.0,1.0
-19,-14.0,-5.0,21.0,-9.0,-14.0,-3.0,9.0,-8.0,-10.0,-19.0,11.0,-2.0,-10.0,-23.0,8.0,1.0
-22,-13.0,-7.0,20.0,-9.0,-16.0,-6.0,9.0,-6.0,-9.0,-19.0,10.0,2.0,-9.0,-22.0,6.0,1.0
-23,-12.0,-8.0,18.0,-8.0,-18.0,-9.0,9.0,-4.0,-7.0,-18.0,9.0,5.0,-8.0,-20.0,3.0,1.0
-8,-5.0,3.0,3.0,-1.0,-10.0,-2.0,7.0,-4.0,-7.0,-2.0,0.0,-1.0,-7.0,-11.0,6.0,1.0
-7,1.0,4.0,-7.0,0.0,-7.0,2.0,-3.0,-2.0,-6.0,3.0,-11.0,-10.0,-4.0,-9.0,7.0,1.0
-3,-4.0,-2.0,13.0,4.0,-5.0,-1.0,6.0,-3.0,-3.0,-9.0,16.0,-2.0,-9.0,-5.0,17.0,1.0
-4,1.0,0.0,10.0,4.0,-3.0,2.0,5.0,0.0,1.0,-9.0,11.0,0.0,-6.0,-6.0,15.0,1.0
-4,6.0,2.0,7.0,4.0,-1.0,5.0,2.0,4.0,3.0,-8.0,7.0,3.0,-4.0,-7.0,13.0,1.0
-4,12.0,4.0,2.0,2.0,4.0,7.0,1.0,6.0,4.0,-7.0,4.0,5.0,-4.0,-5.0,11.0,1.0
-4,18.0,6.0,-3.0,2.0,8.0,10.0,-1.0,8.0,5.0,-4.0,1.0,6.0,-4.0,-2.0,10.0,1.0
-4,24.0,9.0,-6.0,2.0,12.0,12.0,-2.0,9.0,6.0,-1.0,-2.0,7.0,-4.0,1.0,8.0,1.0
-4,28.0,12.0,-6.0,3.0,15.0,14.0,-2.0,11.0,8.0,2.0,-5.0,10.0,-4.0,4.0,5.0,1.0
-3,30.0,15.0,-4.0,4.0,17.0,16.0,-1.0,12.0,9.0,5.0,-7.0,12.0,-2.0,6.0,3.0,1.0
-1,28.0,17.0,-1.0,6.0,18.0,18.0,1.0,12.0,9.0,7.0,-8.0,13.0,0.0,6.0,2.0,1.0
2,25.0,19.0,2.0,8.0,18.0,18.0,2.0,12.0,8.0,8.0,-6.0,14.0,1.0,6.0,1.0,1.0
4,21.0,20.0,3.0,11.0,17.0,17.0,3.0,11.0,8.0,9.0,-3.0,15.0,2.0,7.0,2.0,1.0
6,18.0,20.0,4.0,15.0,14.0,15.0,3.0,11.0,9.0,9.0,1.0,17.0,2.0,9.0,2.0,1.0
6,14.0,20.0,1.0,21.0,7.0,9.0,3.0,15.0,11.0,9.0,7.0,23.0,2.0,11.0,5.0,1.0
5,12.0,19.0,-1.0,23.0,3.0,6.0,3.0,18.0,12.0,8.0,7.0,26.0,4.0,9.0,6.0,1.0
6,9.0,16.0,-4.0,22.0,0.0,2.0,2.0,21.0,12.0,7.0,6.0,28.0,5.0,6.0,7.0,1.0
6,7.0,13.0,-6.0,21.0,-2.0,-2.0,2.0,21.0,11.0,7.0,4.0,28.0,5.0,3.0,8.0,1.0
6,6.0,11.0,-9.0,19.0,-2.0,-6.0,2.0,20.0,10.0,6.0,1.0,26.0,3.0,-1.0,9.0,1.0
5,7.0,8.0,-12.0,18.0,-2.0,-9.0,1.0,20.0,8.0,4.0,-1.0,25.0,2.0,-5.0,9.0,1.0
4,8.0,6.0,-14.0,17.0,-2.0,-10.0,-1.0,22.0,7.0,1.0,-4.0,26.0,0.0,-10.0,10.0,1.0
4,9.0,4.0,-15.0,17.0,-2.0,-10.0,-3.0,25.0,6.0,-2.0,-6.0,27.0,0.0,-13.0,10.0,1.0
5,8.0,3.0,-15.0,16.0,-1.0,-8.0,-5.0,28.0,6.0,-4.0,-8.0,27.0,2.0,-16.0,9.0,1.0
6,6.0,3.0,-13.0,14.0,-1.0,-6.0,-6.0,32.0,6.0,-5.0,-10.0,26.0,6.0,-17.0,8.0,1.0
7,3.0,3.0,-10.0,12.0,-1.0,-2.0,-6.0,35.0,8.0,-5.0,-12.0,25.0,11.0,-16.0,6.0,1.0
8,1.0,3.0,-7.0,10.0,1.0,1.0,-7.0,36.0,11.0,-3.0,-14.0,24.0,15.0,-13.0,5.0,1.0
8,1.0,3.0,-4.0,9.0,1.0,4.0,-7.0,35.0,14.0,0.0,-14.0,22.0,18.0,-9.0,3.0,1.0
8,3.0,1.0,-2.0,9.0,2.0,6.0,-8.0,34.0,16.0,3.0,-14.0,22.0,20.0,-5.0,2.0,1.0
9,6.0,-1.0,-3.0,12.0,3.0,7.0,-9.0,33.0,17.0,5.0,-13.0,22.0,21.0,-2.0,1.0,1.0
12,10.0,-1.0,-5.0,16.0,4.0,7.0,-10.0,33.0,18.0,6.0,-11.0,23.0,22.0,1.0,0.0,1.0
16,13.0,-1.0,-8.0,20.0,4.0,6.0,-11.0,34.0,20.0,5.0,-9.0,24.0,22.0,4.0,-1.0,1.0
19,13.0,0.0,-11.0,23.0,4.0,5.0,-11.0,35.0,20.0,2.0,-7.0,26.0,21.0,4.0,-2.0,1.0
19,13.0,1.0,-14.0,25.0,2.0,4.0,-10.0,37.0,19.0,0.0,-6.0,29.0,20.0,4.0,-2.0,1.0
17,12.0,3.0,-14.0,24.0,-1.0,3.0,-9.0,40.0,17.0,-2.0,-6.0,32.0,19.0,3.0,-4.0,1.0
14,10.0,4.0,-13.0,21.0,-3.0,3.0,-7.0,41.0,13.0,-1.0,-6.0,31.0,19.0,2.0,-5.0,1.0
10,8.0,4.0,-9.0,17.0,-3.0,2.0,-4.0,41.0,9.0,2.0,-7.0,29.0,20.0,3.0,-6.0,1.0
6,7.0,4.0,-4.0,13.0,-2.0,2.0,0.0,39.0,6.0,6.0,-7.0,25.0,21.0,5.0,-7.0,1.0
17,16.0,10.0,-23.0,4.0,7.0,15.0,-6.0,40.0,-13.0,-11.0,3.0,-2.0,11.0,11.0,0.0,1.0
15,17.0,15.0,-19.0,4.0,11.0,19.0,-5.0,46.0,-16.0,-12.0,7.0,1.0,11.0,12.0,1.0,1.0
19,-15.0,-4.0,-6.0,-3.0,-6.0,0.0,3.0,45.0,-12.0,-9.0,-13.0,12.0,14.0,-16.0,2.0,1.0
19,-14.0,-3.0,-4.0,0.0,-6.0,2.0,3.0,48.0,-8.0,-11.0,-16.0,15.0,14.0,-16.0,-1.0,1.0
19,-13.0,0.0,-2.0,2.0,-4.0,3.0,3.0,48.0,-4.0,-14.0,-17.0,17.0,14.0,-15.0,-3.0,1.0
18,-12.0,2.0,0.0,3.0,-3.0,5.0,3.0,47.0,-2.0,-16.0,-16.0,18.0,13.0,-13.0,-4.0,1.0
16,-12.0,3.0,3.0,2.0,-3.0,7.0,3.0,43.0,-1.0,-18.0,-12.0,17.0,11.0,-11.0,-5.0,1.0
13,-12.0,2.0,5.0,0.0,-3.0,8.0,3.0,37.0,-3.0,-18.0,-7.0,16.0,9.0,-10.0,-5.0,1.0
8,-12.0,0.0,9.0,-2.0,-4.0,9.0,2.0,30.0,-6.0,-17.0,-1.0,13.0,7.0,-9.0,-5.0,1.0
4,-13.0,-2.0,12.0,-4.0,-4.0,7.0,2.0,21.0,-9.0,-15.0,7.0,12.0,5.0,-8.0,-5.0,1.0
21,-4.0,2.0,-4.0,11.0,15.0,-4.0,-7.0,-3.0,7.0,23.0,2.0,8.0,4.0,15.0,2.0,1.0
21,-1.0,2.0,-7.0,11.0,16.0,-5.0,-8.0,-3.0,7.0,22.0,3.0,9.0,4.0,14.0,2.0,1.0
22,1.0,1.0,-10.0,11.0,15.0,-5.0,-8.0,-5.0,7.0,21.0,4.0,9.0,5.0,13.0,2.0,1.0
22,2.0,-2.0,-12.0,11.0,12.0,-6.0,-7.0,-6.0,6.0,20.0,6.0,9.0,4.0,12.0,2.0,1.0
22,2.0,-4.0,-13.0,11.0,9.0,-6.0,-6.0,-8.0,5.0,19.0,8.0,8.0,3.0,11.0,2.0,1.0
21,1.0,-5.0,-14.0,9.0,5.0,-6.0,-5.0,-11.0,4.0,18.0,9.0,6.0,0.0,11.0,2.0,1.0
20,0.0,-4.0,-15.0,7.0,3.0,-5.0,-4.0,-14.0,4.0,17.0,9.0,4.0,-3.0,12.0,2.0,1.0
-15,-8.0,-7.0,8.0,-6.0,-4.0,-21.0,8.0,0.0,-12.0,-16.0,3.0,-14.0,-18.0,-2.0,9.0,1.0
-17,-11.0,-9.0,5.0,-8.0,-7.0,-26.0,9.0,1.0,-14.0,-18.0,-2.0,-16.0,-18.0,-4.0,6.0,1.0
-19,-14.0,-10.0,2.0,-11.0,-10.0,-29.0,9.0,2.0,-16.0,-17.0,-6.0,-17.0,-16.0,-7.0,3.0,1.0
-20,-16.0,-11.0,0.0,-12.0,-14.0,-30.0,9.0,4.0,-17.0,-16.0,-11.0,-19.0,-12.0,-9.0,0.0,1.0
-20,-18.0,-12.0,-1.0,-13.0,-18.0,-29.0,9.0,6.0,-18.0,-15.0,-15.0,-18.0,-10.0,-10.0,-3.0,1.0
-17,-19.0,-13.0,-2.0,-13.0,-19.0,-27.0,8.0,9.0,-20.0,-13.0,-18.0,-17.0,-9.0,-11.0,-4.0,1.0
-13,-19.0,-13.0,-2.0,-13.0,-17.0,-23.0,7.0,12.0,-21.0,-12.0,-20.0,-15.0,-10.0,-11.0,-5.0,1.0
5,-11.0,-7.0,-9.0,-1.0,-1.0,-15.0,-6.0,-12.0,-12.0,4.0,-9.0,-9.0,-15.0,-6.0,1.0,1.0
4,-10.0,-9.0,-8.0,-1.0,1.0,-18.0,-5.0,-12.0,-12.0,2.0,-7.0,-9.0,-16.0,-5.0,2.0,1.0
2,-10.0,-10.0,-5.0,-2.0,2.0,-19.0,-4.0,-11.0,-12.0,1.0,-3.0,-9.0,-17.0,-4.0,4.0,1.0
-1,-9.0,-11.0,-1.0,-4.0,2.0,-19.0,-1.0,-11.0,-12.0,0.0,2.0,-11.0,-16.0,-2.0,7.0,1.0
-4,-9.0,-12.0,4.0,-6.0,0.0,-16.0,2.0,-12.0,-12.0,0.0,6.0,-13.0,-15.0,0.0,10.0,1.0
-7,-14.0,-17.0,10.0,-15.0,-10.0,-11.0,9.0,-11.0,-11.0,-19.0,9.0,-18.0,-11.0,-12.0,8.0,1.0
-8,-12.0,-17.0,7.0,-16.0,-10.0,-12.0,8.0,-10.0,-11.0,-23.0,5.0,-16.0,-12.0,-17.0,7.0,1.0
-8,-9.0,-17.0,3.0,-16.0,-8.0,-13.0,6.0,-10.0,-11.0,-25.0,2.0,-16.0,-13.0,-22.0,5.0,1.0
-7,-5.0,-16.0,0.0,-14.0,-6.0,-13.0,5.0,-11.0,-11.0,-25.0,-2.0,-15.0,-14.0,-23.0,4.0,1.0
-7,-3.0,-14.0,-3.0,-13.0,-4.0,-13.0,5.0,-11.0,-11.0,-24.0,-4.0,-15.0,-16.0,-23.0,3.0,1.0
-8,-1.0,-11.0,-3.0,-13.0,-3.0,-12.0,4.0,-12.0,-12.0,-22.0,-5.0,-16.0,-18.0,-20.0,3.0,1.0
-11,4.0,9.0,-8.0,-14.0,4.0,7.0,-4.0,-13.0,7.0,10.0,-29.0,-21.0,12.0,-12.0,-4.0,1.0
-8,6.0,10.0,-15.0,-13.0,5.0,5.0,-4.0,-10.0,12.0,11.0,-36.0,-16.0,13.0,-14.0,-6.0,1.0
-4,8.0,10.0,-23.0,-10.0,6.0,1.0,-5.0,-6.0,16.0,10.0,-41.0,-11.0,14.0,-15.0,-8.0,1.0
1,9.0,9.0,-30.0,-6.0,5.0,-3.0,-5.0,-2.0,19.0,9.0,-43.0,-6.0,15.0,-16.0,-10.0,1.0
5,10.0,9.0,-35.0,-3.0,3.0,-6.0,-5.0,2.0,20.0,8.0,-43.0,-2.0,15.0,-15.0,-11.0,1.0
7,11.0,8.0,-38.0,0.0,2.0,-9.0,-5.0,6.0,19.0,8.0,-42.0,1.0,14.0,-13.0,-10.0,1.0
7,11.0,8.0,-40.0,1.0,1.0,-11.0,-5.0,8.0,17.0,8.0,-38.0,4.0,11.0,-11.0,-9.0,1.0
5,12.0,8.0,-40.0,1.0,0.0,-12.0,-5.0,7.0,16.0,7.0,-34.0,4.0,8.0,-8.0,-8.0,1.0
2,11.0,8.0,-38.0,-1.0,1.0,-13.0,-4.0,5.0,14.0,5.0,-28.0,3.0,4.0,-6.0,-6.0,1.0
-2,11.0,8.0,-35.0,-2.0,2.0,-14.0,-4.0,1.0,13.0,3.0,-23.0,2.0,2.0,-6.0,-4.0,1.0
-5,10.0,8.0,-31.0,-3.0,2.0,-13.0,-3.0,-3.0,12.0,0.0,-16.0,1.0,0.0,-5.0,-2.0,1.0
-6,9.0,8.0,-25.0,-3.0,3.0,-12.0,-3.0,-6.0,12.0,-3.0,-10.0,1.0,-1.0,-5.0,-2.0,1.0
-6,8.0,6.0,-19.0,-1.0,3.0,-10.0,-2.0,-8.0,13.0,-5.0,-4.0,2.0,1.0,-5.0,-2.0,1.0
-4,7.0,5.0,-14.0,0.0,4.0,-9.0,-1.0,-10.0,15.0,-6.0,0.0,3.0,3.0,-5.0,-2.0,1.0
-3,7.0,-3.0,10.0,4.0,2.0,9.0,-5.0,-8.0,27.0,-3.0,-12.0,8.0,10.0,-4.0,-10.0,1.0
-2,7.0,-2.0,10.0,5.0,5.0,8.0,-5.0,-4.0,27.0,-1.0,-13.0,7.0,10.0,0.0,-8.0,1.0
-1,7.0,-1.0,9.0,6.0,7.0,7.0,-5.0,-1.0,26.0,0.0,-13.0,7.0,9.0,3.0,-7.0,1.0
-1,6.0,1.0,9.0,6.0,8.0,5.0,-5.0,3.0,22.0,1.0,-12.0,7.0,8.0,5.0,-5.0,1.0
0,5.0,0.0,8.0,7.0,8.0,4.0,-4.0,6.0,18.0,3.0,-9.0,8.0,7.0,5.0,-2.0,1.0
3,4.0,-1.0,8.0,8.0,6.0,3.0,-3.0,8.0,12.0,4.0,-6.0,9.0,4.0,5.0,0.0,1.0
6,2.0,-4.0,8.0,9.0,3.0,2.0,-2.0,8.0,8.0,4.0,-2.0,12.0,2.0,3.0,2.0,1.0
10,0.0,-7.0,7.0,10.0,-2.0,1.0,0.0,7.0,5.0,5.0,1.0,14.0,-1.0,1.0,4.0,1.0
13,-3.0,-10.0,6.0,10.0,-5.0,-1.0,1.0,5.0,4.0,5.0,4.0,17.0,-3.0,-1.0,6.0,1.0
14,-5.0,-11.0,6.0,11.0,-6.0,-2.0,2.0,3.0,5.0,6.0,5.0,19.0,-4.0,-3.0,6.0,1.0
14,-7.0,-11.0,6.0,10.0,-6.0,-4.0,2.0,0.0,6.0,7.0,5.0,21.0,-4.0,-5.0,6.0,1.0
13,-8.0,-10.0,7.0,9.0,-5.0,-4.0,2.0,-4.0,8.0,8.0,5.0,21.0,-3.0,-7.0,5.0,1.0
4,-4.0,-6.0,14.0,8.0,-1.0,3.0,-1.0,-6.0,18.0,3.0,7.0,17.0,12.0,-7.0,-2.0,1.0
1,-1.0,-7.0,15.0,7.0,0.0,3.0,-1.0,-2.0,18.0,-1.0,8.0,18.0,13.0,-5.0,-3.0,1.0
-1,3.0,-7.0,14.0,6.0,3.0,3.0,-2.0,2.0,19.0,-4.0,10.0,20.0,12.0,-3.0,-2.0,1.0
-2,5.0,-6.0,13.0,5.0,6.0,2.0,-3.0,5.0,19.0,-6.0,12.0,21.0,10.0,-1.0,-1.0,1.0
-2,7.0,-4.0,10.0,5.0,9.0,2.0,-3.0,6.0,18.0,-5.0,12.0,22.0,8.0,0.0,1.0,1.0
-1,9.0,-1.0,8.0,5.0,10.0,2.0,-4.0,5.0,17.0,-3.0,12.0,23.0,3.0,2.0,2.0,1.0
-6,5.0,-3.0,-8.0,3.0,-1.0,-16.0,1.0,2.0,20.0,3.0,-19.0,37.0,-19.0,-6.0,-6.0,1.0
-20,-11.0,-3.0,7.0,-17.0,-7.0,-7.0,4.0,2.0,-4.0,-19.0,9.0,1.0,-17.0,-9.0,14.0,1.0
19,-7.0,-7.0,-13.0,6.0,-1.0,-9.0,-3.0,8.0,12.0,3.0,-6.0,-1.0,16.0,2.0,-1.0,1.0
16,-4.0,-8.0,-15.0,3.0,2.0,-11.0,-4.0,7.0,12.0,3.0,-8.0,-2.0,16.0,0.0,-1.0,1.0
12,-1.0,-9.0,-15.0,0.0,4.0,-12.0,-5.0,5.0,12.0,3.0,-9.0,-3.0,16.0,-1.0,-1.0,1.0
6,2.0,-9.0,-13.0,0.0,6.0,-14.0,-6.0,4.0,12.0,2.0,-9.0,-4.0,15.0,-2.0,-1.0,1.0
2,2.0,-8.0,-10.0,1.0,6.0,-15.0,-6.0,4.0,11.0,-2.0,-8.0,-5.0,14.0,-3.0,0.0,1.0
-3,1.0,-6.0,-6.0,2.0,5.0,-14.0,-6.0,5.0,11.0,-8.0,-6.0,-6.0,12.0,-5.0,1.0,1.0
-5,-2.0,-4.0,-2.0,3.0,3.0,-13.0,-6.0,6.0,10.0,-16.0,-3.0,-8.0,8.0,-6.0,3.0,1.0
-7,-5.0,-3.0,2.0,2.0,1.0,-11.0,-6.0,8.0,8.0,-25.0,1.0,-8.0,2.0,-7.0,5.0,1.0
-8,-9.0,-3.0,6.0,-1.0,-1.0,-7.0,-6.0,10.0,6.0,-33.0,6.0,-8.0,-4.0,-7.0,8.0,1.0
-9,-12.0,-2.0,8.0,-4.0,-3.0,-3.0,-5.0,11.0,3.0,-37.0,10.0,-7.0,-11.0,-7.0,11.0,1.0
-9,-14.0,-1.0,11.0,-6.0,-4.0,1.0,-6.0,12.0,-2.0,-38.0,14.0,-6.0,-17.0,-6.0,14.0,1.0
-8,-16.0,-1.0,12.0,-9.0,-4.0,5.0,-6.0,12.0,-8.0,-36.0,17.0,-4.0,-21.0,-6.0,16.0,1.0
-8,-17.0,-1.0,13.0,-11.0,-4.0,9.0,-6.0,10.0,-15.0,-32.0,20.0,-5.0,-24.0,-6.0,18.0,1.0
-7,-17.0,-1.0,12.0,-13.0,-3.0,11.0,-7.0,7.0,-21.0,-26.0,21.0,-9.0,-25.0,-5.0,19.0,1.0
-3,-8.0,1.0,-13.0,-14.0,-1.0,-1.0,-8.0,5.0,-20.0,-3.0,-11.0,-11.0,-5.0,-25.0,11.0,1.0
1,-8.0,2.0,-17.0,-11.0,-1.0,-3.0,-8.0,6.0,-14.0,-4.0,-15.0,-9.0,-1.0,-27.0,10.0,1.0
5,-8.0,1.0,-19.0,-8.0,-1.0,-5.0,-8.0,6.0,-11.0,-5.0,-17.0,-9.0,2.0,-28.0,9.0,1.0
8,-8.0,-1.0,-20.0,-6.0,-2.0,-6.0,-7.0,6.0,-9.0,-5.0,-16.0,-9.0,3.0,-27.0,9.0,1.0
12,-8.0,-3.0,-21.0,-4.0,-2.0,-7.0,-6.0,5.0,-8.0,-5.0,-13.0,-9.0,3.0,-26.0,9.0,1.0
14,-8.0,-6.0,-21.0,-3.0,-3.0,-9.0,-5.0,3.0,-10.0,-5.0,-11.0,-9.0,1.0,-23.0,9.0,1.0
16,-8.0,-8.0,-22.0,-3.0,-3.0,-11.0,-5.0,3.0,-12.0,-4.0,-9.0,-9.0,-1.0,-21.0,9.0,1.0
18,-8.0,-11.0,-23.0,-3.0,-2.0,-14.0,-4.0,3.0,-14.0,-3.0,-9.0,-9.0,-4.0,-19.0,9.0,1.0
20,-8.0,-12.0,-24.0,-3.0,-1.0,-17.0,-4.0,4.0,-15.0,-2.0,-9.0,-7.0,-5.0,-18.0,9.0,1.0
21,-7.0,-13.0,-26.0,-3.0,0.0,-19.0,-4.0,7.0,-15.0,-2.0,-9.0,-6.0,-6.0,-18.0,10.0,1.0
21,-6.0,-13.0,-28.0,-2.0,-1.0,-19.0,-4.0,9.0,-14.0,-3.0,-9.0,-3.0,-6.0,-17.0,10.0,1.0
21,-4.0,-12.0,-28.0,-1.0,-3.0,-17.0,-3.0,11.0,-11.0,-4.0,-9.0,-2.0,-4.0,-17.0,9.0,1.0
19,-3.0,-11.0,-28.0,0.0,-4.0,-15.0,-3.0,11.0,-8.0,-5.0,-9.0,-1.0,-3.0,-16.0,9.0,1.0
16,-1.0,-9.0,-27.0,-1.0,-5.0,-13.0,-2.0,10.0,-5.0,-6.0,-7.0,0.0,-1.0,-16.0,8.0,1.0
12,0.0,-7.0,-24.0,-2.0,-4.0,-11.0,-1.0,8.0,-3.0,-6.0,-5.0,1.0,1.0,-15.0,7.0,1.0
9,1.0,-5.0,-21.0,-2.0,-4.0,-11.0,-1.0,4.0,-1.0,-7.0,-1.0,1.0,2.0,-15.0,7.0,1.0
5,2.0,-5.0,-17.0,-1.0,-3.0,-10.0,-1.0,2.0,0.0,-9.0,4.0,3.0,3.0,-14.0,6.0,1.0
3,4.0,-4.0,-13.0,2.0,-2.0,-9.0,-1.0,0.0,0.0,-10.0,9.0,5.0,3.0,-14.0,5.0,1.0
1,5.0,-3.0,-9.0,4.0,-2.0,-8.0,-2.0,-2.0,1.0,-11.0,14.0,8.0,3.0,-13.0,4.0,1.0
1,5.0,-3.0,-7.0,6.0,-2.0,-6.0,-3.0,-4.0,0.0,-10.0,17.0,9.0,2.0,-12.0,3.0,1.0
1,4.0,-3.0,-5.0,9.0,-2.0,-4.0,-4.0,-6.0,-1.0,-9.0,19.0,11.0,1.0,-11.0,2.0,1.0
3,3.0,-3.0,-3.0,11.0,-3.0,-3.0,-6.0,-8.0,-2.0,-7.0,20.0,13.0,0.0,-11.0,2.0,1.0
6,1.0,-4.0,-2.0,12.0,-3.0,-2.0,-7.0,-8.0,-4.0,-5.0,20.0,15.0,-1.0,-12.0,1.0,1.0
9,0.0,-6.0,-2.0,14.0,-4.0,-1.0,-8.0,-6.0,-5.0,-3.0,19.0,17.0,-1.0,-12.0,1.0,1.0
12,-1.0,-8.0,-3.0,16.0,-5.0,-2.0,-8.0,-4.0,-5.0,-2.0,16.0,19.0,-1.0,-13.0,1.0,1.0
14,-2.0,-10.0,-4.0,17.0,-6.0,-4.0,-8.0,-2.0,-4.0,-2.0,13.0,20.0,-2.0,-13.0,1.0,1.0
15,-2.0,-12.0,-6.0,16.0,-7.0,-7.0,-8.0,-1.0,-3.0,-2.0,9.0,20.0,-3.0,-14.0,1.0,1.0
16,-3.0,-13.0,-9.0,16.0,-7.0,-10.0,-7.0,0.0,-2.0,-1.0,6.0,19.0,-3.0,-14.0,1.0,1.0
18,-3.0,-13.0,-12.0,16.0,-7.0,-12.0,-7.0,1.0,-1.0,-1.0,3.0,19.0,-3.0,-14.0,1.0,1.0
20,-2.0,-13.0,-14.0,17.0,-7.0,-13.0,-6.0,1.0,-1.0,1.0,2.0,18.0,-2.0,-14.0,1.0,1.0
22,-1.0,-13.0,-15.0,19.0,-7.0,-13.0,-6.0,0.0,0.0,3.0,1.0,17.0,1.0,-14.0,0.0,1.0
24,1.0,-12.0,-16.0,20.0,-7.0,-11.0,-5.0,-1.0,0.0,5.0,1.0,16.0,3.0,-12.0,-1.0,1.0
25,3.0,-12.0,-16.0,20.0,-7.0,-10.0,-4.0,-2.0,1.0,9.0,2.0,15.0,6.0,-10.0,-3.0,1.0
25,4.0,-12.0,-14.0,21.0,-7.0,-9.0,-3.0,-4.0,1.0,12.0,4.0,16.0,9.0,-8.0,-4.0,1.0
26,6.0,-12.0,-13.0,21.0,-5.0,-8.0,-2.0,-5.0,2.0,14.0,6.0,17.0,11.0,-6.0,-4.0,1.0
27,7.0,-12.0,-11.0,23.0,-3.0,-7.0,-2.0,-4.0,4.0,16.0,8.0,20.0,12.0,-5.0,-4.0,1.0
28,8.0,-11.0,-9.0,25.0,0.0,-6.0,-3.0,-2.0,5.0,16.0,10.0,23.0,13.0,-4.0,-3.0,1.0
29,9.0,-9.0,-6.0,27.0,2.0,-4.0,-3.0,2.0,5.0,15.0,12.0,27.0,13.0,-4.0,-3.0,1.0
29,8.0,-7.0,-3.0,28.0,3.0,-2.0,-3.0,5.0,5.0,13.0,13.0,30.0,13.0,-4.0,-2.0,1.0
30,6.0,-5.0,0.0,29.0,3.0,0.0,-3.0,8.0,4.0,12.0,14.0,31.0,13.0,-5.0,-1.0,1.0
29,3.0,-4.0,2.0,28.0,2.0,2.0,-2.0,10.0,4.0,10.0,13.0,31.0,13.0,-6.0,0.0,1.0
27,0.0,-2.0,4.0,27.0,0.0,2.0,0.0,12.0,5.0,8.0,12.0,31.0,13.0,-6.0,0.0,1.0
25,-3.0,-2.0,6.0,26.0,-2.0,2.0,1.0,12.0,6.0,6.0,10.0,29.0,13.0,-6.0,0.0,1.0
23,-5.0,-2.0,7.0,24.0,-3.0,1.0,2.0,11.0,8.0,5.0,8.0,27.0,12.0,-6.0,-1.0,1.0
15,-8.0,1.0,12.0,19.0,-8.0,9.0,-1.0,5.0,10.0,22.0,-7.0,22.0,15.0,4.0,-11.0,1.0
13,-5.0,-1.0,10.0,19.0,-6.0,6.0,-2.0,4.0,8.0,23.0,-5.0,21.0,15.0,5.0,-11.0,1.0
10,-1.0,-2.0,9.0,18.0,-3.0,3.0,-1.0,4.0,5.0,23.0,-3.0,20.0,13.0,7.0,-10.0,1.0
8,4.0,-2.0,8.0,18.0,-1.0,1.0,0.0,4.0,2.0,22.0,1.0,17.0,11.0,10.0,-9.0,1.0
5,8.0,-2.0,7.0,17.0,1.0,0.0,1.0,4.0,0.0,20.0,5.0,14.0,9.0,14.0,-8.0,1.0
3,12.0,-1.0,8.0,17.0,2.0,1.0,3.0,5.0,-2.0,18.0,8.0,12.0,6.0,17.0,-7.0,1.0
2,15.0,-1.0,9.0,17.0,2.0,3.0,4.0,6.0,-2.0,16.0,10.0,12.0,3.0,20.0,-5.0,1.0
2,16.0,-1.0,10.0,17.0,1.0,4.0,5.0,6.0,-1.0,14.0,11.0,11.0,2.0,21.0,-4.0,1.0
2,17.0,-2.0,11.0,16.0,1.0,5.0,5.0,6.0,2.0,12.0,10.0,11.0,2.0,20.0,-3.0,1.0
2,15.0,-2.0,10.0,14.0,2.0,5.0,5.0,6.0,3.0,10.0,9.0,10.0,2.0,18.0,-2.0,1.0
3,12.0,-2.0,9.0,11.0,2.0,4.0,4.0,5.0,3.0,7.0,8.0,7.0,3.0,16.0,-2.0,1.0
2,8.0,-2.0,8.0,8.0,2.0,3.0,4.0,4.0,2.0,3.0,6.0,3.0,2.0,12.0,-2.0,1.0
-5,-14.0,3.0,4.0,-4.0,-6.0,-12.0,10.0,3.0,-12.0,-19.0,6.0,-17.0,-8.0,-9.0,11.0,1.0
-5,-12.0,1.0,3.0,-4.0,-6.0,-12.0,9.0,3.0,-13.0,-22.0,5.0,-16.0,-8.0,-14.0,10.0,1.0
-6,-10.0,-2.0,1.0,-4.0,-6.0,-13.0,7.0,3.0,-14.0,-23.0,4.0,-14.0,-7.0,-18.0,9.0,1.0
-7,-8.0,-4.0,0.0,-5.0,-6.0,-13.0,6.0,4.0,-14.0,-25.0,3.0,-13.0,-7.0,-21.0,8.0,1.0
-7,-8.0,-5.0,0.0,-7.0,-5.0,-13.0,4.0,5.0,-16.0,-25.0,3.0,-11.0,-6.0,-22.0,6.0,1.0
-6,-8.0,-8.0,1.0,-9.0,-3.0,-12.0,3.0,6.0,-17.0,-24.0,3.0,-9.0,-6.0,-23.0,5.0,1.0
-5,-9.0,-10.0,2.0,-10.0,-1.0,-12.0,1.0,6.0,-19.0,-23.0,3.0,-8.0,-6.0,-23.0,4.0,1.0
-4,-10.0,-13.0,4.0,-11.0,0.0,-12.0,0.0,7.0,-20.0,-22.0,2.0,-7.0,-5.0,-23.0,3.0,1.0
-3,-11.0,-15.0,6.0,-11.0,1.0,-12.0,-1.0,8.0,-20.0,-20.0,1.0,-6.0,-4.0,-23.0,2.0,1.0
-3,-13.0,-18.0,7.0,-12.0,0.0,-13.0,-1.0,10.0,-19.0,-19.0,-1.0,-5.0,-1.0,-23.0,1.0,1.0
-2,-14.0,-19.0,8.0,-12.0,-2.0,-13.0,-1.0,12.0,-17.0,-17.0,-3.0,-4.0,1.0,-22.0,-1.0,1.0
-2,-15.0,-20.0,7.0,-12.0,-4.0,-13.0,-1.0,13.0,-15.0,-15.0,-5.0,-4.0,4.0,-21.0,-2.0,1.0
-1,-15.0,-20.0,5.0,-13.0,-5.0,-12.0,-1.0,15.0,-13.0,-14.0,-8.0,-5.0,6.0,-19.0,-3.0,1.0
-1,-13.0,-18.0,2.0,-13.0,-5.0,-11.0,-2.0,17.0,-10.0,-12.0,-12.0,-6.0,8.0,-17.0,-3.0,1.0
-1,-11.0,-16.0,-1.0,-14.0,-3.0,-10.0,-3.0,19.0,-7.0,-11.0,-16.0,-6.0,10.0,-14.0,-4.0,1.0
-4,-8.0,-13.0,-4.0,-17.0,0.0,-9.0,-3.0,21.0,-3.0,-9.0,-20.0,-6.0,10.0,-12.0,-5.0,1.0
-7,-5.0,-10.0,-7.0,-20.0,2.0,-8.0,-4.0,20.0,0.0,-6.0,-24.0,-5.0,11.0,-10.0,-6.0,1.0
-9,-3.0,-8.0,-10.0,-22.0,3.0,-7.0,-4.0,18.0,3.0,-3.0,-27.0,-4.0,11.0,-9.0,-7.0,1.0
-12,-1.0,-6.0,-13.0,-24.0,3.0,-7.0,-3.0,15.0,6.0,1.0,-30.0,-4.0,12.0,-9.0,-7.0,1.0
-13,0.0,-4.0,-16.0,-25.0,4.0,-7.0,-3.0,12.0,8.0,5.0,-32.0,-4.0,12.0,-8.0,-8.0,1.0
-12,1.0,-3.0,-17.0,-25.0,5.0,-8.0,-3.0,9.0,9.0,9.0,-33.0,-5.0,13.0,-6.0,-8.0,1.0
-9,1.0,-2.0,-18.0,-23.0,7.0,-8.0,-3.0,7.0,9.0,12.0,-32.0,-6.0,13.0,-3.0,-7.0,1.0
-6,1.0,0.0,-18.0,-19.0,8.0,-8.0,-3.0,5.0,9.0,15.0,-29.0,-8.0,13.0,1.0,-6.0,1.0
-2,1.0,2.0,-16.0,-14.0,8.0,-7.0,-3.0,2.0,9.0,17.0,-25.0,-10.0,13.0,5.0,-6.0,1.0
1,0.0,5.0,-14.0,-9.0,7.0,-4.0,-3.0,-3.0,8.0,19.0,-21.0,-12.0,14.0,7.0,-5.0,1.0
3,0.0,8.0,-13.0,-5.0,6.0,0.0,-3.0,-7.0,8.0,21.0,-17.0,-14.0,15.0,9.0,-5.0,1.0
8,7.0,10.0,-6.0,-5.0,16.0,14.0,-9.0,-6.0,8.0,9.0,3.0,-8.0,16.0,7.0,-3.0,1.0
6,9.0,7.0,-7.0,-5.0,18.0,12.0,-9.0,-8.0,8.0,4.0,7.0,-9.0,13.0,9.0,-2.0,1.0
9,12.0,9.0,-18.0,3.0,8.0,-2.0,4.0,-16.0,-4.0,1.0,5.0,-9.0,-14.0,2.0,6.0,1.0
13,13.0,11.0,-18.0,5.0,12.0,-2.0,5.0,-12.0,-3.0,3.0,2.0,-3.0,-14.0,2.0,5.0,1.0
15,14.0,13.0,-17.0,8.0,15.0,-2.0,5.0,-7.0,-1.0,5.0,-1.0,3.0,-13.0,4.0,2.0,1.0
15,15.0,15.0,-15.0,10.0,18.0,-3.0,5.0,-2.0,1.0,7.0,-3.0,8.0,-11.0,5.0,0.0,1.0
13,16.0,16.0,-12.0,13.0,19.0,-3.0,4.0,3.0,1.0,8.0,-5.0,12.0,-10.0,6.0,-1.0,1.0
11,17.0,16.0,-10.0,14.0,19.0,-3.0,4.0,7.0,1.0,8.0,-5.0,15.0,-9.0,7.0,-3.0,1.0
10,19.0,16.0,-9.0,15.0,20.0,-2.0,3.0,9.0,-1.0,9.0,-5.0,16.0,-7.0,8.0,-4.0,1.0
7,20.0,16.0,-7.0,15.0,19.0,-1.0,4.0,9.0,-3.0,11.0,-4.0,15.0,-5.0,10.0,-6.0,1.0
4,22.0,16.0,-6.0,16.0,15.0,0.0,5.0,7.0,-5.0,14.0,-2.0,13.0,-2.0,11.0,-7.0,1.0
1,23.0,16.0,-4.0,17.0,11.0,1.0,6.0,4.0,-6.0,18.0,1.0,11.0,1.0,13.0,-7.0,1.0
-1,23.0,17.0,-3.0,19.0,6.0,2.0,8.0,2.0,-7.0,23.0,3.0,10.0,3.0,15.0,-8.0,1.0
0,22.0,17.0,-2.0,22.0,3.0,3.0,9.0,2.0,-8.0,27.0,4.0,11.0,6.0,18.0,-9.0,1.0
3,21.0,17.0,-1.0,25.0,1.0,4.0,10.0,4.0,-8.0,31.0,5.0,14.0,8.0,21.0,-10.0,1.0
7,18.0,17.0,2.0,27.0,-1.0,5.0,11.0,7.0,-8.0,34.0,4.0,17.0,9.0,24.0,-12.0,1.0
9,14.0,17.0,3.0,27.0,-2.0,5.0,12.0,10.0,-9.0,37.0,3.0,18.0,10.0,26.0,-13.0,1.0
10,10.0,16.0,5.0,26.0,-3.0,6.0,13.0,12.0,-10.0,40.0,-1.0,17.0,12.0,27.0,-16.0,1.0
9,7.0,17.0,6.0,23.0,-3.0,7.0,12.0,13.0,-12.0,42.0,-4.0,15.0,15.0,27.0,-18.0,1.0
7,5.0,17.0,6.0,19.0,-3.0,8.0,11.0,14.0,-14.0,44.0,-7.0,12.0,18.0,25.0,-18.0,1.0
4,3.0,18.0,6.0,16.0,-4.0,8.0,10.0,14.0,-16.0,44.0,-9.0,10.0,19.0,23.0,-18.0,1.0
-3,5.0,21.0,2.0,11.0,1.0,11.0,2.0,10.0,-7.0,36.0,-9.0,5.0,20.0,11.0,-5.0,1.0
1,7.0,21.0,-2.0,12.0,4.0,12.0,-1.0,7.0,-1.0,33.0,-11.0,4.0,20.0,9.0,-4.0,1.0
5,10.0,20.0,-5.0,14.0,6.0,12.0,-3.0,4.0,5.0,31.0,-14.0,2.0,19.0,8.0,-4.0,1.0
8,13.0,20.0,-9.0,16.0,8.0,11.0,-4.0,1.0,10.0,28.0,-19.0,1.0,17.0,7.0,-4.0,1.0
10,16.0,19.0,-14.0,18.0,10.0,9.0,-5.0,0.0,16.0,26.0,-22.0,2.0,16.0,7.0,-5.0,1.0
12,19.0,19.0,-18.0,19.0,12.0,6.0,-6.0,0.0,20.0,24.0,-26.0,4.0,13.0,6.0,-6.0,1.0
12,21.0,18.0,-21.0,21.0,11.0,4.0,-6.0,1.0,23.0,21.0,-27.0,6.0,11.0,6.0,-6.0,1.0
11,21.0,18.0,-22.0,22.0,10.0,2.0,-5.0,2.0,24.0,20.0,-28.0,10.0,9.0,6.0,-6.0,1.0
9,21.0,17.0,-21.0,22.0,8.0,1.0,-4.0,3.0,23.0,18.0,-26.0,13.0,6.0,5.0,-6.0,1.0
8,21.0,16.0,-19.0,21.0,7.0,1.0,-2.0,4.0,21.0,17.0,-23.0,15.0,5.0,5.0,-5.0,1.0
7,19.0,15.0,-17.0,20.0,6.0,1.0,-1.0,4.0,18.0,17.0,-19.0,15.0,4.0,5.0,-4.0,1.0
7,18.0,14.0,-14.0,19.0,5.0,1.0,-1.0,2.0,16.0,18.0,-16.0,13.0,5.0,6.0,-4.0,1.0
8,16.0,14.0,-12.0,19.0,6.0,2.0,-1.0,1.0,14.0,20.0,-12.0,11.0,8.0,7.0,-4.0,1.0
9,14.0,14.0,-10.0,19.0,7.0,3.0,-2.0,-1.0,14.0,22.0,-10.0,10.0,12.0,7.0,-3.0,1.0
9,11.0,14.0,-8.0,19.0,8.0,3.0,-4.0,-1.0,16.0,23.0,-9.0,10.0,15.0,7.0,-3.0,1.0
8,8.0,15.0,-6.0,18.0,10.0,3.0,-6.0,0.0,18.0,23.0,-8.0,11.0,18.0,7.0,-3.0,1.0
7,5.0,15.0,-4.0,16.0,11.0,4.0,-7.0,2.0,21.0,21.0,-7.0,13.0,20.0,7.0,-3.0,1.0
7,1.0,16.0,-2.0,14.0,11.0,4.0,-8.0,4.0,23.0,19.0,-7.0,14.0,20.0,7.0,-3.0,1.0
8,-2.0,16.0,-1.0,14.0,11.0,5.0,-9.0,4.0,24.0,17.0,-7.0,15.0,19.0,9.0,-3.0,1.0
9,-4.0,15.0,0.0,13.0,11.0,5.0,-10.0,4.0,24.0,15.0,-6.0,14.0,18.0,10.0,-4.0,1.0
9,-5.0,14.0,1.0,13.0,10.0,6.0,-10.0,3.0,23.0,14.0,-4.0,11.0,18.0,12.0,-5.0,1.0
9,-6.0,13.0,3.0,12.0,9.0,7.0,-10.0,1.0,21.0,13.0,0.0,8.0,19.0,14.0,-7.0,1.0
7,-6.0,11.0,6.0,11.0,7.0,9.0,-10.0,-1.0,20.0,12.0,4.0,6.0,20.0,17.0,-8.0,1.0
5,-6.0,9.0,9.0,9.0,5.0,12.0,-9.0,-2.0,19.0,11.0,9.0,5.0,22.0,19.0,-9.0,1.0
1,-8.0,8.0,13.0,6.0,3.0,13.0,-7.0,-4.0,19.0,9.0,14.0,3.0,23.0,22.0,-10.0,1.0
-3,-10.0,7.0,17.0,2.0,1.0,14.0,-6.0,-5.0,17.0,7.0,19.0,2.0,23.0,24.0,-11.0,1.0
-6,-14.0,-3.0,-8.0,-14.0,9.0,-19.0,-5.0,17.0,3.0,-10.0,-11.0,-2.0,3.0,4.0,-6.0,1.0
5,-10.0,-2.0,-11.0,-6.0,14.0,-17.0,-7.0,19.0,5.0,-10.0,-16.0,0.0,3.0,-1.0,-5.0,1.0
14,-7.0,1.0,-12.0,0.0,19.0,-14.0,-9.0,18.0,7.0,-9.0,-20.0,1.0,3.0,-5.0,-2.0,1.0
19,-3.0,3.0,-11.0,5.0,22.0,-9.0,-11.0,15.0,10.0,-5.0,-22.0,1.0,4.0,-8.0,0.0,1.0
21,0.0,5.0,-9.0,8.0,24.0,-5.0,-11.0,11.0,12.0,-1.0,-24.0,3.0,4.0,-10.0,2.0,1.0
21,3.0,6.0,-7.0,10.0,23.0,0.0,-12.0,8.0,15.0,3.0,-24.0,6.0,4.0,-12.0,5.0,1.0
20,4.0,6.0,-5.0,11.0,22.0,4.0,-12.0,7.0,16.0,6.0,-24.0,8.0,4.0,-14.0,6.0,1.0
18,4.0,7.0,-4.0,10.0,19.0,8.0,-12.0,5.0,17.0,7.0,-24.0,8.0,4.0,-14.0,7.0,1.0
14,2.0,8.0,-2.0,6.0,15.0,11.0,-11.0,5.0,18.0,7.0,-24.0,8.0,4.0,-14.0,7.0,1.0
9,-1.0,9.0,0.0,1.0,11.0,15.0,-10.0,4.0,18.0,5.0,-23.0,7.0,4.0,-12.0,6.0,1.0
4,-6.0,10.0,3.0,-4.0,6.0,18.0,-9.0,5.0,17.0,3.0,-22.0,6.0,4.0,-11.0,4.0,1.0
-1,-10.0,11.0,5.0,-10.0,1.0,20.0,-8.0,6.0,16.0,1.0,-22.0,6.0,5.0,-11.0,1.0,1.0
-5,-14.0,11.0,6.0,-14.0,-3.0,21.0,-6.0,7.0,14.0,-1.0,-21.0,6.0,7.0,-11.0,-3.0,1.0
-9,-15.0,10.0,5.0,-18.0,-6.0,19.0,-5.0,7.0,12.0,-3.0,-20.0,6.0,9.0,-12.0,-6.0,1.0
-33,-16.0,-9.0,-2.0,-21.0,-5.0,-28.0,-6.0,-21.0,-4.0,-6.0,2.0,-9.0,-6.0,1.0,-13.0,1.0
-30,-16.0,-8.0,3.0,-18.0,-2.0,-26.0,-5.0,-21.0,-3.0,-6.0,6.0,-11.0,-8.0,6.0,-11.0,1.0
-26,-15.0,-6.0,8.0,-14.0,3.0,-23.0,-5.0,-18.0,-3.0,-5.0,10.0,-10.0,-8.0,11.0,-10.0,1.0
-20,-14.0,-4.0,11.0,-12.0,8.0,-18.0,-4.0,-15.0,-2.0,-5.0,13.0,-9.0,-8.0,16.0,-8.0,1.0
26,-18.0,9.0,-8.0,-3.0,6.0,13.0,-7.0,18.0,3.0,-10.0,-11.0,15.0,14.0,-20.0,-8.0,1.0
26,-22.0,7.0,-11.0,-4.0,3.0,9.0,-8.0,18.0,0.0,-11.0,-14.0,15.0,11.0,-25.0,-7.0,1.0
25,-27.0,6.0,-15.0,-6.0,1.0,3.0,-9.0,16.0,-3.0,-13.0,-15.0,14.0,6.0,-29.0,-7.0,1.0
-5,-29.0,1.0,-32.0,-22.0,-7.0,-20.0,-15.0,-14.0,-25.0,-25.0,-7.0,-26.0,-29.0,-17.0,0.0,1.0
-9,-15.0,-10.0,10.0,-15.0,3.0,-6.0,-7.0,0.0,-7.0,-17.0,9.0,0.0,8.0,-14.0,-9.0,1.0
-10,0.0,-17.0,11.0,-4.0,-11.0,1.0,-1.0,-2.0,-4.0,-4.0,2.0,-1.0,-10.0,-8.0,11.0,1.0
-7,5.0,-16.0,9.0,-4.0,-5.0,1.0,-1.0,1.0,-4.0,-5.0,2.0,-2.0,-8.0,-8.0,10.0,1.0
-3,10.0,-15.0,8.0,-3.0,2.0,3.0,-1.0,3.0,-5.0,-6.0,3.0,-2.0,-7.0,-6.0,10.0,1.0
1,16.0,-14.0,7.0,-2.0,6.0,6.0,1.0,4.0,-5.0,-7.0,6.0,-1.0,-6.0,-4.0,9.0,1.0
5,22.0,-12.0,7.0,1.0,9.0,10.0,3.0,4.0,-6.0,-7.0,9.0,-2.0,-6.0,-2.0,9.0,1.0
9,27.0,-11.0,7.0,3.0,9.0,15.0,4.0,4.0,-7.0,-7.0,11.0,-3.0,-6.0,1.0,8.0,1.0
11,31.0,-9.0,6.0,5.0,9.0,20.0,6.0,3.0,-8.0,-4.0,11.0,-5.0,-5.0,4.0,8.0,1.0
18,31.0,0.0,3.0,13.0,1.0,31.0,6.0,10.0,-1.0,26.0,-12.0,-7.0,9.0,18.0,4.0,1.0
18,27.0,3.0,3.0,13.0,-1.0,31.0,7.0,13.0,2.0,30.0,-17.0,-5.0,11.0,19.0,2.0,1.0
17,23.0,5.0,4.0,13.0,-3.0,31.0,7.0,15.0,3.0,32.0,-20.0,-2.0,11.0,20.0,-1.0,1.0
13,20.0,7.0,4.0,11.0,-5.0,31.0,6.0,16.0,3.0,31.0,-21.0,1.0,11.0,21.0,-4.0,1.0
9,18.0,10.0,3.0,10.0,-7.0,31.0,6.0,16.0,3.0,29.0,-21.0,3.0,9.0,22.0,-6.0,1.0
4,18.0,12.0,2.0,8.0,-8.0,31.0,5.0,16.0,1.0,26.0,-19.0,4.0,7.0,22.0,-8.0,1.0
0,19.0,14.0,-1.0,6.0,-9.0,31.0,4.0,16.0,0.0,22.0,-16.0,5.0,4.0,23.0,-10.0,1.0
-3,19.0,15.0,-3.0,5.0,-11.0,31.0,3.0,14.0,-1.0,19.0,-14.0,6.0,1.0,23.0,-11.0,1.0
1,14.0,9.0,6.0,6.0,-15.0,37.0,1.0,8.0,-1.0,23.0,-1.0,5.0,4.0,39.0,-19.0,1.0
3,13.0,7.0,9.0,7.0,-12.0,37.0,0.0,8.0,-1.0,23.0,2.0,5.0,7.0,40.0,-20.0,1.0
6,10.0,5.0,12.0,7.0,-9.0,35.0,0.0,9.0,-2.0,21.0,5.0,6.0,9.0,39.0,-20.0,1.0
10,7.0,1.0,14.0,8.0,-8.0,31.0,0.0,10.0,-1.0,17.0,8.0,9.0,10.0,36.0,-21.0,1.0
13,3.0,-5.0,15.0,7.0,-7.0,25.0,0.0,13.0,-1.0,10.0,9.0,12.0,9.0,31.0,-21.0,1.0
15,-3.0,-12.0,15.0,5.0,-8.0,17.0,1.0,16.0,-1.0,2.0,10.0,16.0,7.0,26.0,-20.0,1.0
14,-7.0,-21.0,14.0,2.0,-9.0,7.0,2.0,18.0,0.0,-7.0,10.0,17.0,3.0,19.0,-19.0,1.0
12,-10.0,-29.0,13.0,-3.0,-10.0,-4.0,3.0,19.0,-1.0,-16.0,10.0,16.0,0.0,12.0,-16.0,1.0
7,-12.0,-36.0,13.0,-6.0,-11.0,-15.0,4.0,18.0,-2.0,-25.0,9.0,12.0,-2.0,4.0,-14.0,1.0
2,-13.0,-43.0,14.0,-8.0,-11.0,-24.0,4.0,16.0,-4.0,-33.0,10.0,7.0,-4.0,-4.0,-10.0,1.0
-1,-12.0,-48.0,16.0,-8.0,-11.0,-30.0,5.0,13.0,-7.0,-40.0,11.0,1.0,-6.0,-11.0,-6.0,1.0
-2,-9.0,-50.0,18.0,-6.0,-10.0,-33.0,6.0,10.0,-9.0,-45.0,13.0,-4.0,-9.0,-16.0,-2.0,1.0
-2,-6.0,-51.0,21.0,-3.0,-9.0,-32.0,6.0,7.0,-11.0,-48.0,16.0,-8.0,-11.0,-18.0,2.0,1.0
-1,-2.0,-50.0,23.0,0.0,-7.0,-28.0,6.0,5.0,-12.0,-50.0,18.0,-11.0,-13.0,-19.0,5.0,1.0
-2,1.0,-47.0,26.0,2.0,-6.0,-23.0,6.0,4.0,-13.0,-50.0,21.0,-12.0,-14.0,-19.0,8.0,1.0
-2,4.0,-43.0,28.0,2.0,-4.0,-18.0,6.0,4.0,-13.0,-49.0,24.0,-12.0,-13.0,-18.0,10.0,1.0
-3,7.0,-39.0,28.0,2.0,-1.0,-13.0,5.0,6.0,-14.0,-47.0,26.0,-11.0,-12.0,-17.0,11.0,1.0
-4,9.0,-33.0,27.0,1.0,2.0,-7.0,4.0,8.0,-15.0,-43.0,27.0,-10.0,-11.0,-15.0,12.0,1.0
-5,12.0,-26.0,24.0,-1.0,5.0,-1.0,2.0,10.0,-16.0,-39.0,26.0,-9.0,-11.0,-12.0,12.0,1.0
-5,15.0,-18.0,20.0,-1.0,8.0,5.0,-1.0,12.0,-18.0,-35.0,23.0,-9.0,-11.0,-10.0,12.0,1.0
-4,17.0,-10.0,14.0,0.0,11.0,10.0,-4.0,13.0,-20.0,-30.0,19.0,-9.0,-13.0,-8.0,12.0,1.0
-3,19.0,-2.0,7.0,2.0,13.0,15.0,-8.0,14.0,-22.0,-25.0,13.0,-9.0,-14.0,-6.0,11.0,1.0
13,21.0,21.0,-16.0,12.0,22.0,28.0,-23.0,22.0,-22.0,-4.0,-5.0,-2.0,-7.0,-1.0,0.0,1.0
17,22.0,25.0,-17.0,15.0,24.0,33.0,-25.0,23.0,-20.0,2.0,-8.0,1.0,-3.0,2.0,-3.0,1.0
20,23.0,30.0,-16.0,18.0,26.0,38.0,-25.0,25.0,-16.0,8.0,-12.0,4.0,3.0,5.0,-5.0,1.0
22,25.0,34.0,-16.0,19.0,28.0,42.0,-24.0,26.0,-10.0,15.0,-17.0,7.0,7.0,7.0,-8.0,1.0
23,27.0,37.0,-17.0,19.0,31.0,46.0,-23.0,28.0,-4.0,22.0,-25.0,9.0,11.0,9.0,-9.0,1.0
24,30.0,41.0,-18.0,18.0,32.0,49.0,-22.0,30.0,2.0,28.0,-34.0,12.0,15.0,10.0,-11.0,1.0
26,33.0,43.0,-21.0,18.0,33.0,51.0,-21.0,32.0,8.0,34.0,-44.0,14.0,17.0,11.0,-13.0,1.0
28,35.0,44.0,-24.0,17.0,33.0,54.0,-21.0,34.0,13.0,38.0,-53.0,14.0,19.0,12.0,-14.0,1.0
32,37.0,43.0,-27.0,17.0,33.0,55.0,-20.0,35.0,17.0,41.0,-60.0,14.0,21.0,13.0,-14.0,1.0
36,39.0,43.0,-31.0,17.0,34.0,56.0,-20.0,35.0,21.0,44.0,-65.0,13.0,22.0,14.0,-16.0,1.0
40,42.0,42.0,-35.0,17.0,35.0,56.0,-19.0,35.0,26.0,45.0,-69.0,13.0,24.0,16.0,-17.0,1.0
45,45.0,42.0,-40.0,19.0,36.0,55.0,-17.0,35.0,31.0,46.0,-72.0,15.0,27.0,17.0,-18.0,1.0
50,47.0,41.0,-45.0,20.0,36.0,53.0,-16.0,35.0,36.0,46.0,-73.0,17.0,29.0,18.0,-19.0,1.0
54,49.0,39.0,-49.0,21.0,36.0,51.0,-14.0,33.0,40.0,46.0,-72.0,18.0,31.0,19.0,-21.0,1.0
57,50.0,36.0,-51.0,23.0,35.0,47.0,-13.0,30.0,41.0,45.0,-69.0,17.0,32.0,20.0,-22.0,1.0
58,49.0,33.0,-52.0,24.0,33.0,42.0,-12.0,26.0,41.0,45.0,-64.0,14.0,33.0,22.0,-22.0,1.0
59,47.0,30.0,-53.0,26.0,32.0,37.0,-11.0,23.0,38.0,44.0,-58.0,12.0,34.0,22.0,-22.0,1.0
59,45.0,28.0,-52.0,27.0,30.0,32.0,-10.0,21.0,36.0,43.0,-53.0,11.0,35.0,23.0,-21.0,1.0
59,42.0,26.0,-52.0,29.0,29.0,27.0,-9.0,22.0,34.0,43.0,-50.0,11.0,36.0,23.0,-21.0,1.0
60,40.0,25.0,-51.0,31.0,27.0,23.0,-8.0,25.0,32.0,42.0,-49.0,13.0,36.0,23.0,-22.0,1.0
60,38.0,23.0,-50.0,32.0,25.0,21.0,-7.0,29.0,32.0,42.0,-51.0,16.0,36.0,22.0,-22.0,1.0
58,36.0,22.0,-48.0,32.0,22.0,19.0,-6.0,32.0,32.0,41.0,-53.0,18.0,35.0,21.0,-23.0,1.0
56,33.0,20.0,-45.0,31.0,20.0,18.0,-4.0,34.0,32.0,39.0,-56.0,18.0,34.0,20.0,-23.0,1.0
54,30.0,18.0,-42.0,28.0,18.0,17.0,-3.0,36.0,30.0,38.0,-57.0,18.0,32.0,18.0,-22.0,1.0
52,27.0,17.0,-39.0,27.0,17.0,17.0,-3.0,38.0,26.0,37.0,-58.0,17.0,31.0,16.0,-21.0,1.0
50,24.0,16.0,-35.0,26.0,15.0,16.0,-2.0,37.0,22.0,36.0,-56.0,17.0,29.0,14.0,-20.0,1.0
47,21.0,16.0,-32.0,25.0,12.0,16.0,-2.0,35.0,17.0,35.0,-52.0,14.0,27.0,13.0,-19.0,1.0
43,18.0,16.0,-28.0,23.0,12.0,16.0,-1.0,33.0,13.0,34.0,-46.0,11.0,26.0,13.0,-18.0,1.0
40,16.0,16.0,-24.0,21.0,13.0,15.0,-1.0,30.0,9.0,33.0,-40.0,8.0,26.0,14.0,-16.0,1.0
37,14.0,16.0,-22.0,19.0,14.0,14.0,-1.0,27.0,7.0,33.0,-33.0,5.0,26.0,16.0,-15.0,1.0
35,13.0,16.0,-20.0,18.0,14.0,12.0,-1.0,24.0,5.0,33.0,-28.0,3.0,26.0,18.0,-14.0,1.0
34,11.0,15.0,-19.0,18.0,13.0,11.0,-1.0,21.0,4.0,32.0,-23.0,2.0,26.0,18.0,-14.0,1.0
33,9.0,14.0,-18.0,18.0,11.0,9.0,-1.0,19.0,3.0,32.0,-20.0,3.0,26.0,18.0,-13.0,1.0
33,5.0,11.0,-15.0,18.0,8.0,7.0,1.0,17.0,4.0,31.0,-18.0,4.0,26.0,17.0,-13.0,1.0
31,2.0,9.0,-12.0,18.0,5.0,4.0,3.0,15.0,4.0,29.0,-17.0,4.0,26.0,15.0,-14.0,1.0
27,-2.0,6.0,-7.0,16.0,2.0,1.0,5.0,15.0,4.0,27.0,-16.0,5.0,25.0,14.0,-14.0,1.0
22,-6.0,3.0,-2.0,12.0,0.0,-4.0,8.0,16.0,4.0,25.0,-16.0,6.0,25.0,12.0,-15.0,1.0
15,-8.0,0.0,4.0,9.0,-1.0,-8.0,10.0,17.0,3.0,24.0,-16.0,7.0,25.0,11.0,-16.0,1.0
9,-9.0,-3.0,8.0,5.0,-1.0,-11.0,12.0,17.0,2.0,23.0,-17.0,8.0,24.0,10.0,-16.0,1.0
4,-8.0,-4.0,10.0,3.0,-1.0,-13.0,14.0,17.0,1.0,22.0,-17.0,7.0,22.0,9.0,-16.0,1.0
2,-6.0,-5.0,10.0,2.0,-1.0,-14.0,14.0,15.0,1.0,20.0,-17.0,5.0,18.0,9.0,-14.0,1.0
1,-3.0,-6.0,8.0,3.0,-2.0,-14.0,13.0,11.0,0.0,18.0,-17.0,3.0,14.0,8.0,-12.0,1.0
0,1.0,-6.0,5.0,4.0,-3.0,-13.0,12.0,6.0,0.0,15.0,-16.0,-1.0,9.0,6.0,-9.0,1.0
0,3.0,-6.0,2.0,5.0,-4.0,-12.0,10.0,2.0,-1.0,13.0,-15.0,-4.0,5.0,4.0,-6.0,1.0
1,4.0,-5.0,-2.0,6.0,-4.0,-11.0,8.0,-2.0,-2.0,10.0,-14.0,-8.0,3.0,0.0,-3.0,1.0
3,4.0,-4.0,-4.0,7.0,-3.0,-12.0,6.0,-4.0,-2.0,8.0,-13.0,-10.0,2.0,-3.0,1.0,1.0
5,3.0,-4.0,-5.0,9.0,-1.0,-13.0,5.0,-5.0,-2.0,4.0,-12.0,-12.0,0.0,-6.0,3.0,1.0
6,2.0,-4.0,-5.0,9.0,0.0,-14.0,4.0,-4.0,-2.0,0.0,-11.0,-12.0,-2.0,-8.0,5.0,1.0
6,-1.0,-5.0,-3.0,9.0,0.0,-15.0,3.0,-4.0,-1.0,-5.0,-8.0,-10.0,-5.0,-10.0,7.0,1.0
5,-4.0,-7.0,1.0,8.0,-2.0,-15.0,3.0,-4.0,-1.0,-10.0,-3.0,-8.0,-7.0,-11.0,8.0,1.0
4,-7.0,-9.0,5.0,7.0,-4.0,-13.0,4.0,-5.0,-1.0,-15.0,3.0,-6.0,-8.0,-13.0,9.0,1.0
3,-10.0,-10.0,9.0,6.0,-7.0,-11.0,4.0,-4.0,-2.0,-19.0,9.0,-4.0,-8.0,-15.0,10.0,1.0
2,-13.0,-10.0,14.0,6.0,-8.0,-8.0,4.0,-2.0,-3.0,-24.0,15.0,-1.0,-7.0,-17.0,11.0,1.0
1,-16.0,-10.0,18.0,5.0,-9.0,-6.0,4.0,0.0,-5.0,-29.0,21.0,1.0,-7.0,-18.0,11.0,1.0
-3,-19.0,-10.0,21.0,3.0,-10.0,-6.0,3.0,1.0,-7.0,-34.0,27.0,2.0,-7.0,-20.0,12.0,1.0
-7,-22.0,-11.0,25.0,-1.0,-10.0,-7.0,4.0,2.0,-10.0,-38.0,33.0,3.0,-8.0,-21.0,13.0,1.0
-13,-25.0,-12.0,28.0,-6.0,-10.0,-10.0,4.0,2.0,-13.0,-42.0,38.0,2.0,-10.0,-22.0,14.0,1.0
-18,-28.0,-14.0,30.0,-12.0,-10.0,-13.0,4.0,2.0,-16.0,-45.0,40.0,1.0,-11.0,-24.0,15.0,1.0
-22,-30.0,-16.0,32.0,-18.0,-9.0,-16.0,5.0,2.0,-19.0,-46.0,41.0,-1.0,-11.0,-25.0,16.0,1.0
-25,-31.0,-19.0,32.0,-22.0,-8.0,-17.0,6.0,2.0,-21.0,-47.0,39.0,-4.0,-12.0,-27.0,16.0,1.0
-25,-30.0,-21.0,30.0,-26.0,-9.0,-18.0,7.0,2.0,-21.0,-47.0,36.0,-7.0,-12.0,-27.0,17.0,1.0
-24,-28.0,-22.0,27.0,-27.0,-9.0,-19.0,7.0,1.0,-20.0,-47.0,32.0,-10.0,-13.0,-27.0,16.0,1.0
-21,-26.0,-23.0,22.0,-26.0,-10.0,-20.0,8.0,2.0,-18.0,-47.0,27.0,-11.0,-14.0,-27.0,16.0,1.0
-16,-23.0,-24.0,17.0,-23.0,-9.0,-22.0,8.0,4.0,-17.0,-46.0,22.0,-12.0,-14.0,-26.0,15.0,1.0
-9,-21.0,-24.0,11.0,-20.0,-7.0,-25.0,8.0,7.0,-16.0,-44.0,17.0,-12.0,-13.0,-25.0,14.0,1.0
-2,-19.0,-24.0,5.0,-15.0,-5.0,-28.0,8.0,10.0,-15.0,-41.0,12.0,-10.0,-11.0,-24.0,12.0,1.0
6,-17.0,-25.0,-1.0,-10.0,-5.0,-30.0,7.0,13.0,-13.0,-38.0,8.0,-9.0,-9.0,-24.0,11.0,1.0
11,-15.0,-25.0,-5.0,-7.0,-4.0,-31.0,7.0,16.0,-12.0,-36.0,4.0,-6.0,-7.0,-24.0,10.0,1.0
14,-11.0,-26.0,-8.0,-6.0,-3.0,-31.0,7.0,20.0,-11.0,-33.0,1.0,-4.0,-5.0,-24.0,9.0,1.0
14,-8.0,-25.0,-11.0,-6.0,-1.0,-31.0,7.0,23.0,-10.0,-30.0,-2.0,-1.0,-3.0,-24.0,9.0,1.0
12,-4.0,-25.0,-12.0,-7.0,2.0,-30.0,7.0,23.0,-8.0,-27.0,-4.0,0.0,-2.0,-23.0,8.0,1.0
8,0.0,-23.0,-14.0,-9.0,4.0,-30.0,6.0,20.0,-6.0,-25.0,-5.0,0.0,-2.0,-23.0,8.0,1.0
2,4.0,-21.0,-14.0,-11.0,6.0,-30.0,6.0,15.0,-2.0,-23.0,-6.0,-1.0,-3.0,-22.0,8.0,1.0
-4,7.0,-18.0,-15.0,-13.0,8.0,-30.0,5.0,7.0,2.0,-22.0,-6.0,-3.0,-4.0,-21.0,9.0,1.0
-10,10.0,-16.0,-15.0,-14.0,10.0,-29.0,4.0,0.0,6.0,-21.0,-6.0,-6.0,-7.0,-20.0,11.0,1.0
-13,13.0,-13.0,-15.0,-15.0,11.0,-27.0,3.0,-7.0,9.0,-21.0,-6.0,-9.0,-10.0,-19.0,13.0,1.0
-14,15.0,-11.0,-15.0,-16.0,12.0,-25.0,2.0,-11.0,11.0,-21.0,-5.0,-11.0,-13.0,-18.0,16.0,1.0
-14,16.0,-11.0,-15.0,-15.0,12.0,-23.0,1.0,-14.0,11.0,-21.0,-4.0,-13.0,-17.0,-17.0,19.0,1.0
-13,15.0,-11.0,-14.0,-14.0,11.0,-21.0,1.0,-16.0,10.0,-21.0,-3.0,-13.0,-21.0,-17.0,21.0,1.0
-16,6.0,-15.0,2.0,-11.0,4.0,-19.0,3.0,-11.0,9.0,-28.0,-1.0,-4.0,-26.0,-23.0,22.0,1.0
-18,3.0,-16.0,7.0,-11.0,0.0,-18.0,5.0,-10.0,11.0,-30.0,-2.0,-1.0,-24.0,-25.0,20.0,1.0
-20,1.0,-16.0,10.0,-12.0,-3.0,-17.0,6.0,-9.0,15.0,-30.0,-4.0,3.0,-20.0,-27.0,16.0,1.0
-22,-1.0,-16.0,11.0,-14.0,-6.0,-16.0,8.0,-8.0,19.0,-29.0,-5.0,7.0,-14.0,-28.0,12.0,1.0
-25,-1.0,-14.0,12.0,-16.0,-7.0,-16.0,10.0,-7.0,22.0,-27.0,-7.0,10.0,-10.0,-28.0,8.0,1.0
-29,-1.0,-12.0,13.0,-18.0,-7.0,-16.0,12.0,-7.0,23.0,-24.0,-7.0,13.0,-5.0,-26.0,3.0,1.0
-32,-1.0,-10.0,13.0,-20.0,-7.0,-17.0,14.0,-6.0,24.0,-21.0,-7.0,14.0,0.0,-23.0,-1.0,1.0
-14,13.0,7.0,12.0,-5.0,14.0,3.0,5.0,-12.0,5.0,-16.0,6.0,-2.0,-7.0,-10.0,2.0,1.0
-15,12.0,5.0,10.0,-5.0,11.0,2.0,5.0,-13.0,5.0,-19.0,4.0,-4.0,-8.0,-13.0,2.0,1.0
-15,11.0,3.0,10.0,-5.0,8.0,0.0,6.0,-14.0,5.0,-21.0,3.0,-4.0,-9.0,-16.0,1.0,1.0
-15,8.0,1.0,10.0,-5.0,5.0,-2.0,6.0,-16.0,4.0,-22.0,5.0,-3.0,-10.0,-18.0,1.0,1.0
-15,5.0,-1.0,11.0,-6.0,2.0,-4.0,7.0,-17.0,2.0,-23.0,8.0,-3.0,-10.0,-19.0,2.0,1.0
-16,1.0,-2.0,12.0,-8.0,0.0,-5.0,8.0,-18.0,0.0,-23.0,11.0,-4.0,-10.0,-19.0,2.0,1.0
-16,-4.0,-3.0,14.0,-10.0,-2.0,-5.0,9.0,-19.0,-3.0,-22.0,14.0,-6.0,-10.0,-18.0,3.0,1.0
-14,-8.0,-3.0,16.0,-11.0,-3.0,-4.0,9.0,-19.0,-6.0,-21.0,16.0,-8.0,-9.0,-17.0,3.0,1.0
-11,-12.0,-3.0,17.0,-12.0,-2.0,-3.0,8.0,-16.0,-9.0,-18.0,17.0,-10.0,-6.0,-14.0,4.0,1.0
-10,-13.0,-1.0,16.0,-13.0,1.0,-3.0,7.0,-12.0,-10.0,-18.0,16.0,-10.0,-4.0,-13.0,4.0,1.0
-9,-13.0,1.0,13.0,-14.0,4.0,-4.0,6.0,-6.0,-10.0,-17.0,14.0,-10.0,-1.0,-12.0,3.0,1.0
-9,-13.0,3.0,9.0,-16.0,6.0,-5.0,5.0,-1.0,-10.0,-17.0,12.0,-10.0,1.0,-10.0,2.0,1.0
9,18.0,9.0,-10.0,12.0,12.0,-3.0,5.0,-5.0,5.0,5.0,-1.0,-10.0,4.0,10.0,0.0,1.0
8,21.0,8.0,-11.0,14.0,13.0,-5.0,4.0,-9.0,6.0,6.0,-3.0,-11.0,2.0,9.0,1.0,1.0
12,9.0,5.0,-8.0,12.0,6.0,0.0,-1.0,-4.0,9.0,6.0,-4.0,-8.0,9.0,9.0,-4.0,1.0
11,11.0,6.0,-8.0,11.0,7.0,3.0,0.0,-2.0,13.0,9.0,-6.0,-5.0,12.0,10.0,-5.0,1.0
9,14.0,8.0,-8.0,9.0,8.0,6.0,0.0,0.0,17.0,12.0,-10.0,-2.0,16.0,10.0,-6.0,1.0
7,17.0,9.0,-8.0,7.0,11.0,8.0,-1.0,1.0,20.0,15.0,-13.0,1.0,19.0,10.0,-7.0,1.0
7,19.0,10.0,-10.0,5.0,14.0,9.0,-2.0,2.0,22.0,18.0,-18.0,3.0,22.0,9.0,-10.0,1.0
7,21.0,11.0,-11.0,5.0,17.0,9.0,-2.0,2.0,23.0,21.0,-22.0,4.0,24.0,8.0,-12.0,1.0
7,22.0,11.0,-12.0,5.0,19.0,7.0,-3.0,1.0,24.0,22.0,-25.0,5.0,24.0,7.0,-13.0,1.0
8,21.0,11.0,-13.0,6.0,19.0,5.0,-2.0,0.0,24.0,23.0,-26.0,6.0,23.0,5.0,-14.0,1.0
9,19.0,11.0,-12.0,7.0,18.0,3.0,-2.0,-2.0,22.0,21.0,-26.0,5.0,21.0,3.0,-13.0,1.0
10,14.0,10.0,-11.0,6.0,16.0,1.0,-1.0,-4.0,20.0,19.0,-24.0,4.0,18.0,0.0,-11.0,1.0
11,9.0,9.0,-10.0,5.0,13.0,0.0,0.0,-5.0,16.0,16.0,-21.0,2.0,16.0,-2.0,-9.0,1.0
10,5.0,8.0,-10.0,3.0,10.0,-1.0,0.0,-6.0,12.0,13.0,-18.0,-1.0,13.0,-3.0,-8.0,1.0
7,1.0,7.0,-10.0,-1.0,8.0,-1.0,-1.0,-8.0,8.0,10.0,-16.0,-4.0,10.0,-4.0,-8.0,1.0
4,-2.0,6.0,-10.0,-5.0,5.0,-2.0,-1.0,-10.0,4.0,7.0,-14.0,-7.0,7.0,-5.0,-9.0,1.0
2,-6.0,8.0,-14.0,-9.0,7.0,2.0,-10.0,-7.0,-11.0,-5.0,12.0,-6.0,-5.0,-1.0,2.0,1.0
3,-5.0,7.0,-16.0,-8.0,8.0,0.0,-11.0,-5.0,-8.0,-3.0,8.0,-3.0,-2.0,-1.0,-2.0,1.0
5,-4.0,7.0,-17.0,-7.0,10.0,-2.0,-10.0,-2.0,-4.0,0.0,4.0,1.0,2.0,0.0,-5.0,1.0
7,-3.0,7.0,-16.0,-3.0,13.0,-5.0,-10.0,0.0,0.0,4.0,2.0,4.0,7.0,2.0,-8.0,1.0
9,-1.0,7.0,-14.0,1.0,16.0,-7.0,-9.0,0.0,3.0,7.0,1.0,5.0,11.0,5.0,-9.0,1.0
11,1.0,7.0,-12.0,5.0,18.0,-8.0,-8.0,0.0,6.0,10.0,1.0,5.0,14.0,8.0,-10.0,1.0
11,3.0,7.0,-11.0,8.0,17.0,-7.0,-7.0,-1.0,8.0,12.0,1.0,5.0,16.0,10.0,-11.0,1.0
11,5.0,6.0,-11.0,10.0,16.0,-7.0,-7.0,-1.0,10.0,12.0,0.0,6.0,17.0,10.0,-11.0,1.0
12,6.0,5.0,-13.0,10.0,13.0,-5.0,-7.0,1.0,13.0,12.0,-2.0,8.0,18.0,9.0,-11.0,1.0
12,8.0,5.0,-15.0,9.0,11.0,-3.0,-7.0,3.0,17.0,11.0,-4.0,12.0,19.0,7.0,-10.0,1.0
12,10.0,4.0,-18.0,9.0,8.0,-1.0,-8.0,6.0,19.0,10.0,-6.0,16.0,20.0,4.0,-10.0,1.0
12,11.0,4.0,-20.0,8.0,7.0,1.0,-8.0,9.0,21.0,10.0,-7.0,20.0,21.0,2.0,-10.0,1.0
10,13.0,4.0,-21.0,8.0,6.0,2.0,-9.0,10.0,20.0,9.0,-8.0,21.0,21.0,0.0,-10.0,1.0
8,14.0,4.0,-22.0,6.0,6.0,2.0,-9.0,9.0,19.0,9.0,-8.0,20.0,20.0,-2.0,-9.0,1.0
4,14.0,4.0,-22.0,4.0,6.0,1.0,-9.0,7.0,17.0,8.0,-7.0,17.0,18.0,-3.0,-8.0,1.0
1,14.0,5.0,-21.0,1.0,6.0,-1.0,-8.0,5.0,14.0,6.0,-6.0,15.0,17.0,-4.0,-8.0,1.0
-3,12.0,5.0,-20.0,-1.0,6.0,-3.0,-8.0,4.0,13.0,3.0,-5.0,14.0,14.0,-5.0,-7.0,1.0
-6,9.0,6.0,-18.0,-3.0,6.0,-4.0,-8.0,4.0,11.0,1.0,-4.0,14.0,11.0,-7.0,-6.0,1.0
-9,6.0,6.0,-15.0,-5.0,6.0,-5.0,-8.0,3.0,10.0,-1.0,-3.0,14.0,8.0,-8.0,-5.0,1.0
-12,4.0,6.0,-12.0,-6.0,5.0,-5.0,-8.0,2.0,9.0,-3.0,-1.0,14.0,5.0,-8.0,-4.0,1.0
-13,1.0,6.0,-10.0,-7.0,4.0,-5.0,-9.0,1.0,7.0,-5.0,1.0,13.0,1.0,-8.0,-3.0,1.0
-14,-2.0,5.0,-7.0,-8.0,3.0,-5.0,-9.0,-1.0,5.0,-6.0,3.0,12.0,-2.0,-7.0,-1.0,1.0
-15,-4.0,3.0,-5.0,-8.0,0.0,-4.0,-9.0,-1.0,3.0,-7.0,4.0,9.0,-5.0,-6.0,1.0,1.0
-21,-9.0,-7.0,-8.0,-15.0,-14.0,-13.0,-3.0,13.0,-12.0,-7.0,-16.0,6.0,-16.0,-16.0,2.0,1.0
-19,-8.0,-7.0,-11.0,-12.0,-13.0,-17.0,-3.0,15.0,-11.0,-6.0,-19.0,9.0,-14.0,-17.0,1.0,1.0
-14,-5.0,-7.0,-13.0,-6.0,-12.0,-19.0,-2.0,16.0,-8.0,-3.0,-21.0,12.0,-11.0,-17.0,0.0,1.0
-9,-2.0,-7.0,-14.0,0.0,-11.0,-20.0,-2.0,16.0,-3.0,-1.0,-21.0,14.0,-8.0,-15.0,-1.0,1.0
-2,1.0,-8.0,-15.0,7.0,-9.0,-19.0,-2.0,15.0,1.0,2.0,-20.0,16.0,-4.0,-12.0,-2.0,1.0
5,4.0,-8.0,-15.0,13.0,-6.0,-19.0,-2.0,15.0,4.0,4.0,-19.0,16.0,0.0,-10.0,-2.0,1.0
12,7.0,-8.0,-15.0,17.0,-1.0,-19.0,-2.0,14.0,6.0,5.0,-18.0,16.0,3.0,-8.0,-2.0,1.0
17,9.0,-8.0,-15.0,20.0,5.0,-20.0,-2.0,13.0,7.0,6.0,-16.0,14.0,5.0,-7.0,-2.0,1.0
19,11.0,-7.0,-15.0,22.0,10.0,-21.0,-3.0,12.0,7.0,7.0,-15.0,12.0,6.0,-6.0,-2.0,1.0
19,13.0,-5.0,-16.0,22.0,14.0,-20.0,-3.0,10.0,7.0,8.0,-14.0,9.0,6.0,-5.0,-1.0,1.0
18,15.0,-2.0,-16.0,21.0,14.0,-18.0,-4.0,6.0,7.0,9.0,-13.0,5.0,6.0,-2.0,-1.0,1.0
14,16.0,1.0,-17.0,18.0,13.0,-14.0,-3.0,3.0,7.0,10.0,-13.0,2.0,5.0,1.0,0.0,1.0
9,17.0,4.0,-17.0,14.0,10.0,-9.0,-3.0,0.0,7.0,12.0,-12.0,-1.0,4.0,3.0,0.0,1.0
4,16.0,7.0,-16.0,11.0,6.0,-5.0,-1.0,-2.0,6.0,15.0,-11.0,-1.0,4.0,5.0,1.0,1.0
0,12.0,10.0,-14.0,7.0,1.0,-1.0,1.0,-4.0,5.0,18.0,-9.0,-1.0,4.0,6.0,0.0,1.0
-2,8.0,12.0,-13.0,4.0,-3.0,1.0,3.0,-6.0,4.0,21.0,-7.0,0.0,4.0,8.0,0.0,1.0
-3,3.0,13.0,-10.0,1.0,-5.0,2.0,5.0,-9.0,2.0,23.0,-4.0,-1.0,5.0,9.0,-1.0,1.0
-18,4.0,8.0,16.0,9.0,-2.0,4.0,-1.0,-4.0,0.0,18.0,3.0,0.0,7.0,16.0,-6.0,1.0
6,-9.0,-10.0,4.0,13.0,-17.0,-4.0,0.0,-2.0,-9.0,-1.0,-21.0,-8.0,-9.0,-16.0,0.0,1.0
11,-7.0,-12.0,3.0,15.0,-14.0,-4.0,-2.0,-4.0,-8.0,-3.0,-21.0,-10.0,-10.0,-18.0,2.0,1.0
17,-4.0,-13.0,2.0,18.0,-9.0,-4.0,-3.0,-4.0,-5.0,-6.0,-20.0,-10.0,-11.0,-18.0,4.0,1.0
22,0.0,-13.0,0.0,20.0,-3.0,-4.0,-5.0,-3.0,-2.0,-8.0,-18.0,-9.0,-11.0,-18.0,6.0,1.0
25,4.0,-13.0,-1.0,23.0,4.0,-5.0,-7.0,-2.0,1.0,-10.0,-15.0,-9.0,-10.0,-17.0,8.0,1.0
27,8.0,-12.0,0.0,26.0,11.0,-5.0,-9.0,-3.0,3.0,-12.0,-11.0,-9.0,-10.0,-14.0,10.0,1.0
26,12.0,-10.0,2.0,27.0,17.0,-5.0,-10.0,-6.0,4.0,-13.0,-6.0,-10.0,-10.0,-12.0,11.0,1.0
23,16.0,-8.0,4.0,28.0,21.0,-3.0,-10.0,-9.0,5.0,-12.0,0.0,-10.0,-10.0,-8.0,12.0,1.0
20,19.0,-5.0,6.0,27.0,25.0,-1.0,-11.0,-11.0,6.0,-10.0,4.0,-10.0,-8.0,-5.0,12.0,1.0
16,24.0,2.0,12.0,25.0,31.0,7.0,-10.0,-10.0,10.0,-4.0,8.0,-8.0,-1.0,1.0,11.0,1.0
14,26.0,3.0,14.0,24.0,31.0,11.0,-8.0,-8.0,11.0,-2.0,8.0,-6.0,2.0,4.0,10.0,1.0
13,26.0,4.0,18.0,24.0,31.0,13.0,-7.0,-6.0,12.0,0.0,8.0,-5.0,5.0,5.0,9.0,1.0
14,25.0,3.0,20.0,24.0,28.0,15.0,-6.0,-3.0,12.0,1.0,8.0,-4.0,7.0,7.0,7.0,1.0
16,22.0,1.0,20.0,24.0,26.0,15.0,-5.0,0.0,10.0,1.0,7.0,-5.0,9.0,8.0,6.0,1.0
9,26.0,8.0,17.0,30.0,22.0,14.0,-6.0,3.0,7.0,6.0,13.0,-5.0,16.0,16.0,1.0,1.0
7,28.0,9.0,16.0,30.0,23.0,14.0,-6.0,3.0,8.0,5.0,12.0,-4.0,16.0,16.0,0.0,1.0
5,28.0,9.0,15.0,30.0,21.0,12.0,-6.0,2.0,8.0,3.0,10.0,-3.0,16.0,13.0,-2.0,1.0
2,26.0,8.0,14.0,28.0,18.0,9.0,-5.0,1.0,8.0,0.0,7.0,-3.0,15.0,10.0,-5.0,1.0
-2,22.0,7.0,12.0,24.0,14.0,6.0,-4.0,-1.0,8.0,-2.0,4.0,-3.0,14.0,7.0,-8.0,1.0
-5,18.0,7.0,11.0,20.0,9.0,3.0,-3.0,-3.0,8.0,-4.0,2.0,-3.0,12.0,4.0,-11.0,1.0
-8,12.0,7.0,9.0,16.0,4.0,3.0,-1.0,-5.0,7.0,-5.0,0.0,-4.0,11.0,3.0,-13.0,1.0
-9,7.0,7.0,8.0,11.0,-1.0,3.0,-1.0,-7.0,7.0,-6.0,-1.0,-4.0,9.0,3.0,-14.0,1.0
-9,3.0,7.0,7.0,9.0,-5.0,4.0,0.0,-6.0,8.0,-8.0,-2.0,-4.0,8.0,3.0,-14.0,1.0
-7,-1.0,7.0,7.0,8.0,-7.0,5.0,0.0,-4.0,10.0,-10.0,-2.0,-2.0,8.0,3.0,-13.0,1.0
-4,-2.0,6.0,7.0,7.0,-8.0,7.0,1.0,-2.0,13.0,-11.0,-2.0,0.0,9.0,2.0,-12.0,1.0
-1,-2.0,4.0,6.0,6.0,-9.0,9.0,1.0,-1.0,16.0,-13.0,-1.0,2.0,9.0,1.0,-11.0,1.0
1,-2.0,3.0,6.0,5.0,-9.0,11.0,1.0,-1.0,17.0,-14.0,0.0,4.0,10.0,-2.0,-9.0,1.0
2,-2.0,2.0,5.0,3.0,-8.0,12.0,0.0,-3.0,15.0,-14.0,2.0,4.0,8.0,-5.0,-8.0,1.0
2,-2.0,2.0,5.0,2.0,-6.0,12.0,0.0,-4.0,12.0,-15.0,4.0,4.0,6.0,-7.0,-6.0,1.0
2,-2.0,4.0,4.0,1.0,-3.0,10.0,-1.0,-3.0,7.0,-16.0,6.0,5.0,4.0,-9.0,-5.0,1.0
2,-1.0,5.0,3.0,1.0,1.0,8.0,-1.0,-3.0,3.0,-16.0,9.0,5.0,2.0,-11.0,-3.0,1.0
1,0.0,7.0,3.0,1.0,3.0,8.0,-1.0,-3.0,-2.0,-15.0,11.0,4.0,2.0,-13.0,-2.0,1.0
1,2.0,8.0,3.0,1.0,5.0,8.0,-1.0,-3.0,-6.0,-13.0,14.0,3.0,2.0,-13.0,0.0,1.0
2,3.0,8.0,4.0,3.0,5.0,9.0,0.0,-5.0,-8.0,-12.0,17.0,2.0,2.0,-12.0,1.0,1.0
3,3.0,7.0,7.0,4.0,6.0,10.0,1.0,-6.0,-9.0,-10.0,20.0,1.0,1.0,-11.0,3.0,1.0
-13,2.0,-17.0,13.0,7.0,-5.0,-22.0,4.0,-17.0,-3.0,-15.0,15.0,4.0,-22.0,-3.0,1.0,1.0
8,15.0,-1.0,-17.0,9.0,-13.0,6.0,4.0,11.0,3.0,-1.0,-19.0,3.0,-15.0,5.0,2.0,1.0
9,15.0,2.0,-20.0,10.0,-11.0,5.0,3.0,11.0,5.0,5.0,-23.0,5.0,-11.0,6.0,-1.0,1.0
10,17.0,6.0,-25.0,10.0,-9.0,5.0,2.0,11.0,8.0,12.0,-29.0,6.0,-7.0,8.0,-5.0,1.0
11,19.0,10.0,-31.0,10.0,-6.0,5.0,0.0,12.0,12.0,21.0,-37.0,8.0,-3.0,12.0,-9.0,1.0
13,21.0,14.0,-37.0,11.0,-4.0,5.0,-2.0,12.0,16.0,31.0,-45.0,10.0,1.0,16.0,-14.0,1.0
15,23.0,19.0,-42.0,12.0,-1.0,6.0,-3.0,12.0,20.0,41.0,-53.0,11.0,6.0,21.0,-18.0,1.0
16,24.0,23.0,-47.0,13.0,1.0,8.0,-4.0,11.0,23.0,50.0,-59.0,12.0,10.0,25.0,-22.0,1.0
16,26.0,28.0,-50.0,15.0,1.0,10.0,-5.0,10.0,27.0,55.0,-63.0,13.0,13.0,29.0,-25.0,1.0
15,27.0,32.0,-50.0,15.0,1.0,14.0,-6.0,10.0,31.0,57.0,-63.0,14.0,15.0,31.0,-26.0,1.0
12,28.0,36.0,-48.0,14.0,0.0,19.0,-6.0,10.0,33.0,55.0,-60.0,15.0,16.0,33.0,-25.0,1.0
8,28.0,37.0,-43.0,11.0,-1.0,25.0,-5.0,11.0,32.0,50.0,-53.0,15.0,14.0,33.0,-23.0,1.0
4,26.0,37.0,-36.0,7.0,-2.0,30.0,-4.0,12.0,28.0,41.0,-44.0,15.0,11.0,33.0,-20.0,1.0
1,24.0,35.0,-29.0,2.0,-4.0,35.0,-3.0,13.0,23.0,31.0,-33.0,14.0,7.0,31.0,-17.0,1.0
-2,20.0,31.0,-21.0,-2.0,-5.0,37.0,-1.0,14.0,16.0,19.0,-21.0,13.0,3.0,27.0,-14.0,1.0
-3,16.0,26.0,-13.0,-5.0,-7.0,38.0,1.0,15.0,9.0,7.0,-9.0,12.0,-1.0,22.0,-11.0,1.0
-2,12.0,20.0,-5.0,-7.0,-8.0,36.0,3.0,17.0,4.0,-4.0,1.0,12.0,-3.0,18.0,-9.0,1.0
-2,9.0,13.0,2.0,-7.0,-9.0,34.0,5.0,18.0,1.0,-12.0,11.0,13.0,-4.0,16.0,-8.0,1.0
-2,7.0,7.0,7.0,-7.0,-10.0,29.0,7.0,18.0,-1.0,-18.0,21.0,14.0,-4.0,17.0,-8.0,1.0
-2,5.0,1.0,12.0,-7.0,-11.0,23.0,10.0,16.0,-1.0,-21.0,27.0,15.0,-3.0,20.0,-8.0,1.0
-2,3.0,-5.0,14.0,-6.0,-12.0,15.0,13.0,14.0,-1.0,-21.0,31.0,15.0,-3.0,22.0,-9.0,1.0
-2,-1.0,-11.0,15.0,-7.0,-13.0,6.0,15.0,13.0,-1.0,-19.0,30.0,14.0,-4.0,22.0,-9.0,1.0
-2,-6.0,-16.0,15.0,-8.0,-16.0,-2.0,17.0,13.0,-2.0,-18.0,24.0,12.0,-6.0,19.0,-9.0,1.0
-1,-11.0,-21.0,15.0,-9.0,-18.0,-8.0,17.0,15.0,-4.0,-19.0,16.0,10.0,-7.0,12.0,-7.0,1.0
1,-15.0,-25.0,15.0,-9.0,-20.0,-12.0,16.0,19.0,-6.0,-22.0,7.0,9.0,-9.0,3.0,-4.0,1.0
3,-19.0,-28.0,14.0,-9.0,-20.0,-16.0,14.0,23.0,-9.0,-27.0,0.0,8.0,-13.0,-8.0,-1.0,1.0
5,-22.0,-31.0,13.0,-10.0,-19.0,-18.0,12.0,26.0,-13.0,-34.0,-4.0,7.0,-17.0,-18.0,3.0,1.0
6,-24.0,-33.0,12.0,-9.0,-19.0,-20.0,10.0,29.0,-19.0,-42.0,-4.0,7.0,-22.0,-27.0,6.0,1.0
9,-25.0,-34.0,10.0,-8.0,-18.0,-23.0,8.0,30.0,-24.0,-50.0,-3.0,7.0,-27.0,-34.0,9.0,1.0
11,-26.0,-34.0,8.0,-5.0,-18.0,-26.0,7.0,30.0,-28.0,-56.0,-1.0,6.0,-31.0,-40.0,11.0,1.0
13,-26.0,-33.0,6.0,-3.0,-17.0,-27.0,5.0,31.0,-31.0,-59.0,1.0,5.0,-33.0,-42.0,12.0,1.0
15,-26.0,-30.0,4.0,0.0,-14.0,-27.0,4.0,32.0,-32.0,-59.0,2.0,5.0,-32.0,-43.0,12.0,1.0
17,-25.0,-26.0,3.0,2.0,-12.0,-25.0,3.0,34.0,-32.0,-57.0,2.0,7.0,-30.0,-42.0,11.0,1.0
17,-24.0,-22.0,3.0,3.0,-12.0,-21.0,4.0,34.0,-31.0,-53.0,2.0,8.0,-27.0,-39.0,10.0,1.0
15,-24.0,-17.0,3.0,4.0,-13.0,-17.0,5.0,34.0,-28.0,-48.0,2.0,10.0,-24.0,-36.0,10.0,1.0
12,-23.0,-11.0,4.0,4.0,-14.0,-13.0,6.0,32.0,-24.0,-42.0,2.0,11.0,-21.0,-32.0,9.0,1.0
9,-21.0,-5.0,4.0,4.0,-16.0,-9.0,7.0,30.0,-20.0,-35.0,2.0,12.0,-17.0,-28.0,8.0,1.0
7,-19.0,2.0,3.0,4.0,-15.0,-4.0,7.0,27.0,-16.0,-27.0,0.0,14.0,-12.0,-25.0,8.0,1.0
6,-16.0,8.0,1.0,5.0,-13.0,1.0,7.0,25.0,-10.0,-19.0,-2.0,17.0,-9.0,-21.0,7.0,1.0
7,-12.0,14.0,-2.0,6.0,-10.0,6.0,5.0,24.0,-4.0,-11.0,-7.0,19.0,-6.0,-16.0,5.0,1.0
8,-7.0,20.0,-6.0,7.0,-6.0,12.0,2.0,23.0,4.0,-3.0,-13.0,21.0,-2.0,-11.0,3.0,1.0
9,-2.0,26.0,-11.0,8.0,-1.0,17.0,-1.0,23.0,10.0,7.0,-22.0,22.0,3.0,-6.0,-1.0,1.0
11,4.0,31.0,-17.0,9.0,3.0,21.0,-5.0,24.0,17.0,16.0,-31.0,22.0,8.0,-1.0,-4.0,1.0
13,9.0,36.0,-24.0,11.0,7.0,26.0,-9.0,24.0,22.0,25.0,-39.0,22.0,13.0,4.0,-7.0,1.0
16,14.0,39.0,-30.0,13.0,10.0,30.0,-13.0,24.0,26.0,33.0,-48.0,21.0,17.0,7.0,-10.0,1.0
18,19.0,42.0,-36.0,15.0,12.0,33.0,-17.0,24.0,28.0,39.0,-54.0,19.0,20.0,10.0,-12.0,1.0
19,23.0,44.0,-41.0,17.0,14.0,35.0,-20.0,23.0,30.0,43.0,-58.0,17.0,22.0,12.0,-13.0,1.0
20,27.0,46.0,-46.0,18.0,17.0,36.0,-23.0,22.0,31.0,45.0,-60.0,14.0,23.0,13.0,-13.0,1.0
20,30.0,48.0,-49.0,18.0,19.0,35.0,-24.0,21.0,30.0,47.0,-62.0,12.0,24.0,13.0,-13.0,1.0
19,33.0,48.0,-51.0,19.0,20.0,34.0,-24.0,20.0,28.0,48.0,-63.0,9.0,23.0,13.0,-12.0,1.0
19,35.0,48.0,-53.0,18.0,21.0,32.0,-23.0,20.0,25.0,49.0,-65.0,7.0,21.0,13.0,-12.0,1.0
19,36.0,46.0,-54.0,17.0,22.0,30.0,-21.0,19.0,22.0,49.0,-66.0,5.0,19.0,13.0,-12.0,1.0
20,37.0,45.0,-56.0,17.0,20.0,28.0,-19.0,19.0,20.0,49.0,-68.0,3.0,16.0,13.0,-12.0,1.0
22,37.0,42.0,-57.0,17.0,18.0,27.0,-17.0,18.0,18.0,49.0,-69.0,1.0,13.0,14.0,-12.0,1.0
24,36.0,40.0,-58.0,17.0,14.0,26.0,-15.0,18.0,17.0,49.0,-70.0,-2.0,12.0,16.0,-12.0,1.0
26,33.0,38.0,-59.0,17.0,10.0,26.0,-14.0,20.0,15.0,50.0,-71.0,-4.0,13.0,17.0,-13.0,1.0
28,30.0,36.0,-59.0,16.0,6.0,25.0,-13.0,24.0,14.0,50.0,-72.0,-5.0,16.0,19.0,-14.0,1.0
30,25.0,33.0,-58.0,16.0,3.0,24.0,-12.0,27.0,12.0,51.0,-72.0,-6.0,19.0,20.0,-15.0,1.0
31,21.0,31.0,-56.0,16.0,0.0,23.0,-11.0,30.0,11.0,51.0,-69.0,-6.0,21.0,22.0,-16.0,1.0
31,18.0,29.0,-53.0,16.0,-2.0,21.0,-10.0,30.0,10.0,50.0,-66.0,-6.0,23.0,24.0,-17.0,1.0
30,16.0,26.0,-49.0,16.0,-2.0,19.0,-9.0,30.0,11.0,49.0,-61.0,-5.0,24.0,26.0,-17.0,1.0
28,14.0,24.0,-43.0,17.0,-2.0,16.0,-8.0,28.0,12.0,48.0,-54.0,-3.0,26.0,28.0,-18.0,1.0
25,12.0,21.0,-35.0,17.0,-1.0,14.0,-6.0,25.0,13.0,47.0,-45.0,-1.0,28.0,31.0,-18.0,1.0
21,9.0,19.0,-24.0,16.0,1.0,13.0,-5.0,20.0,13.0,46.0,-35.0,-1.0,31.0,34.0,-19.0,1.0
16,7.0,17.0,-13.0,14.0,2.0,14.0,-4.0,15.0,13.0,45.0,-23.0,-2.0,34.0,38.0,-19.0,1.0
10,4.0,15.0,-3.0,12.0,1.0,16.0,-2.0,8.0,14.0,43.0,-11.0,-4.0,35.0,41.0,-19.0,1.0
4,1.0,15.0,6.0,10.0,-1.0,18.0,-1.0,1.0,15.0,41.0,-1.0,-5.0,36.0,45.0,-20.0,1.0
1,-2.0,15.0,12.0,9.0,-4.0,21.0,0.0,-5.0,16.0,40.0,5.0,-6.0,37.0,46.0,-20.0,1.0
-1,-4.0,16.0,15.0,9.0,-7.0,23.0,1.0,-8.0,18.0,38.0,8.0,-6.0,36.0,46.0,-20.0,1.0
-1,-5.0,16.0,16.0,10.0,-9.0,24.0,1.0,-11.0,19.0,37.0,9.0,-4.0,35.0,43.0,-20.0,1.0
-2,-5.0,17.0,16.0,11.0,-10.0,23.0,2.0,-14.0,20.0,36.0,9.0,-3.0,33.0,38.0,-18.0,1.0
-12,-19.0,-13.0,2.0,-10.0,-17.0,-22.0,6.0,-9.0,-13.0,-20.0,13.0,-3.0,-8.0,-18.0,0.0,1.0
-11,-19.0,-19.0,3.0,-9.0,-19.0,-26.0,7.0,-11.0,-13.0,-22.0,16.0,-3.0,-9.0,-19.0,0.0,1.0
-11,-19.0,-26.0,6.0,-7.0,-22.0,-30.0,9.0,-13.0,-14.0,-23.0,17.0,-2.0,-11.0,-21.0,1.0,1.0
-11,-20.0,-32.0,10.0,-5.0,-25.0,-33.0,10.0,-16.0,-14.0,-25.0,19.0,-2.0,-14.0,-22.0,2.0,1.0
-11,-19.0,-38.0,13.0,-4.0,-25.0,-36.0,11.0,-18.0,-14.0,-28.0,21.0,-2.0,-18.0,-23.0,4.0,1.0
-10,-16.0,-41.0,16.0,-3.0,-23.0,-37.0,11.0,-18.0,-14.0,-31.0,23.0,-2.0,-20.0,-23.0,6.0,1.0
-10,-12.0,-42.0,19.0,-1.0,-18.0,-37.0,10.0,-18.0,-12.0,-34.0,25.0,-1.0,-21.0,-24.0,8.0,1.0
-10,-7.0,-42.0,20.0,1.0,-12.0,-36.0,9.0,-17.0,-11.0,-36.0,28.0,0.0,-20.0,-25.0,10.0,1.0
-10,-3.0,-40.0,22.0,3.0,-8.0,-33.0,9.0,-15.0,-10.0,-38.0,30.0,1.0,-19.0,-25.0,12.0,1.0
-9,-1.0,-38.0,24.0,5.0,-7.0,-30.0,8.0,-13.0,-9.0,-39.0,33.0,1.0,-17.0,-25.0,13.0,1.0
-10,-1.0,-37.0,26.0,6.0,-8.0,-27.0,9.0,-12.0,-9.0,-41.0,35.0,1.0,-17.0,-24.0,14.0,1.0
-10,-3.0,-35.0,29.0,7.0,-11.0,-23.0,9.0,-12.0,-9.0,-42.0,38.0,0.0,-17.0,-23.0,14.0,1.0
-10,-6.0,-33.0,32.0,7.0,-14.0,-19.0,10.0,-12.0,-9.0,-43.0,41.0,0.0,-18.0,-20.0,15.0,1.0
-9,-8.0,-30.0,35.0,7.0,-15.0,-14.0,10.0,-11.0,-9.0,-43.0,44.0,0.0,-18.0,-17.0,16.0,1.0
-9,-9.0,-27.0,36.0,7.0,-16.0,-10.0,11.0,-10.0,-8.0,-42.0,47.0,1.0,-18.0,-14.0,17.0,1.0
-8,-9.0,-25.0,37.0,7.0,-17.0,-6.0,11.0,-10.0,-8.0,-41.0,48.0,1.0,-17.0,-11.0,17.0,1.0
-9,-7.0,-23.0,36.0,7.0,-18.0,-4.0,12.0,-9.0,-8.0,-40.0,49.0,1.0,-17.0,-9.0,18.0,1.0
-10,-5.0,-23.0,35.0,7.0,-19.0,-4.0,12.0,-8.0,-9.0,-39.0,49.0,2.0,-18.0,-8.0,18.0,1.0
-12,-3.0,-24.0,33.0,6.0,-19.0,-5.0,13.0,-6.0,-11.0,-38.0,49.0,3.0,-19.0,-9.0,19.0,1.0
-12,-1.0,-25.0,31.0,5.0,-19.0,-7.0,14.0,-2.0,-14.0,-38.0,48.0,5.0,-20.0,-10.0,19.0,1.0
-12,-1.0,-26.0,28.0,3.0,-18.0,-9.0,14.0,2.0,-16.0,-39.0,47.0,7.0,-21.0,-12.0,20.0,1.0
-10,-2.0,-27.0,26.0,2.0,-18.0,-11.0,14.0,5.0,-19.0,-40.0,45.0,8.0,-23.0,-15.0,20.0,1.0
-8,-3.0,-28.0,23.0,1.0,-19.0,-12.0,14.0,9.0,-21.0,-41.0,41.0,10.0,-25.0,-17.0,20.0,1.0
-5,-5.0,-28.0,19.0,0.0,-19.0,-13.0,13.0,13.0,-23.0,-42.0,37.0,11.0,-28.0,-18.0,20.0,1.0
-3,-6.0,-27.0,15.0,0.0,-20.0,-13.0,12.0,15.0,-23.0,-42.0,31.0,11.0,-31.0,-20.0,20.0,1.0
-2,-7.0,-26.0,12.0,1.0,-22.0,-14.0,12.0,16.0,-23.0,-42.0,26.0,10.0,-33.0,-21.0,20.0,1.0
0,-8.0,-24.0,9.0,3.0,-23.0,-14.0,11.0,14.0,-23.0,-41.0,21.0,9.0,-35.0,-22.0,20.0,1.0
2,-9.0,-22.0,7.0,5.0,-23.0,-15.0,10.0,13.0,-22.0,-40.0,17.0,7.0,-35.0,-24.0,19.0,1.0
3,-10.0,-20.0,5.0,5.0,-22.0,-14.0,10.0,11.0,-21.0,-37.0,12.0,5.0,-34.0,-25.0,19.0,1.0
3,-10.0,-18.0,5.0,5.0,-21.0,-13.0,10.0,8.0,-19.0,-34.0,8.0,2.0,-32.0,-25.0,18.0,1.0
2,-9.0,-16.0,6.0,4.0,-19.0,-11.0,9.0,5.0,-16.0,-30.0,6.0,0.0,-30.0,-23.0,17.0,1.0
4,1.0,1.0,4.0,5.0,3.0,-5.0,7.0,0.0,-5.0,-3.0,16.0,-4.0,-1.0,5.0,9.0,1.0
5,1.0,1.0,2.0,6.0,4.0,-8.0,7.0,0.0,-6.0,-3.0,16.0,-3.0,-2.0,4.0,8.0,1.0
6,1.0,0.0,1.0,7.0,4.0,-10.0,7.0,1.0,-7.0,-3.0,16.0,-1.0,-3.0,2.0,7.0,1.0
5,2.0,-1.0,0.0,8.0,3.0,-11.0,7.0,0.0,-7.0,-3.0,14.0,1.0,-3.0,0.0,7.0,1.0
4,3.0,-3.0,0.0,8.0,2.0,-12.0,7.0,-1.0,-6.0,-4.0,13.0,2.0,-2.0,-3.0,6.0,1.0
2,5.0,-4.0,1.0,8.0,2.0,-12.0,6.0,-2.0,-4.0,-5.0,10.0,2.0,-1.0,-7.0,6.0,1.0
0,6.0,-5.0,0.0,7.0,2.0,-13.0,6.0,-2.0,-3.0,-6.0,7.0,3.0,1.0,-12.0,4.0,1.0
-2,8.0,-6.0,0.0,6.0,3.0,-14.0,5.0,0.0,-2.0,-8.0,4.0,4.0,3.0,-16.0,2.0,1.0
-2,8.0,-7.0,-1.0,6.0,3.0,-15.0,5.0,2.0,-2.0,-10.0,0.0,6.0,4.0,-19.0,-1.0,1.0
-3,8.0,-7.0,-1.0,6.0,2.0,-15.0,4.0,4.0,-1.0,-12.0,-2.0,8.0,4.0,-19.0,-4.0,1.0
-4,7.0,-8.0,-1.0,6.0,-1.0,-15.0,4.0,4.0,1.0,-12.0,-4.0,9.0,4.0,-18.0,-7.0,1.0
-5,5.0,-9.0,0.0,6.0,-3.0,-14.0,4.0,3.0,2.0,-12.0,-5.0,9.0,2.0,-14.0,-9.0,1.0
-6,4.0,-9.0,2.0,5.0,-4.0,-14.0,3.0,2.0,2.0,-11.0,-4.0,7.0,0.0,-9.0,-10.0,1.0
-8,2.0,-9.0,4.0,4.0,-5.0,-12.0,2.0,1.0,1.0,-10.0,-2.0,6.0,-2.0,-4.0,-11.0,1.0
-9,1.0,-8.0,6.0,2.0,-5.0,-8.0,1.0,1.0,-1.0,-9.0,0.0,4.0,-4.0,1.0,-10.0,1.0
-10,-1.0,-6.0,9.0,1.0,-5.0,-3.0,-1.0,0.0,-5.0,-7.0,3.0,2.0,-6.0,5.0,-9.0,1.0
13,-24.0,-25.0,5.0,-6.0,-9.0,-23.0,5.0,2.0,-21.0,-10.0,1.0,2.0,-11.0,-16.0,-3.0,1.0
10,-18.0,-25.0,4.0,-6.0,-6.0,-21.0,4.0,-1.0,-19.0,-8.0,3.0,0.0,-10.0,-14.0,-2.0,1.0
7,-11.0,-23.0,4.0,-6.0,-3.0,-18.0,2.0,-5.0,-17.0,-5.0,4.0,-2.0,-9.0,-13.0,-1.0,1.0
3,-4.0,-21.0,4.0,-5.0,1.0,-14.0,1.0,-10.0,-13.0,-2.0,5.0,-3.0,-7.0,-10.0,0.0,1.0
1,3.0,-18.0,4.0,-5.0,4.0,-10.0,-1.0,-14.0,-10.0,1.0,5.0,-5.0,-5.0,-7.0,0.0,1.0
-18,7.0,0.0,13.0,-10.0,7.0,8.0,-2.0,2.0,-13.0,-7.0,3.0,4.0,-12.0,-17.0,9.0,1.0
-19,6.0,-1.0,6.0,-11.0,4.0,2.0,-2.0,4.0,-13.0,-10.0,-4.0,5.0,-14.0,-21.0,7.0,1.0
-19,6.0,-2.0,-1.0,-11.0,0.0,-4.0,-2.0,6.0,-13.0,-12.0,-10.0,5.0,-15.0,-24.0,5.0,1.0
-20,6.0,-2.0,-7.0,-10.0,-3.0,-8.0,-2.0,7.0,-13.0,-14.0,-13.0,6.0,-16.0,-25.0,3.0,1.0
-19,6.0,-3.0,-12.0,-9.0,-6.0,-11.0,-2.0,8.0,-13.0,-16.0,-13.0,7.0,-17.0,-26.0,2.0,1.0
-18,5.0,-4.0,-14.0,-9.0,-9.0,-12.0,-1.0,10.0,-14.0,-17.0,-12.0,7.0,-17.0,-25.0,3.0,1.0
-17,3.0,-4.0,-13.0,-9.0,-11.0,-13.0,2.0,11.0,-17.0,-17.0,-9.0,6.0,-17.0,-24.0,4.0,1.0
-15,-1.0,-4.0,-11.0,-10.0,-12.0,-12.0,4.0,12.0,-20.0,-17.0,-6.0,4.0,-16.0,-23.0,5.0,1.0
-14,-5.0,-3.0,-8.0,-11.0,-13.0,-11.0,6.0,14.0,-22.0,-19.0,-4.0,2.0,-15.0,-23.0,6.0,1.0
-17,-11.0,1.0,-4.0,-16.0,-13.0,-8.0,7.0,17.0,-22.0,-23.0,-3.0,-1.0,-14.0,-22.0,5.0,1.0
-18,-14.0,2.0,-3.0,-17.0,-12.0,-7.0,5.0,19.0,-20.0,-25.0,-3.0,1.0,-14.0,-21.0,5.0,1.0
-18,-17.0,4.0,-2.0,-17.0,-11.0,-7.0,4.0,19.0,-17.0,-26.0,-3.0,3.0,-13.0,-20.0,4.0,1.0
-16,-19.0,5.0,-1.0,-15.0,-10.0,-7.0,2.0,18.0,-13.0,-26.0,-2.0,5.0,-11.0,-19.0,3.0,1.0
-12,-22.0,6.0,-1.0,-13.0,-10.0,-6.0,1.0,16.0,-9.0,-24.0,1.0,6.0,-8.0,-16.0,2.0,1.0
3,-2.0,11.0,3.0,4.0,5.0,11.0,-3.0,-3.0,1.0,-1.0,6.0,0.0,-3.0,4.0,2.0,1.0
7,-4.0,4.0,3.0,6.0,2.0,3.0,-2.0,-4.0,-3.0,-8.0,5.0,-4.0,-8.0,-2.0,4.0,1.0
7,-5.0,1.0,3.0,7.0,-1.0,0.0,-1.0,-7.0,-5.0,-12.0,6.0,-7.0,-11.0,-5.0,5.0,1.0
6,-6.0,-2.0,2.0,8.0,-5.0,-3.0,-1.0,-9.0,-7.0,-15.0,6.0,-11.0,-14.0,-7.0,7.0,1.0
3,-5.0,-4.0,0.0,9.0,-8.0,-5.0,-1.0,-10.0,-7.0,-16.0,6.0,-14.0,-14.0,-8.0,8.0,1.0
0,-3.0,9.0,10.0,19.0,-2.0,4.0,-5.0,-1.0,2.0,5.0,7.0,-4.0,3.0,9.0,6.0,1.0
6,-3.0,10.0,11.0,22.0,0.0,9.0,-6.0,1.0,6.0,9.0,6.0,-2.0,7.0,12.0,4.0,1.0
12,-2.0,12.0,11.0,24.0,2.0,16.0,-8.0,2.0,10.0,14.0,4.0,-1.0,13.0,15.0,2.0,1.0
17,-1.0,13.0,10.0,25.0,3.0,22.0,-9.0,2.0,15.0,17.0,1.0,-2.0,19.0,18.0,1.0,1.0
20,1.0,14.0,8.0,24.0,4.0,26.0,-10.0,2.0,20.0,19.0,-1.0,-5.0,25.0,20.0,-1.0,1.0
22,3.0,15.0,5.0,22.0,5.0,28.0,-10.0,2.0,24.0,20.0,-4.0,-6.0,28.0,21.0,-2.0,1.0
22,4.0,14.0,3.0,19.0,6.0,27.0,-9.0,0.0,26.0,19.0,-5.0,-7.0,29.0,21.0,-3.0,1.0
22,4.0,11.0,0.0,16.0,6.0,23.0,-8.0,-1.0,27.0,17.0,-7.0,-7.0,26.0,18.0,-3.0,1.0
21,3.0,9.0,-3.0,14.0,6.0,16.0,-6.0,-3.0,26.0,14.0,-9.0,-6.0,23.0,14.0,-3.0,1.0
20,1.0,6.0,-5.0,13.0,5.0,8.0,-4.0,-4.0,25.0,11.0,-11.0,-4.0,19.0,9.0,-3.0,1.0
18,-1.0,4.0,-7.0,12.0,3.0,1.0,-1.0,-4.0,22.0,10.0,-14.0,-4.0,16.0,4.0,-3.0,1.0
17,-3.0,2.0,-9.0,11.0,0.0,-5.0,1.0,-5.0,20.0,9.0,-17.0,-4.0,14.0,1.0,-2.0,1.0
16,-5.0,1.0,-10.0,10.0,-4.0,-9.0,3.0,-5.0,18.0,9.0,-19.0,-4.0,11.0,-2.0,-2.0,1.0
15,-7.0,-1.0,-12.0,8.0,-6.0,-10.0,4.0,-6.0,17.0,9.0,-21.0,-4.0,8.0,-4.0,-1.0,1.0
15,-8.0,-2.0,-12.0,7.0,-8.0,-10.0,5.0,-7.0,16.0,8.0,-23.0,-4.0,5.0,-5.0,-1.0,1.0
14,-9.0,-4.0,-11.0,4.0,-9.0,-10.0,5.0,-8.0,16.0,6.0,-23.0,-4.0,1.0,-5.0,-2.0,1.0
12,-11.0,-4.0,-10.0,1.0,-9.0,-9.0,5.0,-10.0,16.0,4.0,-23.0,-5.0,-2.0,-4.0,-2.0,1.0
9,-12.0,-5.0,-8.0,-3.0,-9.0,-9.0,4.0,-12.0,16.0,2.0,-22.0,-6.0,-3.0,-4.0,-3.0,1.0
7,-13.0,-5.0,-7.0,-6.0,-8.0,-9.0,4.0,-13.0,16.0,1.0,-20.0,-6.0,-3.0,-3.0,-4.0,1.0
4,-14.0,-5.0,-6.0,-8.0,-8.0,-9.0,4.0,-13.0,15.0,2.0,-19.0,-6.0,-1.0,-3.0,-5.0,1.0
1,-12.0,-4.0,-6.0,-9.0,-8.0,-9.0,4.0,-11.0,14.0,2.0,-19.0,-6.0,1.0,-4.0,-6.0,1.0
-1,-10.0,-4.0,-8.0,-9.0,-8.0,-9.0,3.0,-9.0,12.0,2.0,-18.0,-6.0,3.0,-5.0,-6.0,1.0
-1,-7.0,-5.0,-10.0,-9.0,-7.0,-9.0,3.0,-6.0,10.0,2.0,-17.0,-5.0,5.0,-6.0,-6.0,1.0
1,-4.0,-6.0,-12.0,-8.0,-6.0,-9.0,2.0,-3.0,7.0,1.0,-16.0,-5.0,6.0,-7.0,-5.0,1.0
2,-2.0,-7.0,-13.0,-7.0,-5.0,-9.0,2.0,-1.0,5.0,0.0,-13.0,-4.0,5.0,-6.0,-4.0,1.0
4,0.0,-9.0,-13.0,-6.0,-4.0,-9.0,2.0,1.0,4.0,-2.0,-10.0,-2.0,5.0,-4.0,-4.0,1.0
6,2.0,-11.0,-12.0,-4.0,-4.0,-9.0,3.0,2.0,4.0,-2.0,-7.0,-1.0,4.0,-2.0,-4.0,1.0
7,2.0,-12.0,-10.0,-4.0,-3.0,-9.0,4.0,2.0,5.0,-1.0,-5.0,1.0,3.0,1.0,-4.0,1.0
7,1.0,-12.0,-8.0,-5.0,-2.0,-9.0,4.0,1.0,5.0,1.0,-4.0,2.0,2.0,3.0,-4.0,1.0
7,1.0,-12.0,-6.0,-7.0,1.0,-10.0,5.0,0.0,5.0,3.0,-4.0,2.0,2.0,5.0,-4.0,1.0
5,1.0,-10.0,-5.0,-9.0,4.0,-10.0,5.0,0.0,5.0,6.0,-6.0,2.0,2.0,6.0,-5.0,1.0
0,6.0,-3.0,-3.0,-8.0,5.0,-3.0,6.0,9.0,5.0,11.0,-9.0,8.0,9.0,8.0,-9.0,1.0
1,7.0,-3.0,-2.0,-6.0,4.0,-1.0,6.0,9.0,5.0,9.0,-6.0,9.0,11.0,6.0,-9.0,1.0
1,7.0,-2.0,-1.0,-5.0,5.0,0.0,6.0,8.0,5.0,8.0,-4.0,9.0,13.0,4.0,-9.0,1.0
1,6.0,-2.0,1.0,-4.0,6.0,0.0,5.0,6.0,5.0,6.0,-2.0,8.0,14.0,2.0,-9.0,1.0
1,5.0,0.0,2.0,-4.0,7.0,0.0,5.0,5.0,5.0,4.0,-1.0,7.0,15.0,0.0,-9.0,1.0
0,3.0,1.0,3.0,-5.0,7.0,1.0,5.0,5.0,6.0,2.0,-1.0,6.0,15.0,-2.0,-8.0,1.0
0,2.0,2.0,4.0,-5.0,7.0,2.0,4.0,4.0,5.0,2.0,-2.0,4.0,14.0,-2.0,-7.0,1.0
0,1.0,3.0,5.0,-4.0,6.0,3.0,4.0,2.0,5.0,3.0,-2.0,1.0,13.0,-2.0,-5.0,1.0
-8,14.0,-4.0,9.0,2.0,11.0,-10.0,7.0,-9.0,9.0,7.0,9.0,5.0,3.0,4.0,2.0,1.0
-9,13.0,-4.0,6.0,2.0,8.0,-12.0,8.0,-9.0,7.0,8.0,4.0,4.0,3.0,2.0,0.0,1.0
-7,12.0,-3.0,3.0,1.0,7.0,-13.0,9.0,-8.0,5.0,8.0,-2.0,2.0,3.0,0.0,-1.0,1.0
-6,11.0,-1.0,-1.0,0.0,5.0,-12.0,9.0,-6.0,5.0,7.0,-6.0,1.0,3.0,-2.0,-2.0,1.0
-4,8.0,1.0,-5.0,0.0,4.0,-11.0,9.0,-5.0,4.0,6.0,-8.0,1.0,3.0,-5.0,-2.0,1.0
-2,5.0,2.0,-7.0,-1.0,1.0,-10.0,8.0,-3.0,3.0,4.0,-9.0,2.0,1.0,-8.0,-2.0,1.0
-1,1.0,3.0,-9.0,-1.0,-1.0,-10.0,6.0,-2.0,1.0,2.0,-9.0,4.0,-1.0,-11.0,-1.0,1.0
3,-3.0,3.0,-11.0,0.0,-3.0,-10.0,5.0,0.0,-1.0,-1.0,-8.0,6.0,-3.0,-13.0,0.0,1.0
7,-6.0,2.0,-11.0,2.0,-4.0,-10.0,4.0,3.0,-3.0,-3.0,-8.0,7.0,-4.0,-15.0,1.0,1.0
12,-10.0,0.0,-11.0,3.0,-5.0,-10.0,2.0,6.0,-4.0,-5.0,-8.0,7.0,-4.0,-17.0,2.0,1.0
15,-12.0,-2.0,-10.0,5.0,-4.0,-10.0,1.0,8.0,-5.0,-7.0,-9.0,5.0,-3.0,-17.0,2.0,1.0
16,-14.0,-2.0,-7.0,5.0,-4.0,-8.0,-1.0,9.0,-6.0,-8.0,-9.0,2.0,-2.0,-16.0,3.0,1.0
1,-8.0,3.0,-5.0,-14.0,1.0,11.0,-6.0,14.0,-10.0,-1.0,-15.0,-8.0,3.0,-5.0,-1.0,1.0
2,-7.0,2.0,-8.0,-15.0,1.0,10.0,-6.0,15.0,-9.0,2.0,-19.0,-9.0,4.0,-4.0,-3.0,1.0
4,-5.0,1.0,-12.0,-15.0,0.0,9.0,-6.0,15.0,-8.0,4.0,-22.0,-9.0,6.0,-4.0,-4.0,1.0
6,-4.0,0.0,-16.0,-14.0,0.0,6.0,-5.0,15.0,-5.0,5.0,-25.0,-9.0,8.0,-3.0,-5.0,1.0
8,-3.0,0.0,-20.0,-11.0,1.0,1.0,-5.0,14.0,-3.0,8.0,-26.0,-9.0,9.0,-2.0,-6.0,1.0
11,-1.0,0.0,-23.0,-8.0,4.0,-4.0,-4.0,12.0,-3.0,10.0,-27.0,-10.0,10.0,-1.0,-6.0,1.0
13,1.0,1.0,-25.0,-3.0,6.0,-9.0,-4.0,11.0,-3.0,13.0,-28.0,-10.0,9.0,-1.0,-5.0,1.0
15,3.0,1.0,-28.0,1.0,6.0,-14.0,-4.0,10.0,-5.0,16.0,-30.0,-10.0,8.0,-2.0,-4.0,1.0
16,4.0,0.0,-31.0,4.0,6.0,-17.0,-4.0,9.0,-7.0,17.0,-31.0,-10.0,6.0,-4.0,-3.0,1.0
15,5.0,-1.0,-33.0,5.0,5.0,-20.0,-4.0,8.0,-9.0,18.0,-33.0,-11.0,4.0,-7.0,-3.0,1.0
13,5.0,-2.0,-34.0,5.0,4.0,-21.0,-5.0,6.0,-11.0,18.0,-34.0,-11.0,2.0,-9.0,-2.0,1.0
11,6.0,-2.0,-34.0,6.0,4.0,-22.0,-6.0,3.0,-12.0,17.0,-33.0,-11.0,-1.0,-11.0,-2.0,1.0
8,6.0,-2.0,-32.0,7.0,3.0,-23.0,-6.0,0.0,-13.0,16.0,-30.0,-11.0,-4.0,-11.0,-2.0,1.0
6,6.0,-2.0,-30.0,7.0,3.0,-23.0,-6.0,-2.0,-13.0,13.0,-26.0,-9.0,-6.0,-11.0,-1.0,1.0
3,5.0,-2.0,-26.0,6.0,2.0,-23.0,-6.0,-4.0,-14.0,11.0,-21.0,-7.0,-8.0,-11.0,-1.0,1.0
1,2.0,-2.0,-23.0,4.0,1.0,-22.0,-5.0,-4.0,-16.0,8.0,-16.0,-6.0,-9.0,-12.0,0.0,1.0
0,-2.0,-3.0,-19.0,2.0,-1.0,-21.0,-4.0,-6.0,-17.0,6.0,-11.0,-6.0,-9.0,-12.0,1.0,1.0
-1,-6.0,-5.0,-15.0,-1.0,-3.0,-20.0,-4.0,-7.0,-18.0,3.0,-6.0,-7.0,-9.0,-13.0,2.0,1.0
2,-9.0,-3.0,-3.0,-6.0,-2.0,-4.0,-1.0,6.0,2.0,3.0,-11.0,3.0,11.0,-5.0,-9.0,1.0
3,-9.0,-2.0,-6.0,-5.0,1.0,-7.0,-2.0,5.0,5.0,3.0,-14.0,4.0,11.0,-7.0,-9.0,1.0
5,-8.0,-1.0,-9.0,-4.0,3.0,-9.0,-2.0,3.0,7.0,3.0,-16.0,5.0,10.0,-8.0,-10.0,1.0
8,-7.0,-1.0,-11.0,-1.0,5.0,-12.0,-3.0,0.0,9.0,4.0,-18.0,5.0,8.0,-9.0,-10.0,1.0
10,-5.0,0.0,-14.0,2.0,7.0,-15.0,-3.0,-3.0,11.0,4.0,-19.0,5.0,7.0,-10.0,-10.0,1.0
11,-3.0,1.0,-16.0,3.0,9.0,-17.0,-3.0,-4.0,12.0,5.0,-22.0,6.0,7.0,-11.0,-11.0,1.0
12,-1.0,1.0,-18.0,4.0,9.0,-17.0,-2.0,-4.0,14.0,6.0,-24.0,7.0,7.0,-11.0,-11.0,1.0
11,2.0,1.0,-20.0,3.0,7.0,-16.0,0.0,-3.0,14.0,7.0,-26.0,9.0,6.0,-11.0,-11.0,1.0
9,4.0,0.0,-21.0,1.0,4.0,-14.0,1.0,-1.0,14.0,8.0,-27.0,11.0,4.0,-9.0,-12.0,1.0
6,6.0,0.0,-22.0,-2.0,2.0,-11.0,1.0,0.0,13.0,9.0,-26.0,12.0,2.0,-6.0,-13.0,1.0
3,8.0,0.0,-21.0,-5.0,1.0,-8.0,1.0,1.0,11.0,10.0,-25.0,13.0,1.0,-4.0,-13.0,1.0
0,9.0,1.0,-19.0,-7.0,2.0,-5.0,1.0,3.0,8.0,10.0,-22.0,13.0,1.0,-2.0,-13.0,1.0
-2,10.0,3.0,-16.0,-8.0,4.0,-2.0,0.0,4.0,4.0,10.0,-18.0,13.0,1.0,-2.0,-12.0,1.0
-2,9.0,4.0,-12.0,-7.0,5.0,2.0,-1.0,6.0,1.0,8.0,-14.0,12.0,1.0,-2.0,-10.0,1.0
-1,8.0,4.0,-7.0,-6.0,6.0,5.0,-1.0,7.0,-1.0,4.0,-10.0,12.0,0.0,-4.0,-8.0,1.0
1,6.0,2.0,-2.0,-4.0,5.0,6.0,-1.0,7.0,-3.0,-1.0,-5.0,11.0,-2.0,-6.0,-5.0,1.0
2,4.0,0.0,3.0,-3.0,5.0,7.0,0.0,6.0,-4.0,-5.0,-1.0,10.0,-3.0,-7.0,-4.0,1.0
1,3.0,-3.0,7.0,-3.0,5.0,5.0,1.0,3.0,-4.0,-9.0,4.0,8.0,-4.0,-9.0,-2.0,1.0
-2,3.0,-5.0,11.0,-5.0,6.0,4.0,1.0,0.0,-4.0,-12.0,7.0,7.0,-5.0,-9.0,-2.0,1.0
-5,2.0,-6.0,13.0,-7.0,7.0,3.0,1.0,-3.0,-4.0,-14.0,8.0,6.0,-6.0,-10.0,-2.0,1.0
-7,2.0,-7.0,13.0,-9.0,7.0,3.0,0.0,-4.0,-3.0,-14.0,7.0,6.0,-8.0,-10.0,-2.0,1.0
-8,1.0,-7.0,14.0,-10.0,6.0,4.0,0.0,-5.0,-2.0,-13.0,5.0,7.0,-10.0,-10.0,-2.0,1.0
-8,1.0,-8.0,14.0,-10.0,4.0,5.0,0.0,-6.0,-1.0,-12.0,2.0,8.0,-12.0,-10.0,-2.0,1.0
-4,-5.0,-4.0,-1.0,-4.0,0.0,-9.0,0.0,-4.0,1.0,5.0,-10.0,-8.0,5.0,3.0,-8.0,1.0
-3,-3.0,-3.0,-5.0,-3.0,2.0,-11.0,-1.0,-3.0,2.0,6.0,-14.0,-6.0,6.0,1.0,-10.0,1.0
-2,-1.0,-2.0,-8.0,-2.0,2.0,-12.0,-2.0,-2.0,3.0,7.0,-17.0,-6.0,8.0,-1.0,-10.0,1.0
-1,-1.0,-1.0,-11.0,-1.0,1.0,-12.0,-2.0,-2.0,4.0,7.0,-18.0,-6.0,10.0,-3.0,-10.0,1.0
0,0.0,-1.0,-13.0,0.0,0.0,-12.0,-3.0,-2.0,4.0,6.0,-17.0,-6.0,10.0,-4.0,-9.0,1.0
2,-1.0,-2.0,-15.0,0.0,-2.0,-11.0,-3.0,-2.0,3.0,3.0,-15.0,-6.0,8.0,-6.0,-8.0,1.0
3,-2.0,-4.0,-15.0,0.0,-3.0,-11.0,-3.0,-3.0,1.0,0.0,-11.0,-6.0,6.0,-7.0,-6.0,1.0
4,-3.0,-6.0,-13.0,0.0,-4.0,-11.0,-3.0,-3.0,-2.0,-3.0,-6.0,-5.0,4.0,-8.0,-4.0,1.0
4,-4.0,-8.0,-11.0,-1.0,-4.0,-12.0,-3.0,-4.0,-5.0,-5.0,0.0,-4.0,1.0,-10.0,-2.0,1.0
4,-5.0,-9.0,-8.0,-1.0,-4.0,-12.0,-2.0,-6.0,-8.0,-8.0,6.0,-3.0,-3.0,-10.0,0.0,1.0
3,-6.0,-9.0,-5.0,-1.0,-3.0,-12.0,-1.0,-7.0,-11.0,-9.0,12.0,-2.0,-6.0,-10.0,3.0,1.0
-1,-5.0,-3.0,6.0,-1.0,-2.0,-3.0,2.0,-7.0,-10.0,-13.0,22.0,-5.0,-5.0,-7.0,8.0,1.0
-2,-6.0,-1.0,7.0,-2.0,-1.0,-1.0,2.0,-7.0,-8.0,-13.0,21.0,-6.0,-3.0,-5.0,7.0,1.0
-4,-6.0,2.0,7.0,-2.0,-2.0,2.0,2.0,-7.0,-5.0,-12.0,19.0,-7.0,-1.0,-3.0,5.0,1.0
1,-9.0,7.0,-5.0,7.0,-12.0,-2.0,-1.0,-7.0,0.0,25.0,-15.0,2.0,8.0,-5.0,-2.0,1.0
0,-8.0,6.0,-7.0,9.0,-11.0,-5.0,-2.0,-6.0,2.0,24.0,-16.0,1.0,8.0,-4.0,-3.0,1.0
0,-6.0,5.0,-8.0,10.0,-11.0,-7.0,-2.0,-6.0,2.0,23.0,-17.0,-1.0,8.0,-1.0,-4.0,1.0
0,-6.0,4.0,-9.0,10.0,-11.0,-8.0,-2.0,-5.0,1.0,23.0,-16.0,-3.0,8.0,3.0,-5.0,1.0
0,-5.0,3.0,-9.0,9.0,-11.0,-7.0,-2.0,-5.0,-1.0,22.0,-13.0,-6.0,8.0,7.0,-6.0,1.0
14,-3.0,11.0,-9.0,-10.0,7.0,20.0,-4.0,18.0,1.0,-6.0,-13.0,1.0,9.0,-8.0,-2.0,1.0
15,-3.0,11.0,-12.0,-10.0,8.0,18.0,-5.0,15.0,2.0,-5.0,-17.0,-1.0,8.0,-10.0,-2.0,1.0
14,-2.0,11.0,-13.0,-10.0,8.0,16.0,-5.0,13.0,2.0,-4.0,-20.0,-2.0,8.0,-12.0,-2.0,1.0
13,0.0,11.0,-14.0,-8.0,10.0,14.0,-6.0,12.0,3.0,-3.0,-22.0,-2.0,8.0,-13.0,-2.0,1.0
12,3.0,11.0,-14.0,-6.0,10.0,14.0,-7.0,12.0,4.0,-2.0,-23.0,-1.0,9.0,-14.0,-2.0,1.0
12,5.0,11.0,-14.0,-4.0,10.0,14.0,-7.0,12.0,4.0,-1.0,-22.0,1.0,10.0,-15.0,-2.0,1.0
11,6.0,10.0,-11.0,-2.0,9.0,15.0,-7.0,11.0,5.0,-2.0,-20.0,2.0,10.0,-16.0,-2.0,1.0
9,6.0,10.0,-8.0,-1.0,8.0,15.0,-6.0,10.0,5.0,-4.0,-17.0,3.0,9.0,-16.0,-1.0,1.0
7,4.0,9.0,-4.0,-2.0,8.0,15.0,-6.0,9.0,5.0,-5.0,-13.0,2.0,8.0,-14.0,0.0,1.0
4,2.0,7.0,0.0,-3.0,7.0,14.0,-5.0,8.0,3.0,-6.0,-9.0,1.0,8.0,-12.0,0.0,1.0
3,-1.0,5.0,5.0,-3.0,6.0,14.0,-4.0,8.0,2.0,-6.0,-5.0,0.0,9.0,-10.0,0.0,1.0
4,-2.0,4.0,8.0,-2.0,6.0,13.0,-3.0,7.0,2.0,-4.0,-1.0,1.0,11.0,-7.0,0.0,1.0
5,-3.0,3.0,11.0,0.0,7.0,12.0,-2.0,8.0,2.0,-2.0,2.0,2.0,12.0,-5.0,-1.0,1.0
3,1.0,13.0,9.0,4.0,10.0,9.0,2.0,6.0,13.0,9.0,3.0,11.0,14.0,7.0,-1.0,1.0
3,2.0,13.0,7.0,3.0,9.0,11.0,2.0,4.0,17.0,12.0,0.0,12.0,16.0,9.0,-4.0,1.0
1,4.0,14.0,5.0,1.0,9.0,12.0,1.0,2.0,21.0,15.0,-4.0,12.0,17.0,11.0,-7.0,1.0
-2,5.0,16.0,3.0,0.0,8.0,13.0,0.0,-1.0,23.0,18.0,-9.0,11.0,17.0,13.0,-10.0,1.0
-5,7.0,17.0,1.0,-1.0,8.0,13.0,-1.0,-4.0,24.0,21.0,-13.0,10.0,16.0,15.0,-13.0,1.0
-6,9.0,17.0,-1.0,-1.0,9.0,13.0,-2.0,-6.0,25.0,23.0,-18.0,8.0,15.0,17.0,-15.0,1.0
-6,11.0,17.0,-3.0,-1.0,10.0,12.0,-3.0,-7.0,25.0,24.0,-21.0,6.0,15.0,18.0,-17.0,1.0
-6,12.0,17.0,-3.0,1.0,12.0,10.0,-3.0,-7.0,26.0,24.0,-22.0,6.0,15.0,18.0,-18.0,1.0
-5,13.0,16.0,-3.0,2.0,13.0,9.0,-3.0,-6.0,28.0,22.0,-22.0,7.0,15.0,18.0,-19.0,1.0
-4,13.0,14.0,-2.0,3.0,14.0,7.0,-3.0,-5.0,29.0,19.0,-21.0,9.0,14.0,17.0,-19.0,1.0
-5,13.0,12.0,-2.0,3.0,13.0,6.0,-3.0,-4.0,28.0,15.0,-19.0,10.0,13.0,15.0,-18.0,1.0
-6,11.0,9.0,-2.0,2.0,10.0,4.0,-3.0,-5.0,25.0,11.0,-16.0,10.0,11.0,11.0,-17.0,1.0
-6,10.0,6.0,-3.0,2.0,7.0,1.0,-3.0,-7.0,21.0,7.0,-12.0,9.0,8.0,7.0,-14.0,1.0
-6,8.0,4.0,-4.0,2.0,5.0,-1.0,-3.0,-9.0,17.0,2.0,-8.0,8.0,5.0,2.0,-12.0,1.0
-4,8.0,1.0,-5.0,4.0,4.0,-5.0,-4.0,-8.0,10.0,-8.0,-1.0,8.0,1.0,-10.0,-5.0,1.0
-2,7.0,0.0,-4.0,6.0,5.0,-6.0,-3.0,-5.0,7.0,-13.0,2.0,9.0,-1.0,-15.0,-2.0,1.0
0,7.0,-2.0,-3.0,7.0,6.0,-7.0,-4.0,-3.0,5.0,-17.0,4.0,9.0,-2.0,-18.0,1.0,1.0
2,5.0,-4.0,-2.0,8.0,5.0,-9.0,-4.0,-1.0,3.0,-18.0,4.0,9.0,-3.0,-20.0,3.0,1.0
3,2.0,-6.0,-1.0,7.0,5.0,-10.0,-4.0,1.0,2.0,-19.0,2.0,7.0,-5.0,-20.0,4.0,1.0
4,-1.0,-8.0,0.0,6.0,4.0,-11.0,-4.0,1.0,2.0,-20.0,0.0,4.0,-7.0,-19.0,5.0,1.0
5,-4.0,-9.0,2.0,5.0,3.0,-11.0,-3.0,1.0,2.0,-20.0,-3.0,1.0,-8.0,-17.0,5.0,1.0
5,-5.0,-10.0,3.0,5.0,2.0,-11.0,-3.0,1.0,3.0,-20.0,-4.0,-1.0,-9.0,-14.0,5.0,1.0
5,-5.0,-10.0,4.0,5.0,0.0,-9.0,-2.0,1.0,4.0,-19.0,-5.0,-3.0,-9.0,-11.0,4.0,1.0
5,-4.0,-9.0,6.0,6.0,-1.0,-6.0,-1.0,0.0,4.0,-16.0,-4.0,-4.0,-9.0,-6.0,3.0,1.0
4,-3.0,-7.0,8.0,6.0,-3.0,-1.0,0.0,-1.0,3.0,-11.0,-3.0,-4.0,-9.0,-2.0,2.0,1.0
8,7.0,15.0,8.0,15.0,6.0,16.0,1.0,-6.0,18.0,17.0,-8.0,5.0,7.0,16.0,-7.0,1.0
9,9.0,15.0,5.0,16.0,6.0,14.0,1.0,-4.0,20.0,17.0,-11.0,8.0,9.0,12.0,-7.0,1.0
9,10.0,13.0,3.0,16.0,5.0,12.0,1.0,-2.0,20.0,17.0,-13.0,12.0,9.0,8.0,-7.0,1.0
9,10.0,9.0,1.0,16.0,4.0,8.0,1.0,2.0,20.0,15.0,-15.0,16.0,7.0,5.0,-6.0,1.0
11,9.0,6.0,-2.0,15.0,4.0,4.0,2.0,4.0,20.0,12.0,-17.0,19.0,5.0,1.0,-5.0,1.0
12,9.0,2.0,-4.0,14.0,5.0,-1.0,1.0,6.0,20.0,8.0,-18.0,19.0,2.0,-2.0,-4.0,1.0
13,8.0,-2.0,-6.0,13.0,6.0,-6.0,1.0,6.0,20.0,4.0,-19.0,18.0,0.0,-5.0,-3.0,1.0
13,8.0,-5.0,-7.0,12.0,6.0,-9.0,-1.0,6.0,18.0,-1.0,-19.0,15.0,-2.0,-8.0,-1.0,1.0
12,7.0,-7.0,-8.0,10.0,5.0,-10.0,-1.0,5.0,14.0,-6.0,-18.0,12.0,-5.0,-12.0,0.0,1.0
11,6.0,-9.0,-9.0,10.0,3.0,-10.0,-2.0,5.0,9.0,-11.0,-14.0,11.0,-8.0,-14.0,1.0,1.0
12,5.0,-10.0,-8.0,11.0,1.0,-10.0,-4.0,7.0,3.0,-15.0,-10.0,11.0,-12.0,-16.0,2.0,1.0
12,5.0,-11.0,-7.0,14.0,1.0,-10.0,-5.0,9.0,-2.0,-18.0,-5.0,14.0,-14.0,-17.0,2.0,1.0
13,6.0,-11.0,-5.0,16.0,3.0,-11.0,-6.0,10.0,-5.0,-19.0,1.0,16.0,-15.0,-18.0,3.0,1.0
13,8.0,-11.0,-4.0,18.0,5.0,-11.0,-7.0,10.0,-7.0,-20.0,5.0,18.0,-16.0,-18.0,3.0,1.0
12,10.0,-11.0,-3.0,20.0,8.0,-12.0,-8.0,9.0,-8.0,-19.0,9.0,19.0,-15.0,-17.0,4.0,1.0
13,11.0,-10.0,-2.0,21.0,10.0,-11.0,-9.0,7.0,-9.0,-17.0,12.0,20.0,-16.0,-17.0,6.0,1.0
20,6.0,-4.0,6.0,22.0,8.0,4.0,-7.0,6.0,-1.0,-6.0,18.0,13.0,-5.0,-1.0,10.0,1.0
17,5.0,-6.0,7.0,19.0,6.0,4.0,-5.0,7.0,0.0,-4.0,16.0,12.0,-1.0,0.0,8.0,1.0
14,4.0,-8.0,8.0,15.0,4.0,3.0,-3.0,7.0,1.0,-1.0,12.0,11.0,1.0,1.0,5.0,1.0
12,3.0,-10.0,8.0,12.0,2.0,0.0,-1.0,7.0,0.0,3.0,9.0,10.0,4.0,2.0,3.0,1.0
11,1.0,-12.0,8.0,11.0,-1.0,-4.0,1.0,7.0,-1.0,6.0,5.0,8.0,6.0,2.0,0.0,1.0
11,-1.0,-14.0,8.0,11.0,-4.0,-8.0,3.0,7.0,-1.0,8.0,0.0,6.0,9.0,2.0,-3.0,1.0
11,-4.0,-16.0,6.0,12.0,-6.0,-11.0,4.0,9.0,0.0,9.0,-4.0,5.0,12.0,2.0,-6.0,1.0
11,-7.0,-18.0,5.0,11.0,-8.0,-14.0,4.0,9.0,0.0,9.0,-8.0,4.0,14.0,2.0,-8.0,1.0
11,-9.0,-18.0,3.0,9.0,-9.0,-17.0,3.0,8.0,1.0,9.0,-10.0,3.0,13.0,2.0,-10.0,1.0
9,-11.0,-17.0,2.0,6.0,-9.0,-18.0,3.0,5.0,1.0,8.0,-10.0,2.0,12.0,3.0,-11.0,1.0
6,-12.0,-17.0,2.0,3.0,-8.0,-18.0,2.0,2.0,1.0,7.0,-8.0,1.0,9.0,4.0,-12.0,1.0
3,-12.0,-16.0,2.0,-1.0,-6.0,-18.0,1.0,0.0,0.0,4.0,-4.0,1.0,6.0,5.0,-11.0,1.0
0,-10.0,-15.0,3.0,-3.0,-4.0,-17.0,1.0,-1.0,-2.0,1.0,1.0,1.0,2.0,6.0,-10.0,1.0
-3,-9.0,-16.0,4.0,-5.0,-2.0,-17.0,0.0,-3.0,-4.0,-2.0,7.0,0.0,-2.0,7.0,-8.0,1.0
-5,-7.0,-16.0,6.0,-5.0,0.0,-16.0,0.0,-4.0,-7.0,-6.0,13.0,0.0,-6.0,8.0,-6.0,1.0
-7,-5.0,-16.0,7.0,-4.0,0.0,-16.0,0.0,-5.0,-11.0,-10.0,20.0,0.0,-11.0,9.0,-3.0,1.0
-8,-3.0,-16.0,9.0,-2.0,0.0,-15.0,0.0,-6.0,-16.0,-13.0,27.0,1.0,-16.0,8.0,0.0,1.0
-6,-6.0,-20.0,14.0,1.0,-10.0,-11.0,2.0,-1.0,-23.0,-25.0,35.0,5.0,-25.0,-4.0,9.0,1.0
-6,-8.0,-22.0,14.0,-1.0,-12.0,-11.0,2.0,0.0,-24.0,-27.0,32.0,4.0,-26.0,-7.0,11.0,1.0
-7,-10.0,-24.0,14.0,-3.0,-14.0,-11.0,3.0,1.0,-25.0,-28.0,30.0,1.0,-26.0,-9.0,12.0,1.0
-7,-11.0,-24.0,14.0,-5.0,-14.0,-11.0,3.0,0.0,-25.0,-28.0,27.0,-3.0,-26.0,-11.0,13.0,1.0
-8,-12.0,-24.0,14.0,-7.0,-14.0,-12.0,2.0,-2.0,-26.0,-29.0,25.0,-7.0,-26.0,-12.0,14.0,1.0
-8,-13.0,-23.0,15.0,-8.0,-12.0,-11.0,2.0,-4.0,-26.0,-28.0,22.0,-11.0,-26.0,-11.0,14.0,1.0
-8,-14.0,-22.0,16.0,-8.0,-10.0,-10.0,0.0,-4.0,-25.0,-27.0,19.0,-14.0,-25.0,-10.0,13.0,1.0
-7,-15.0,-21.0,17.0,-8.0,-8.0,-7.0,-3.0,-4.0,-24.0,-25.0,16.0,-16.0,-23.0,-9.0,11.0,1.0
-10,-15.0,-19.0,16.0,-10.0,-15.0,1.0,-5.0,2.0,-19.0,-13.0,1.0,-13.0,-18.0,-4.0,5.0,1.0
-12,-15.0,-20.0,14.0,-11.0,-19.0,0.0,-3.0,2.0,-18.0,-11.0,-3.0,-12.0,-17.0,-4.0,4.0,1.0
-12,-6.0,-16.0,-2.0,-8.0,-19.0,-14.0,6.0,6.0,-6.0,-1.0,-23.0,-5.0,-12.0,-8.0,1.0,1.0
-10,-2.0,-14.0,-4.0,-4.0,-18.0,-12.0,5.0,6.0,-2.0,4.0,-26.0,-2.0,-9.0,-7.0,0.0,1.0
-8,1.0,-11.0,-6.0,-3.0,-17.0,-9.0,5.0,6.0,1.0,9.0,-29.0,-1.0,-6.0,-6.0,-1.0,1.0
-8,4.0,-8.0,-8.0,-3.0,-14.0,-6.0,3.0,3.0,3.0,14.0,-31.0,-2.0,-2.0,-5.0,-2.0,1.0
-8,7.0,-4.0,-10.0,-4.0,-11.0,-2.0,2.0,0.0,3.0,19.0,-31.0,-5.0,2.0,-3.0,-3.0,1.0
-9,9.0,0.0,-10.0,-5.0,-7.0,2.0,1.0,-4.0,3.0,22.0,-28.0,-9.0,5.0,-2.0,-3.0,1.0
-10,10.0,3.0,-9.0,-6.0,-4.0,5.0,-1.0,-7.0,2.0,21.0,-22.0,-11.0,6.0,1.0,-2.0,1.0
-11,10.0,6.0,-5.0,-5.0,-2.0,10.0,-2.0,-8.0,1.0,18.0,-13.0,-12.0,5.0,4.0,1.0,1.0
2,7.0,8.0,-12.0,-1.0,5.0,11.0,-10.0,-1.0,-4.0,20.0,-12.0,-12.0,2.0,16.0,-3.0,1.0
6,7.0,6.0,-12.0,1.0,5.0,12.0,-11.0,1.0,-3.0,20.0,-14.0,-11.0,4.0,16.0,-5.0,1.0
8,8.0,5.0,-13.0,2.0,6.0,13.0,-12.0,3.0,-1.0,20.0,-16.0,-10.0,6.0,16.0,-6.0,1.0
8,10.0,5.0,-12.0,2.0,8.0,14.0,-13.0,5.0,1.0,20.0,-18.0,-9.0,9.0,15.0,-7.0,1.0
6,11.0,5.0,-11.0,1.0,10.0,13.0,-13.0,7.0,3.0,21.0,-19.0,-8.0,12.0,15.0,-8.0,1.0
3,11.0,5.0,-8.0,-1.0,12.0,12.0,-12.0,8.0,4.0,21.0,-20.0,-8.0,14.0,16.0,-9.0,1.0
1,10.0,4.0,-4.0,-1.0,13.0,10.0,-11.0,9.0,5.0,20.0,-19.0,-8.0,15.0,17.0,-9.0,1.0
-1,8.0,4.0,0.0,1.0,13.0,7.0,-9.0,9.0,6.0,18.0,-17.0,-9.0,15.0,19.0,-9.0,1.0
-2,4.0,3.0,5.0,2.0,11.0,3.0,-7.0,7.0,7.0,16.0,-13.0,-10.0,13.0,22.0,-8.0,1.0
9,-8.0,10.0,6.0,1.0,1.0,6.0,10.0,26.0,5.0,-4.0,-16.0,12.0,1.0,-1.0,-1.0,1.0
10,-3.0,14.0,3.0,0.0,5.0,11.0,7.0,31.0,6.0,-1.0,-21.0,17.0,1.0,0.0,-2.0,1.0
9,2.0,17.0,-1.0,-1.0,10.0,14.0,4.0,33.0,6.0,3.0,-25.0,20.0,0.0,0.0,-3.0,1.0
8,6.0,18.0,-3.0,-2.0,13.0,17.0,1.0,34.0,6.0,6.0,-28.0,21.0,-1.0,0.0,-3.0,1.0
8,9.0,18.0,-5.0,-3.0,16.0,18.0,-1.0,33.0,6.0,7.0,-30.0,21.0,-2.0,0.0,-3.0,1.0
9,10.0,17.0,-6.0,-4.0,18.0,17.0,-3.0,32.0,6.0,7.0,-30.0,20.0,-3.0,0.0,-2.0,1.0
9,9.0,14.0,-6.0,-3.0,18.0,16.0,-3.0,29.0,6.0,6.0,-28.0,19.0,-5.0,1.0,-1.0,1.0
10,7.0,12.0,-5.0,-3.0,16.0,14.0,-3.0,25.0,6.0,5.0,-25.0,17.0,-6.0,0.0,1.0,1.0
11,5.0,10.0,-4.0,-2.0,14.0,12.0,-2.0,22.0,7.0,4.0,-23.0,15.0,-6.0,0.0,2.0,1.0
12,3.0,8.0,-3.0,-1.0,12.0,9.0,-1.0,19.0,9.0,3.0,-20.0,14.0,-6.0,-1.0,3.0,1.0
14,1.0,5.0,-3.0,0.0,10.0,6.0,1.0,17.0,12.0,2.0,-19.0,14.0,-6.0,0.0,4.0,1.0
15,-1.0,2.0,-4.0,1.0,7.0,2.0,3.0,15.0,14.0,1.0,-18.0,14.0,-6.0,1.0,4.0,1.0
14,-1.0,-1.0,-5.0,1.0,4.0,-3.0,4.0,13.0,16.0,0.0,-18.0,14.0,-7.0,0.0,4.0,1.0
12,-2.0,-3.0,-6.0,1.0,2.0,-7.0,6.0,11.0,18.0,-1.0,-19.0,13.0,-7.0,-1.0,4.0,1.0
10,-4.0,-4.0,-6.0,-1.0,1.0,-11.0,7.0,9.0,17.0,-1.0,-20.0,12.0,-7.0,-2.0,3.0,1.0
7,-5.0,-5.0,-6.0,-1.0,1.0,-15.0,7.0,8.0,16.0,0.0,-20.0,12.0,-6.0,-4.0,2.0,1.0
6,-7.0,-5.0,-5.0,-1.0,2.0,-19.0,7.0,7.0,15.0,-1.0,-20.0,12.0,-5.0,-6.0,1.0,1.0
4,-9.0,-6.0,-4.0,-1.0,3.0,-22.0,6.0,7.0,13.0,-2.0,-18.0,12.0,-4.0,-8.0,0.0,1.0
3,-11.0,-5.0,-2.0,0.0,4.0,-24.0,5.0,6.0,11.0,-3.0,-15.0,13.0,-3.0,-10.0,0.0,1.0
2,-12.0,-5.0,-1.0,1.0,4.0,-25.0,4.0,7.0,8.0,-4.0,-11.0,13.0,-3.0,-11.0,1.0,1.0
0,-12.0,-5.0,-1.0,0.0,3.0,-23.0,3.0,8.0,3.0,-4.0,-7.0,13.0,-3.0,-12.0,2.0,1.0
-3,-11.0,-4.0,0.0,-1.0,2.0,-21.0,2.0,8.0,-3.0,-4.0,-2.0,12.0,-4.0,-12.0,4.0,1.0
-5,-10.0,-3.0,1.0,-3.0,1.0,-17.0,2.0,8.0,-10.0,-3.0,4.0,9.0,-5.0,-12.0,6.0,1.0
-2,-16.0,-5.0,3.0,-16.0,0.0,-7.0,2.0,18.0,16.0,-10.0,-17.0,2.0,7.0,10.0,-13.0,1.0
-1,-14.0,-2.0,1.0,-14.0,2.0,-4.0,1.0,20.0,19.0,-8.0,-20.0,2.0,10.0,13.0,-15.0,1.0
0,-12.0,3.0,0.0,-12.0,4.0,0.0,-1.0,21.0,21.0,-6.0,-22.0,2.0,12.0,16.0,-16.0,1.0
-1,-10.0,9.0,0.0,-11.0,7.0,5.0,-3.0,20.0,23.0,-3.0,-22.0,2.0,13.0,19.0,-15.0,1.0
-4,-8.0,15.0,2.0,-10.0,10.0,10.0,-5.0,16.0,25.0,2.0,-21.0,2.0,12.0,21.0,-14.0,1.0
-7,-7.0,20.0,5.0,-10.0,12.0,15.0,-6.0,9.0,26.0,6.0,-18.0,2.0,11.0,22.0,-12.0,1.0
-11,-6.0,24.0,8.0,-10.0,11.0,20.0,-6.0,1.0,27.0,11.0,-14.0,2.0,10.0,23.0,-9.0,1.0
-13,-6.0,25.0,12.0,-10.0,9.0,24.0,-5.0,-7.0,28.0,16.0,-11.0,2.0,8.0,23.0,-7.0,1.0
10,-12.0,4.0,-11.0,-4.0,1.0,-13.0,6.0,2.0,-9.0,-5.0,13.0,-5.0,-1.0,10.0,-3.0,1.0
12,-9.0,3.0,-18.0,-3.0,3.0,-17.0,5.0,6.0,-9.0,-6.0,8.0,-3.0,-1.0,8.0,-4.0,1.0
13,-6.0,3.0,-25.0,-3.0,4.0,-19.0,3.0,10.0,-9.0,-7.0,3.0,-3.0,-2.0,6.0,-4.0,1.0
12,-4.0,3.0,-31.0,-4.0,5.0,-21.0,1.0,11.0,-11.0,-7.0,-3.0,-4.0,-3.0,2.0,-5.0,1.0
12,-3.0,3.0,-35.0,-5.0,5.0,-22.0,-1.0,11.0,-13.0,-8.0,-8.0,-8.0,-4.0,-2.0,-4.0,1.0
13,-1.0,3.0,-38.0,-4.0,6.0,-22.0,-3.0,11.0,-16.0,-8.0,-13.0,-11.0,-5.0,-6.0,-4.0,1.0
16,0.0,3.0,-39.0,-1.0,7.0,-22.0,-4.0,11.0,-17.0,-7.0,-17.0,-12.0,-6.0,-8.0,-4.0,1.0
19,1.0,4.0,-39.0,2.0,9.0,-20.0,-6.0,11.0,-17.0,-6.0,-19.0,-11.0,-5.0,-9.0,-4.0,1.0
21,1.0,5.0,-37.0,4.0,10.0,-17.0,-7.0,12.0,-16.0,-4.0,-19.0,-9.0,-4.0,-8.0,-5.0,1.0
21,1.0,7.0,-34.0,5.0,12.0,-14.0,-9.0,12.0,-14.0,-2.0,-18.0,-6.0,-2.0,-7.0,-6.0,1.0
20,0.0,8.0,-31.0,6.0,12.0,-11.0,-10.0,11.0,-12.0,0.0,-16.0,-3.0,1.0,-6.0,-8.0,1.0
18,-2.0,9.0,-26.0,6.0,12.0,-8.0,-11.0,9.0,-10.0,2.0,-14.0,-2.0,3.0,-6.0,-9.0,1.0
16,-3.0,11.0,-23.0,7.0,12.0,-5.0,-12.0,7.0,-9.0,3.0,-13.0,-1.0,4.0,-7.0,-9.0,1.0
15,-3.0,12.0,-19.0,8.0,12.0,-2.0,-14.0,5.0,-8.0,3.0,-10.0,0.0,5.0,-7.0,-9.0,1.0
14,-4.0,14.0,-16.0,9.0,13.0,1.0,-15.0,3.0,-8.0,2.0,-7.0,1.0,5.0,-6.0,-9.0,1.0
13,-5.0,15.0,-12.0,10.0,14.0,4.0,-16.0,2.0,-7.0,1.0,-2.0,2.0,4.0,-4.0,-9.0,1.0
12,-6.0,17.0,-8.0,11.0,14.0,7.0,-17.0,1.0,-7.0,0.0,2.0,4.0,2.0,-2.0,-8.0,1.0
13,-8.0,17.0,-4.0,13.0,15.0,8.0,-18.0,2.0,-6.0,-3.0,4.0,7.0,-1.0,-2.0,-6.0,1.0
17,-9.0,16.0,-2.0,16.0,17.0,7.0,-18.0,4.0,-5.0,-5.0,6.0,9.0,-3.0,-3.0,-4.0,1.0
20,-11.0,14.0,1.0,19.0,19.0,4.0,-18.0,7.0,-5.0,-9.0,6.0,10.0,-5.0,-5.0,-1.0,1.0
22,-12.0,11.0,3.0,21.0,20.0,0.0,-17.0,8.0,-4.0,-12.0,5.0,11.0,-7.0,-9.0,2.0,1.0
22,-12.0,8.0,5.0,22.0,18.0,-4.0,-14.0,9.0,-4.0,-16.0,5.0,11.0,-8.0,-13.0,4.0,1.0
19,-11.0,5.0,6.0,23.0,14.0,-7.0,-11.0,7.0,-3.0,-19.0,5.0,10.0,-10.0,-17.0,6.0,1.0
15,-10.0,3.0,8.0,23.0,9.0,-8.0,-9.0,4.0,-3.0,-21.0,6.0,10.0,-10.0,-20.0,7.0,1.0
11,-8.0,3.0,9.0,23.0,4.0,-7.0,-6.0,2.0,-3.0,-21.0,8.0,11.0,-10.0,-23.0,7.0,1.0
8,-5.0,3.0,8.0,24.0,1.0,-6.0,-4.0,-1.0,-2.0,-20.0,10.0,13.0,-9.0,-24.0,8.0,1.0
7,-1.0,4.0,8.0,24.0,1.0,-5.0,-3.0,-2.0,-2.0,-16.0,13.0,15.0,-7.0,-24.0,8.0,1.0
6,3.0,6.0,7.0,25.0,2.0,-4.0,-1.0,-3.0,-3.0,-12.0,17.0,17.0,-5.0,-21.0,8.0,1.0
6,6.0,8.0,8.0,27.0,2.0,-3.0,1.0,-4.0,-3.0,-7.0,20.0,19.0,-4.0,-17.0,8.0,1.0
5,8.0,10.0,9.0,27.0,2.0,1.0,3.0,-6.0,-4.0,-1.0,23.0,19.0,-3.0,-12.0,8.0,1.0
9,9.0,16.0,-1.0,12.0,12.0,20.0,-11.0,-6.0,-11.0,4.0,37.0,-3.0,-2.0,20.0,7.0,1.0
10,9.0,16.0,-7.0,10.0,12.0,17.0,-11.0,-6.0,-10.0,2.0,32.0,-7.0,0.0,17.0,7.0,1.0
10,9.0,15.0,-13.0,7.0,11.0,14.0,-10.0,-7.0,-8.0,1.0,26.0,-10.0,1.0,13.0,8.0,1.0
9,9.0,14.0,-19.0,3.0,9.0,10.0,-9.0,-8.0,-7.0,-1.0,21.0,-12.0,2.0,8.0,7.0,1.0
6,9.0,13.0,-24.0,-1.0,4.0,8.0,-7.0,-9.0,-5.0,-3.0,17.0,-13.0,1.0,4.0,7.0,1.0
2,8.0,12.0,-28.0,-3.0,-3.0,5.0,-4.0,-9.0,-4.0,-5.0,14.0,-12.0,0.0,1.0,7.0,1.0
-1,8.0,10.0,-30.0,-5.0,-9.0,2.0,-2.0,-8.0,-4.0,-7.0,12.0,-10.0,-3.0,-1.0,6.0,1.0
-4,7.0,8.0,-32.0,-4.0,-13.0,-3.0,1.0,-7.0,-4.0,-9.0,11.0,-9.0,-5.0,-2.0,6.0,1.0
-6,7.0,6.0,-32.0,-3.0,-16.0,-9.0,4.0,-5.0,-5.0,-11.0,10.0,-8.0,-7.0,-2.0,6.0,1.0
-8,6.0,3.0,-31.0,-3.0,-18.0,-16.0,6.0,-5.0,-7.0,-13.0,10.0,-10.0,-9.0,-2.0,5.0,1.0
-10,6.0,-1.0,-30.0,-2.0,-19.0,-22.0,8.0,-5.0,-10.0,-15.0,9.0,-13.0,-11.0,-2.0,5.0,1.0
-11,5.0,-4.0,-30.0,-3.0,-19.0,-28.0,10.0,-7.0,-12.0,-15.0,7.0,-15.0,-13.0,-2.0,4.0,1.0
-10,4.0,-8.0,-29.0,-3.0,-19.0,-32.0,11.0,-8.0,-13.0,-13.0,4.0,-16.0,-14.0,-2.0,3.0,1.0
-8,4.0,-10.0,-28.0,-2.0,-19.0,-34.0,12.0,-8.0,-12.0,-9.0,-1.0,-15.0,-14.0,-4.0,2.0,1.0
-4,2.0,-13.0,-27.0,1.0,-19.0,-36.0,12.0,-8.0,-9.0,-6.0,-6.0,-11.0,-12.0,-6.0,0.0,1.0
0,1.0,-14.0,-25.0,4.0,-19.0,-36.0,12.0,-7.0,-4.0,-3.0,-13.0,-7.0,-9.0,-9.0,-2.0,1.0
4,0.0,-16.0,-25.0,6.0,-18.0,-36.0,11.0,-5.0,3.0,-4.0,-20.0,-3.0,-7.0,-12.0,-4.0,1.0
7,1.0,-16.0,-25.0,8.0,-16.0,-34.0,8.0,-4.0,8.0,-6.0,-25.0,0.0,-5.0,-15.0,-5.0,1.0
9,2.0,-16.0,-26.0,8.0,-12.0,-32.0,5.0,-2.0,13.0,-9.0,-29.0,1.0,-4.0,-16.0,-6.0,1.0
10,3.0,-13.0,-28.0,7.0,-6.0,-30.0,1.0,-1.0,18.0,-11.0,-31.0,1.0,-4.0,-15.0,-7.0,1.0
9,5.0,-9.0,-28.0,5.0,1.0,-26.0,-3.0,-1.0,22.0,-12.0,-33.0,0.0,-4.0,-13.0,-8.0,1.0
8,5.0,-3.0,-28.0,2.0,6.0,-20.0,-6.0,-2.0,24.0,-11.0,-34.0,-1.0,-3.0,-10.0,-9.0,1.0
5,5.0,3.0,-26.0,-2.0,11.0,-14.0,-9.0,-5.0,25.0,-7.0,-34.0,-1.0,-2.0,-7.0,-10.0,1.0
2,4.0,7.0,-22.0,-5.0,13.0,-9.0,-9.0,-8.0,24.0,-2.0,-33.0,-2.0,-1.0,-5.0,-11.0,1.0
-1,3.0,9.0,-17.0,-6.0,14.0,-5.0,-9.0,-11.0,21.0,3.0,-28.0,-3.0,0.0,-3.0,-10.0,1.0
-3,2.0,9.0,-12.0,-7.0,13.0,-2.0,-7.0,-12.0,15.0,7.0,-23.0,-3.0,0.0,-1.0,-9.0,1.0
-4,1.0,8.0,-6.0,-6.0,11.0,-2.0,-5.0,-12.0,7.0,11.0,-16.0,-3.0,0.0,0.0,-7.0,1.0
5,17.0,-3.0,-7.0,8.0,9.0,0.0,-5.0,-2.0,-5.0,9.0,-2.0,3.0,0.0,-3.0,0.0,1.0
8,17.0,-4.0,-6.0,8.0,11.0,4.0,-8.0,4.0,-3.0,7.0,-7.0,5.0,1.0,-4.0,-2.0,1.0
9,16.0,-4.0,-4.0,8.0,11.0,8.0,-10.0,8.0,1.0,3.0,-9.0,7.0,2.0,-4.0,-3.0,1.0
9,13.0,-5.0,0.0,6.0,12.0,12.0,-12.0,10.0,4.0,0.0,-9.0,8.0,4.0,-4.0,-3.0,1.0
9,11.0,-4.0,3.0,4.0,13.0,17.0,-14.0,10.0,7.0,-4.0,-5.0,7.0,6.0,-3.0,-3.0,1.0
8,10.0,-4.0,7.0,2.0,15.0,20.0,-16.0,7.0,9.0,-6.0,0.0,6.0,8.0,-3.0,-2.0,1.0
7,9.0,-2.0,11.0,2.0,18.0,22.0,-16.0,4.0,11.0,-8.0,5.0,5.0,10.0,-3.0,-2.0,1.0
5,10.0,-1.0,14.0,2.0,19.0,23.0,-17.0,0.0,12.0,-8.0,9.0,5.0,11.0,-2.0,-1.0,1.0
3,11.0,0.0,17.0,3.0,21.0,23.0,-16.0,-3.0,15.0,-8.0,10.0,6.0,11.0,-2.0,-1.0,1.0
2,12.0,0.0,19.0,5.0,22.0,21.0,-15.0,-3.0,18.0,-7.0,9.0,7.0,12.0,-1.0,-2.0,1.0
3,14.0,-1.0,19.0,7.0,24.0,19.0,-14.0,-1.0,21.0,-6.0,6.0,10.0,13.0,0.0,-3.0,1.0
5,15.0,-3.0,18.0,8.0,25.0,14.0,-12.0,2.0,24.0,-5.0,2.0,12.0,14.0,1.0,-4.0,1.0
8,15.0,-5.0,14.0,9.0,25.0,9.0,-10.0,5.0,26.0,-4.0,-2.0,13.0,16.0,2.0,-5.0,1.0
11,15.0,-6.0,11.0,10.0,25.0,4.0,-9.0,7.0,28.0,-3.0,-5.0,12.0,18.0,4.0,-7.0,1.0
13,16.0,-7.0,7.0,11.0,24.0,0.0,-7.0,8.0,28.0,-2.0,-8.0,11.0,19.0,5.0,-8.0,1.0
14,17.0,-6.0,3.0,12.0,24.0,-3.0,-5.0,10.0,28.0,-1.0,-9.0,10.0,20.0,8.0,-10.0,1.0
14,18.0,-5.0,0.0,13.0,22.0,-5.0,-3.0,12.0,27.0,2.0,-11.0,9.0,21.0,11.0,-12.0,1.0
13,19.0,-3.0,-1.0,13.0,21.0,-5.0,-1.0,15.0,27.0,6.0,-14.0,10.0,24.0,14.0,-14.0,1.0
12,19.0,-1.0,-2.0,12.0,19.0,-5.0,1.0,19.0,28.0,11.0,-18.0,12.0,28.0,18.0,-18.0,1.0
10,19.0,0.0,-1.0,11.0,18.0,-4.0,4.0,23.0,30.0,17.0,-21.0,14.0,33.0,21.0,-21.0,1.0
7,18.0,1.0,1.0,8.0,16.0,-2.0,6.0,24.0,31.0,22.0,-23.0,16.0,38.0,24.0,-24.0,1.0
4,18.0,2.0,3.0,6.0,13.0,0.0,8.0,24.0,32.0,26.0,-22.0,17.0,41.0,26.0,-25.0,1.0
2,17.0,3.0,4.0,5.0,12.0,1.0,8.0,22.0,30.0,29.0,-20.0,17.0,42.0,27.0,-25.0,1.0
1,17.0,2.0,5.0,4.0,11.0,1.0,8.0,19.0,27.0,30.0,-17.0,16.0,41.0,25.0,-24.0,1.0
1,16.0,1.0,4.0,4.0,9.0,2.0,7.0,15.0,23.0,29.0,-13.0,13.0,38.0,22.0,-21.0,1.0
2,16.0,-1.0,3.0,4.0,7.0,3.0,6.0,12.0,18.0,27.0,-11.0,11.0,34.0,18.0,-17.0,1.0
5,16.0,-2.0,1.0,5.0,6.0,5.0,4.0,12.0,13.0,23.0,-10.0,11.0,29.0,12.0,-14.0,1.0
8,16.0,-3.0,-3.0,6.0,4.0,6.0,2.0,14.0,9.0,19.0,-10.0,11.0,24.0,7.0,-10.0,1.0
10,16.0,-3.0,-7.0,6.0,3.0,7.0,0.0,16.0,5.0,14.0,-10.0,12.0,19.0,1.0,-7.0,1.0
11,15.0,-2.0,-12.0,5.0,2.0,7.0,-2.0,18.0,1.0,9.0,-11.0,12.0,14.0,-4.0,-4.0,1.0
10,14.0,0.0,-16.0,3.0,2.0,6.0,-3.0,18.0,-2.0,5.0,-12.0,10.0,10.0,-10.0,-2.0,1.0
8,12.0,1.0,-20.0,-1.0,3.0,4.0,-5.0,18.0,-5.0,1.0,-12.0,9.0,8.0,-14.0,-1.0,1.0
6,10.0,3.0,-21.0,-5.0,5.0,3.0,-6.0,19.0,-5.0,-3.0,-14.0,10.0,6.0,-19.0,0.0,1.0
5,8.0,4.0,-21.0,-8.0,7.0,2.0,-6.0,19.0,-4.0,-5.0,-15.0,11.0,6.0,-23.0,1.0,1.0
6,6.0,4.0,-19.0,-9.0,9.0,3.0,-6.0,18.0,-1.0,-6.0,-17.0,13.0,6.0,-26.0,1.0,1.0
7,4.0,5.0,-17.0,-10.0,10.0,6.0,-6.0,18.0,2.0,-5.0,-19.0,14.0,8.0,-28.0,1.0,1.0
9,3.0,5.0,-14.0,-10.0,9.0,9.0,-6.0,17.0,5.0,-2.0,-21.0,16.0,10.0,-28.0,1.0,1.0
10,2.0,7.0,-12.0,-9.0,8.0,14.0,-5.0,17.0,8.0,3.0,-23.0,18.0,12.0,-26.0,1.0,1.0
11,1.0,10.0,-10.0,-9.0,6.0,19.0,-5.0,18.0,10.0,8.0,-24.0,19.0,15.0,-23.0,1.0,1.0
12,-1.0,13.0,-8.0,-8.0,5.0,24.0,-4.0,19.0,11.0,14.0,-25.0,21.0,16.0,-18.0,0.0,1.0
12,-1.0,16.0,-5.0,-6.0,5.0,28.0,-4.0,20.0,11.0,18.0,-23.0,23.0,16.0,-13.0,0.0,1.0
13,-1.0,18.0,-3.0,-4.0,6.0,30.0,-4.0,19.0,10.0,22.0,-21.0,24.0,15.0,-8.0,0.0,1.0
13,0.0,17.0,1.0,-1.0,7.0,30.0,-5.0,17.0,9.0,23.0,-18.0,23.0,13.0,-5.0,0.0,1.0
13,1.0,14.0,3.0,3.0,8.0,27.0,-6.0,14.0,8.0,24.0,-17.0,21.0,11.0,-3.0,0.0,1.0
11,3.0,11.0,5.0,5.0,9.0,23.0,-7.0,12.0,7.0,25.0,-17.0,19.0,10.0,-2.0,-2.0,1.0
9,3.0,7.0,5.0,5.0,10.0,18.0,-7.0,10.0,7.0,25.0,-20.0,17.0,11.0,-2.0,-4.0,1.0
6,4.0,5.0,4.0,2.0,10.0,14.0,-7.0,8.0,8.0,26.0,-24.0,15.0,12.0,-3.0,-7.0,1.0
2,4.0,4.0,1.0,-2.0,7.0,11.0,-7.0,6.0,10.0,26.0,-29.0,14.0,14.0,-3.0,-11.0,1.0
-3,4.0,3.0,-3.0,-5.0,4.0,9.0,-5.0,4.0,14.0,26.0,-33.0,13.0,16.0,-3.0,-14.0,1.0
-5,5.0,3.0,-5.0,-7.0,-1.0,8.0,-2.0,3.0,18.0,27.0,-36.0,13.0,18.0,-2.0,-17.0,1.0
-6,5.0,3.0,-4.0,-8.0,-6.0,8.0,3.0,3.0,22.0,27.0,-36.0,13.0,21.0,0.0,-18.0,1.0
-6,5.0,3.0,-2.0,-7.0,-9.0,7.0,7.0,4.0,24.0,27.0,-35.0,13.0,23.0,3.0,-20.0,1.0
-6,4.0,2.0,1.0,-6.0,-11.0,6.0,12.0,5.0,24.0,27.0,-33.0,13.0,25.0,6.0,-21.0,1.0
-6,2.0,0.0,4.0,-5.0,-13.0,4.0,15.0,7.0,23.0,26.0,-31.0,13.0,27.0,9.0,-23.0,1.0
-6,1.0,-2.0,6.0,-4.0,-16.0,1.0,17.0,10.0,21.0,25.0,-28.0,13.0,30.0,12.0,-27.0,1.0
-7,-1.0,-4.0,6.0,-4.0,-18.0,-2.0,18.0,12.0,19.0,23.0,-26.0,15.0,32.0,14.0,-32.0,1.0
-8,-2.0,-7.0,6.0,-4.0,-20.0,-4.0,17.0,14.0,17.0,21.0,-22.0,17.0,33.0,16.0,-37.0,1.0
-10,-2.0,-8.0,5.0,-4.0,-22.0,-6.0,16.0,14.0,14.0,19.0,-18.0,18.0,32.0,18.0,-40.0,1.0
-11,-3.0,-9.0,6.0,-2.0,-23.0,-7.0,15.0,12.0,12.0,15.0,-12.0,19.0,29.0,20.0,-40.0,1.0
-13,-3.0,-9.0,7.0,0.0,-22.0,-7.0,13.0,10.0,9.0,11.0,-6.0,18.0,23.0,18.0,-36.0,1.0
-14,-3.0,-8.0,9.0,1.0,-21.0,-6.0,11.0,9.0,4.0,6.0,-1.0,16.0,17.0,14.0,-30.0,1.0
-15,-2.0,-8.0,11.0,1.0,-19.0,-4.0,9.0,7.0,0.0,-1.0,3.0,14.0,9.0,8.0,-22.0,1.0
-19,-3.0,-11.0,17.0,-5.0,-15.0,2.0,3.0,1.0,-11.0,-20.0,10.0,5.0,-15.0,-12.0,2.0,1.0
-19,-5.0,-12.0,18.0,-8.0,-14.0,3.0,1.0,-1.0,-13.0,-26.0,11.0,4.0,-21.0,-18.0,7.0,1.0
-18,-6.0,-12.0,18.0,-10.0,-13.0,5.0,-1.0,-1.0,-14.0,-30.0,12.0,3.0,-24.0,-22.0,12.0,1.0
-18,-7.0,-12.0,17.0,-11.0,-12.0,6.0,-3.0,-1.0,-14.0,-32.0,12.0,3.0,-25.0,-27.0,15.0,1.0
-17,-7.0,-11.0,14.0,-11.0,-12.0,7.0,-4.0,-1.0,-13.0,-32.0,11.0,3.0,-24.0,-31.0,17.0,1.0
-15,-5.0,-9.0,12.0,-9.0,-12.0,8.0,-4.0,0.0,-12.0,-30.0,10.0,4.0,-22.0,-33.0,18.0,1.0
-13,-4.0,-7.0,9.0,-8.0,-12.0,10.0,-4.0,0.0,-11.0,-26.0,8.0,5.0,-20.0,-33.0,18.0,1.0
-10,-2.0,-6.0,6.0,-8.0,-11.0,11.0,-4.0,1.0,-9.0,-22.0,4.0,6.0,-18.0,-32.0,17.0,1.0
-7,0.0,-4.0,2.0,-8.0,-9.0,11.0,-3.0,3.0,-7.0,-17.0,-1.0,8.0,-15.0,-31.0,16.0,1.0
-6,2.0,-3.0,-1.0,-9.0,-6.0,9.0,-2.0,4.0,-4.0,-12.0,-6.0,10.0,-13.0,-29.0,14.0,1.0
-7,4.0,-2.0,-4.0,-11.0,-3.0,6.0,-1.0,5.0,0.0,-8.0,-10.0,13.0,-12.0,-26.0,12.0,1.0
-9,6.0,-1.0,-5.0,-11.0,-1.0,2.0,1.0,5.0,3.0,-5.0,-14.0,14.0,-12.0,-22.0,8.0,1.0
-10,7.0,0.0,-6.0,-11.0,1.0,-1.0,2.0,4.0,5.0,-2.0,-16.0,15.0,-12.0,-17.0,5.0,1.0
-10,8.0,1.0,-6.0,-9.0,1.0,-3.0,3.0,4.0,5.0,0.0,-16.0,14.0,-12.0,-12.0,3.0,1.0
-8,9.0,1.0,-8.0,-6.0,0.0,-4.0,4.0,4.0,5.0,1.0,-15.0,12.0,-12.0,-7.0,1.0,1.0
-6,9.0,1.0,-10.0,-4.0,-2.0,-5.0,4.0,4.0,5.0,1.0,-14.0,9.0,-12.0,-2.0,-1.0,1.0
-4,10.0,1.0,-14.0,-3.0,-4.0,-6.0,5.0,4.0,4.0,0.0,-13.0,6.0,-10.0,2.0,-2.0,1.0
-5,11.0,2.0,-19.0,-3.0,-5.0,-7.0,5.0,3.0,4.0,0.0,-12.0,1.0,-7.0,5.0,-4.0,1.0
-6,11.0,4.0,-23.0,-5.0,-6.0,-8.0,4.0,3.0,4.0,1.0,-11.0,-3.0,-2.0,8.0,-6.0,1.0
-8,12.0,5.0,-26.0,-6.0,-6.0,-9.0,4.0,2.0,4.0,4.0,-9.0,-7.0,5.0,11.0,-8.0,1.0
-8,14.0,7.0,-27.0,-5.0,-6.0,-8.0,4.0,0.0,5.0,7.0,-6.0,-9.0,12.0,13.0,-10.0,1.0
-7,15.0,9.0,-27.0,-2.0,-6.0,-5.0,4.0,-2.0,6.0,10.0,-3.0,-10.0,18.0,16.0,-12.0,1.0
-5,17.0,12.0,-26.0,2.0,-5.0,-2.0,3.0,-5.0,8.0,12.0,2.0,-10.0,22.0,18.0,-12.0,1.0
-1,18.0,13.0,-23.0,5.0,-3.0,2.0,2.0,-8.0,11.0,14.0,6.0,-8.0,23.0,20.0,-12.0,1.0
2,18.0,14.0,-21.0,8.0,-1.0,6.0,1.0,-10.0,13.0,14.0,9.0,-5.0,21.0,21.0,-11.0,1.0
3,18.0,14.0,-18.0,8.0,2.0,8.0,-1.0,-11.0,14.0,13.0,12.0,-1.0,17.0,22.0,-9.0,1.0
3,17.0,13.0,-14.0,7.0,4.0,10.0,-3.0,-11.0,13.0,12.0,13.0,2.0,11.0,21.0,-6.0,1.0
2,15.0,11.0,-11.0,4.0,6.0,12.0,-5.0,-11.0,11.0,11.0,14.0,4.0,5.0,19.0,-3.0,1.0
2,8.0,9.0,-3.0,0.0,6.0,21.0,-11.0,-10.0,-5.0,6.0,18.0,0.0,-11.0,15.0,6.0,1.0
4,5.0,8.0,3.0,5.0,2.0,27.0,-14.0,-7.0,-9.0,-5.0,19.0,-4.0,-13.0,4.0,11.0,1.0
3,5.0,7.0,3.0,4.0,2.0,26.0,-13.0,-6.0,-8.0,-8.0,17.0,-4.0,-10.0,-1.0,9.0,1.0
1,5.0,6.0,2.0,2.0,0.0,23.0,-11.0,-5.0,-6.0,-10.0,15.0,-3.0,-5.0,-5.0,7.0,1.0
1,5.0,6.0,-1.0,-1.0,-1.0,21.0,-8.0,-4.0,-6.0,-10.0,14.0,-1.0,1.0,-7.0,3.0,1.0
0,5.0,5.0,-3.0,-3.0,-3.0,17.0,-4.0,-3.0,-6.0,-10.0,15.0,1.0,7.0,-8.0,-2.0,1.0
0,5.0,4.0,-5.0,-4.0,-6.0,13.0,1.0,-2.0,-6.0,-9.0,17.0,3.0,12.0,-7.0,-7.0,1.0
0,4.0,3.0,-6.0,-5.0,-8.0,8.0,6.0,-1.0,-5.0,-8.0,20.0,5.0,16.0,-4.0,-12.0,1.0
0,3.0,1.0,-5.0,-4.0,-8.0,2.0,10.0,0.0,-3.0,-6.0,21.0,9.0,19.0,1.0,-16.0,1.0
1,2.0,-2.0,-2.0,-3.0,-8.0,-4.0,15.0,2.0,0.0,-4.0,22.0,14.0,20.0,5.0,-19.0,1.0
2,-1.0,-5.0,3.0,-2.0,-7.0,-10.0,19.0,5.0,2.0,-2.0,21.0,20.0,20.0,6.0,-20.0,1.0
3,-5.0,-10.0,8.0,-1.0,-6.0,-17.0,21.0,7.0,3.0,-2.0,18.0,25.0,18.0,3.0,-20.0,1.0
3,-9.0,-15.0,12.0,-2.0,-6.0,-23.0,22.0,9.0,3.0,-5.0,15.0,27.0,13.0,-3.0,-17.0,1.0
2,-13.0,-21.0,16.0,-2.0,-7.0,-29.0,22.0,9.0,1.0,-11.0,11.0,27.0,6.0,-11.0,-12.0,1.0
2,-17.0,-25.0,17.0,-2.0,-8.0,-34.0,20.0,7.0,-2.0,-20.0,9.0,24.0,-4.0,-20.0,-7.0,1.0
2,-19.0,-29.0,18.0,-1.0,-8.0,-38.0,18.0,5.0,-5.0,-30.0,9.0,20.0,-12.0,-28.0,-1.0,1.0
4,-21.0,-32.0,19.0,2.0,-8.0,-40.0,16.0,4.0,-7.0,-40.0,11.0,17.0,-19.0,-35.0,5.0,1.0
7,-23.0,-34.0,21.0,5.0,-9.0,-40.0,14.0,4.0,-9.0,-49.0,16.0,15.0,-23.0,-40.0,10.0,1.0
8,-25.0,-36.0,23.0,6.0,-10.0,-39.0,13.0,5.0,-9.0,-56.0,21.0,14.0,-24.0,-43.0,14.0,1.0
8,-27.0,-38.0,24.0,6.0,-13.0,-38.0,11.0,5.0,-9.0,-63.0,27.0,12.0,-24.0,-44.0,16.0,1.0
7,-29.0,-39.0,25.0,6.0,-15.0,-36.0,10.0,6.0,-9.0,-67.0,33.0,10.0,-22.0,-42.0,17.0,1.0
7,-28.0,-38.0,26.0,6.0,-14.0,-33.0,9.0,6.0,-8.0,-68.0,37.0,8.0,-20.0,-38.0,17.0,1.0
9,-25.0,-35.0,26.0,7.0,-12.0,-29.0,8.0,6.0,-8.0,-65.0,40.0,7.0,-16.0,-34.0,16.0,1.0
11,-22.0,-29.0,25.0,10.0,-9.0,-23.0,8.0,6.0,-9.0,-59.0,42.0,7.0,-13.0,-29.0,15.0,1.0
12,-18.0,-23.0,23.0,14.0,-7.0,-18.0,7.0,5.0,-9.0,-51.0,43.0,9.0,-10.0,-24.0,13.0,1.0
13,-14.0,-15.0,22.0,17.0,-5.0,-11.0,5.0,5.0,-8.0,-42.0,42.0,12.0,-8.0,-18.0,12.0,1.0
14,-11.0,-7.0,19.0,19.0,-3.0,-5.0,4.0,7.0,-7.0,-33.0,40.0,17.0,-7.0,-13.0,10.0,1.0
15,-7.0,1.0,16.0,21.0,2.0,1.0,2.0,10.0,-4.0,-24.0,36.0,22.0,-4.0,-8.0,8.0,1.0
17,-3.0,9.0,11.0,22.0,6.0,7.0,-1.0,14.0,-1.0,-15.0,30.0,27.0,-1.0,-3.0,6.0,1.0
19,1.0,16.0,6.0,23.0,10.0,13.0,-3.0,19.0,2.0,-6.0,22.0,30.0,2.0,2.0,4.0,1.0
20,5.0,22.0,1.0,22.0,13.0,17.0,-5.0,21.0,4.0,3.0,13.0,29.0,6.0,5.0,1.0,1.0
20,9.0,27.0,-6.0,21.0,17.0,21.0,-7.0,22.0,6.0,12.0,3.0,27.0,10.0,8.0,-2.0,1.0
20,14.0,32.0,-12.0,20.0,20.0,23.0,-10.0,22.0,9.0,20.0,-6.0,23.0,14.0,11.0,-4.0,1.0
20,19.0,35.0,-18.0,19.0,24.0,25.0,-12.0,21.0,13.0,27.0,-15.0,19.0,20.0,13.0,-6.0,1.0
22,24.0,38.0,-24.0,20.0,28.0,26.0,-15.0,22.0,17.0,34.0,-23.0,17.0,25.0,16.0,-7.0,1.0
23,29.0,41.0,-29.0,20.0,33.0,28.0,-18.0,24.0,23.0,40.0,-30.0,17.0,29.0,19.0,-8.0,1.0
24,33.0,44.0,-33.0,21.0,36.0,32.0,-21.0,25.0,27.0,45.0,-36.0,17.0,32.0,23.0,-9.0,1.0
25,36.0,46.0,-36.0,21.0,36.0,37.0,-23.0,24.0,31.0,49.0,-39.0,16.0,33.0,26.0,-10.0,1.0
24,38.0,47.0,-37.0,20.0,34.0,42.0,-24.0,21.0,32.0,51.0,-40.0,13.0,34.0,28.0,-11.0,1.0
25,40.0,46.0,-38.0,20.0,32.0,46.0,-25.0,18.0,32.0,53.0,-39.0,11.0,35.0,29.0,-11.0,1.0
26,41.0,45.0,-39.0,21.0,30.0,48.0,-25.0,16.0,32.0,54.0,-37.0,11.0,37.0,28.0,-11.0,1.0
29,42.0,43.0,-39.0,22.0,30.0,48.0,-25.0,14.0,32.0,54.0,-35.0,12.0,39.0,26.0,-11.0,1.0
31,41.0,40.0,-39.0,22.0,30.0,46.0,-24.0,13.0,33.0,54.0,-33.0,15.0,40.0,23.0,-11.0,1.0
32,39.0,38.0,-39.0,21.0,28.0,43.0,-24.0,12.0,33.0,55.0,-33.0,18.0,40.0,20.0,-11.0,1.0
31,36.0,36.0,-41.0,19.0,26.0,40.0,-23.0,10.0,33.0,55.0,-34.0,20.0,39.0,17.0,-11.0,1.0
28,33.0,35.0,-42.0,16.0,23.0,36.0,-22.0,6.0,33.0,56.0,-35.0,21.0,38.0,13.0,-12.0,1.0
25,31.0,34.0,-45.0,13.0,21.0,32.0,-21.0,3.0,32.0,56.0,-38.0,20.0,36.0,9.0,-12.0,1.0
21,30.0,34.0,-47.0,11.0,20.0,27.0,-20.0,0.0,30.0,56.0,-42.0,18.0,34.0,5.0,-13.0,1.0
16,29.0,34.0,-49.0,9.0,18.0,22.0,-18.0,-2.0,28.0,56.0,-45.0,16.0,33.0,3.0,-14.0,1.0
12,28.0,33.0,-50.0,7.0,16.0,17.0,-16.0,-5.0,27.0,55.0,-47.0,11.0,31.0,2.0,-15.0,1.0
8,26.0,32.0,-50.0,5.0,13.0,12.0,-14.0,-9.0,25.0,54.0,-47.0,6.0,29.0,3.0,-16.0,1.0
3,23.0,30.0,-48.0,4.0,9.0,7.0,-11.0,-13.0,22.0,54.0,-45.0,1.0,28.0,5.0,-16.0,1.0
0,20.0,28.0,-45.0,3.0,6.0,3.0,-9.0,-16.0,19.0,54.0,-40.0,-3.0,27.0,8.0,-16.0,1.0
-4,18.0,27.0,-40.0,3.0,5.0,1.0,-6.0,-17.0,16.0,55.0,-36.0,-4.0,27.0,12.0,-15.0,1.0
-6,16.0,28.0,-35.0,3.0,4.0,-1.0,-4.0,-16.0,14.0,55.0,-30.0,-4.0,27.0,15.0,-15.0,1.0
-7,14.0,28.0,-31.0,4.0,4.0,-1.0,-2.0,-16.0,12.0,54.0,-25.0,-4.0,26.0,18.0,-14.0,1.0
-7,12.0,29.0,-26.0,5.0,3.0,0.0,-1.0,-16.0,11.0,51.0,-20.0,-5.0,25.0,20.0,-13.0,1.0
-7,10.0,29.0,-21.0,6.0,3.0,2.0,0.0,-16.0,9.0,49.0,-14.0,-7.0,24.0,22.0,-12.0,1.0
-12,-9.0,-19.0,14.0,-22.0,-11.0,-4.0,11.0,-12.0,-14.0,-26.0,20.0,-22.0,-26.0,-3.0,18.0,1.0
-10,-9.0,-21.0,12.0,-23.0,-9.0,-6.0,11.0,-11.0,-14.0,-27.0,19.0,-21.0,-25.0,-3.0,16.0,1.0
-8,-9.0,-23.0,10.0,-24.0,-9.0,-9.0,11.0,-9.0,-14.0,-29.0,16.0,-21.0,-24.0,-5.0,13.0,1.0
-7,-10.0,-25.0,8.0,-24.0,-9.0,-11.0,11.0,-7.0,-15.0,-31.0,14.0,-20.0,-22.0,-8.0,11.0,1.0
-6,-10.0,-26.0,6.0,-25.0,-9.0,-12.0,10.0,-6.0,-17.0,-33.0,13.0,-21.0,-21.0,-10.0,10.0,1.0
-6,-10.0,-27.0,4.0,-27.0,-11.0,-12.0,11.0,-7.0,-19.0,-35.0,13.0,-23.0,-22.0,-11.0,9.0,1.0
-8,-10.0,-27.0,4.0,-29.0,-13.0,-11.0,11.0,-9.0,-21.0,-36.0,15.0,-25.0,-23.0,-12.0,9.0,1.0
-11,-10.0,-26.0,5.0,-30.0,-14.0,-10.0,12.0,-12.0,-23.0,-37.0,18.0,-28.0,-24.0,-11.0,10.0,1.0
-13,-10.0,-25.0,7.0,-31.0,-15.0,-9.0,13.0,-15.0,-25.0,-36.0,22.0,-30.0,-25.0,-10.0,11.0,1.0
-16,-10.0,-24.0,9.0,-31.0,-14.0,-9.0,13.0,-17.0,-26.0,-36.0,26.0,-31.0,-25.0,-10.0,12.0,1.0
-17,-11.0,-24.0,13.0,-30.0,-13.0,-10.0,14.0,-18.0,-27.0,-35.0,30.0,-30.0,-24.0,-9.0,14.0,1.0
-17,-12.0,-24.0,17.0,-28.0,-11.0,-11.0,15.0,-19.0,-27.0,-34.0,35.0,-28.0,-23.0,-9.0,15.0,1.0
-17,-12.0,-25.0,20.0,-26.0,-10.0,-13.0,15.0,-19.0,-25.0,-34.0,38.0,-25.0,-23.0,-9.0,17.0,1.0
-15,-13.0,-26.0,23.0,-23.0,-9.0,-15.0,16.0,-20.0,-21.0,-35.0,40.0,-21.0,-23.0,-9.0,17.0,1.0
-13,-13.0,-28.0,25.0,-19.0,-9.0,-17.0,16.0,-21.0,-17.0,-36.0,40.0,-18.0,-24.0,-9.0,18.0,1.0
-10,-13.0,-30.0,26.0,-15.0,-10.0,-19.0,17.0,-22.0,-13.0,-36.0,39.0,-15.0,-24.0,-10.0,17.0,1.0
-8,-12.0,-32.0,26.0,-11.0,-11.0,-20.0,16.0,-22.0,-10.0,-35.0,36.0,-13.0,-24.0,-11.0,17.0,1.0
-6,-11.0,-34.0,25.0,-9.0,-13.0,-20.0,15.0,-22.0,-9.0,-34.0,32.0,-13.0,-24.0,-12.0,16.0,1.0
-5,-10.0,-36.0,23.0,-8.0,-14.0,-19.0,14.0,-20.0,-8.0,-32.0,28.0,-12.0,-23.0,-12.0,14.0,1.0
-5,-9.0,-36.0,22.0,-9.0,-16.0,-16.0,12.0,-16.0,-8.0,-31.0,23.0,-11.0,-21.0,-12.0,13.0,1.0
-5,-8.0,-35.0,20.0,-10.0,-16.0,-14.0,11.0,-11.0,-8.0,-30.0,19.0,-9.0,-19.0,-12.0,11.0,1.0
-5,-7.0,-33.0,18.0,-11.0,-14.0,-11.0,9.0,-5.0,-8.0,-28.0,16.0,-6.0,-16.0,-12.0,9.0,1.0
-4,-6.0,-31.0,15.0,-11.0,-13.0,-10.0,8.0,1.0,-8.0,-27.0,14.0,-4.0,-12.0,-12.0,7.0,1.0
-3,-5.0,-28.0,13.0,-10.0,-11.0,-8.0,6.0,6.0,-8.0,-26.0,13.0,-2.0,-8.0,-11.0,5.0,1.0
-3,-4.0,-26.0,11.0,-9.0,-10.0,-7.0,5.0,10.0,-8.0,-26.0,12.0,-2.0,-5.0,-10.0,4.0,1.0
-3,-3.0,-23.0,8.0,-9.0,-8.0,-8.0,4.0,12.0,-8.0,-26.0,12.0,-3.0,-4.0,-7.0,3.0,1.0
-3,-3.0,-20.0,6.0,-8.0,-5.0,-11.0,4.0,11.0,-8.0,-24.0,13.0,-5.0,-4.0,-3.0,4.0,1.0
-4,-4.0,-17.0,4.0,-8.0,-3.0,-13.0,4.0,7.0,-7.0,-21.0,13.0,-9.0,-5.0,1.0,5.0,1.0
-5,-4.0,-14.0,2.0,-7.0,-3.0,-16.0,5.0,3.0,-8.0,-16.0,13.0,-13.0,-5.0,4.0,6.0,1.0
-5,-5.0,-12.0,1.0,-7.0,-4.0,-17.0,6.0,-1.0,-8.0,-11.0,12.0,-17.0,-6.0,7.0,7.0,1.0
-8,-17.0,-14.0,4.0,-15.0,-8.0,-19.0,7.0,-2.0,-19.0,-5.0,13.0,-19.0,-12.0,7.0,10.0,1.0
3,-7.0,-3.0,-12.0,-7.0,-1.0,-10.0,-1.0,7.0,-9.0,2.0,-10.0,-7.0,-12.0,2.0,7.0,1.0
3,-8.0,-1.0,-15.0,-7.0,-2.0,-11.0,-1.0,7.0,-7.0,3.0,-13.0,-6.0,-11.0,3.0,5.0,1.0
3,-8.0,1.0,-17.0,-6.0,-2.0,-13.0,-1.0,8.0,-5.0,3.0,-13.0,-5.0,-9.0,3.0,3.0,1.0
3,-9.0,3.0,-19.0,-5.0,-2.0,-15.0,0.0,8.0,-4.0,3.0,-13.0,-4.0,-8.0,3.0,1.0,1.0
0,-8.0,4.0,-18.0,-4.0,-2.0,-17.0,1.0,7.0,-5.0,4.0,-13.0,-3.0,-7.0,3.0,0.0,1.0
-3,-8.0,5.0,-17.0,-4.0,-1.0,-19.0,1.0,6.0,-6.0,6.0,-13.0,-2.0,-7.0,2.0,-1.0,1.0
-6,-8.0,4.0,-14.0,-5.0,0.0,-21.0,2.0,4.0,-8.0,8.0,-13.0,-3.0,-7.0,2.0,-1.0,1.0
-9,-9.0,3.0,-11.0,-7.0,0.0,-21.0,3.0,4.0,-9.0,9.0,-14.0,-4.0,-6.0,2.0,-1.0,1.0
-11,-9.0,2.0,-8.0,-9.0,-1.0,-20.0,3.0,5.0,-8.0,10.0,-14.0,-5.0,-4.0,3.0,-1.0,1.0
-11,-11.0,0.0,-5.0,-10.0,-2.0,-17.0,3.0,7.0,-8.0,10.0,-13.0,-6.0,-1.0,3.0,0.0,1.0
-11,-12.0,-1.0,-3.0,-10.0,-3.0,-15.0,2.0,10.0,-6.0,10.0,-13.0,-6.0,3.0,4.0,1.0,1.0
3,-5.0,-9.0,-4.0,-9.0,1.0,-4.0,-4.0,10.0,-4.0,-2.0,-5.0,1.0,16.0,-8.0,-9.0,1.0
2,-5.0,-9.0,-1.0,-7.0,2.0,-3.0,-4.0,10.0,-4.0,-2.0,-1.0,3.0,14.0,-6.0,-7.0,1.0
1,-5.0,-8.0,3.0,-5.0,2.0,-2.0,-4.0,8.0,-5.0,-2.0,2.0,4.0,11.0,-5.0,-5.0,1.0
-1,-5.0,-7.0,7.0,-5.0,2.0,0.0,-4.0,6.0,-6.0,-2.0,4.0,2.0,8.0,-5.0,-4.0,1.0
-8,-9.0,-8.0,-1.0,-9.0,-6.0,-8.0,-3.0,-3.0,-13.0,-4.0,-7.0,-10.0,3.0,-15.0,-6.0,1.0
-7,-9.0,-10.0,-4.0,-9.0,-7.0,-12.0,-2.0,-3.0,-11.0,-5.0,-9.0,-10.0,5.0,-14.0,-8.0,1.0
-6,-10.0,-12.0,-5.0,-8.0,-7.0,-15.0,-2.0,-3.0,-8.0,-5.0,-10.0,-10.0,7.0,-14.0,-9.0,1.0
-4,-10.0,-13.0,-6.0,-7.0,-7.0,-17.0,-2.0,-3.0,-6.0,-5.0,-10.0,-10.0,9.0,-12.0,-10.0,1.0
-3,-10.0,-14.0,-4.0,-5.0,-6.0,-18.0,-2.0,-2.0,-6.0,-5.0,-9.0,-9.0,10.0,-11.0,-11.0,1.0
-2,-11.0,-15.0,-3.0,-4.0,-6.0,-19.0,-2.0,-1.0,-7.0,-3.0,-7.0,-9.0,10.0,-8.0,-12.0,1.0
-2,-13.0,-14.0,0.0,-3.0,-6.0,-19.0,-2.0,-1.0,-9.0,-2.0,-6.0,-7.0,9.0,-6.0,-13.0,1.0
-2,-14.0,-12.0,2.0,-1.0,-6.0,-18.0,-2.0,1.0,-11.0,-1.0,-4.0,-5.0,7.0,-5.0,-13.0,1.0
-1,-15.0,-11.0,4.0,0.0,-5.0,-17.0,-2.0,2.0,-12.0,0.0,-4.0,-1.0,5.0,-5.0,-13.0,1.0
-12,11.0,10.0,15.0,11.0,3.0,13.0,-2.0,-2.0,5.0,6.0,9.0,0.0,13.0,4.0,0.0,1.0
-10,11.0,9.0,16.0,11.0,4.0,14.0,-3.0,-2.0,3.0,4.0,12.0,0.0,11.0,6.0,1.0,1.0
-7,9.0,7.0,18.0,10.0,4.0,16.0,-3.0,-2.0,1.0,3.0,15.0,-1.0,8.0,7.0,3.0,1.0
-1,-4.0,-4.0,27.0,9.0,1.0,6.0,2.0,-6.0,-3.0,-7.0,25.0,2.0,-3.0,3.0,7.0,1.0
-2,-5.0,-6.0,26.0,8.0,1.0,1.0,3.0,-5.0,-1.0,-7.0,23.0,3.0,-1.0,2.0,6.0,1.0
-3,-5.0,-7.0,24.0,8.0,1.0,-4.0,4.0,-4.0,3.0,-7.0,18.0,4.0,2.0,0.0,3.0,1.0
-4,-5.0,-7.0,21.0,9.0,-1.0,-8.0,5.0,-2.0,7.0,-8.0,13.0,5.0,6.0,-2.0,1.0,1.0
-4,-5.0,-7.0,17.0,9.0,-2.0,-11.0,6.0,-1.0,11.0,-8.0,8.0,5.0,9.0,-3.0,-1.0,1.0
-4,-4.0,-5.0,14.0,9.0,-4.0,-11.0,6.0,0.0,15.0,-10.0,4.0,5.0,10.0,-4.0,-2.0,1.0
-3,-3.0,-3.0,10.0,9.0,-6.0,-9.0,6.0,1.0,17.0,-11.0,1.0,4.0,9.0,-3.0,-2.0,1.0
0,-1.0,-1.0,6.0,10.0,-6.0,-5.0,5.0,2.0,18.0,-10.0,-2.0,4.0,7.0,-2.0,-2.0,1.0
3,2.0,2.0,3.0,11.0,-5.0,-2.0,5.0,3.0,16.0,-7.0,-5.0,4.0,5.0,1.0,-2.0,1.0
6,4.0,4.0,0.0,11.0,-4.0,2.0,5.0,6.0,14.0,-2.0,-8.0,4.0,3.0,3.0,-1.0,1.0
8,6.0,7.0,-1.0,12.0,-2.0,5.0,5.0,8.0,11.0,4.0,-11.0,4.0,3.0,5.0,0.0,1.0
8,8.0,10.0,-2.0,14.0,-1.0,7.0,5.0,10.0,9.0,10.0,-14.0,5.0,4.0,6.0,1.0,1.0
9,10.0,11.0,-1.0,16.0,1.0,8.0,4.0,11.0,8.0,16.0,-17.0,5.0,5.0,6.0,1.0,1.0
10,11.0,11.0,1.0,18.0,2.0,8.0,3.0,11.0,8.0,20.0,-20.0,6.0,6.0,6.0,1.0,1.0
11,11.0,9.0,3.0,20.0,4.0,7.0,3.0,12.0,9.0,22.0,-23.0,7.0,7.0,5.0,0.0,1.0
12,10.0,7.0,5.0,22.0,4.0,7.0,2.0,13.0,10.0,23.0,-27.0,9.0,8.0,3.0,-2.0,1.0
11,10.0,6.0,6.0,22.0,2.0,7.0,1.0,14.0,10.0,23.0,-31.0,10.0,9.0,1.0,-3.0,1.0
10,8.0,5.0,5.0,20.0,1.0,8.0,1.0,15.0,11.0,21.0,-35.0,10.0,8.0,-1.0,-5.0,1.0
9,7.0,6.0,2.0,17.0,-1.0,8.0,0.0,16.0,10.0,19.0,-39.0,10.0,6.0,-3.0,-7.0,1.0
9,7.0,8.0,-3.0,14.0,0.0,9.0,-1.0,17.0,10.0,15.0,-42.0,9.0,4.0,-4.0,-9.0,1.0
10,8.0,11.0,-7.0,13.0,2.0,9.0,-3.0,19.0,10.0,11.0,-44.0,9.0,3.0,-5.0,-10.0,1.0
11,9.0,14.0,-11.0,13.0,5.0,11.0,-5.0,22.0,11.0,7.0,-44.0,11.0,3.0,-6.0,-12.0,1.0
13,11.0,18.0,-14.0,14.0,7.0,13.0,-7.0,23.0,13.0,4.0,-43.0,12.0,5.0,-7.0,-13.0,1.0
14,11.0,20.0,-14.0,15.0,9.0,14.0,-8.0,24.0,14.0,4.0,-40.0,13.0,7.0,-6.0,-13.0,1.0
15,10.0,20.0,-13.0,15.0,10.0,14.0,-8.0,22.0,13.0,4.0,-35.0,13.0,9.0,-5.0,-12.0,1.0
14,8.0,18.0,-11.0,14.0,11.0,11.0,-7.0,21.0,11.0,6.0,-30.0,12.0,10.0,-4.0,-11.0,1.0
13,6.0,14.0,-9.0,12.0,12.0,5.0,-6.0,19.0,7.0,7.0,-25.0,11.0,9.0,-3.0,-9.0,1.0
12,4.0,10.0,-8.0,12.0,12.0,-2.0,-5.0,18.0,4.0,7.0,-20.0,11.0,7.0,-4.0,-7.0,1.0
12,2.0,5.0,-7.0,12.0,12.0,-8.0,-3.0,17.0,2.0,5.0,-17.0,12.0,5.0,-5.0,-6.0,1.0
13,1.0,2.0,-7.0,12.0,11.0,-13.0,-2.0,16.0,2.0,2.0,-15.0,13.0,2.0,-7.0,-5.0,1.0
14,1.0,-1.0,-7.0,12.0,10.0,-15.0,-1.0,14.0,4.0,-2.0,-14.0,14.0,-1.0,-8.0,-4.0,1.0
14,0.0,-4.0,-6.0,12.0,8.0,-16.0,0.0,12.0,6.0,-6.0,-13.0,16.0,-3.0,-10.0,-3.0,1.0
13,-1.0,-6.0,-3.0,11.0,5.0,-15.0,1.0,9.0,8.0,-9.0,-12.0,16.0,-4.0,-12.0,-3.0,1.0
11,-3.0,-7.0,0.0,10.0,2.0,-14.0,2.0,7.0,9.0,-12.0,-10.0,15.0,-4.0,-14.0,-2.0,1.0
8,-4.0,-7.0,3.0,9.0,2.0,-14.0,2.0,5.0,9.0,-13.0,-7.0,13.0,-3.0,-15.0,-1.0,1.0
6,-5.0,-5.0,6.0,9.0,5.0,-15.0,2.0,5.0,8.0,-12.0,-5.0,12.0,-2.0,-14.0,0.0,1.0
4,-6.0,-3.0,8.0,8.0,8.0,-16.0,2.0,5.0,7.0,-11.0,-2.0,10.0,0.0,-12.0,1.0,1.0
1,-6.0,0.0,9.0,7.0,10.0,-15.0,2.0,3.0,6.0,-9.0,1.0,9.0,1.0,-10.0,1.0,1.0
-3,-6.0,3.0,10.0,5.0,10.0,-13.0,2.0,2.0,6.0,-8.0,3.0,8.0,1.0,-7.0,2.0,1.0
-7,-5.0,5.0,11.0,4.0,7.0,-9.0,3.0,2.0,6.0,-6.0,6.0,8.0,0.0,-4.0,2.0,1.0
-10,-4.0,7.0,10.0,1.0,4.0,-5.0,3.0,2.0,5.0,-4.0,7.0,9.0,-1.0,-2.0,3.0,1.0
-18,7.0,4.0,-2.0,-11.0,12.0,-3.0,-6.0,18.0,3.0,-12.0,-10.0,11.0,4.0,-10.0,-7.0,1.0
3,-4.0,-4.0,-3.0,7.0,-9.0,-4.0,-3.0,3.0,-6.0,-9.0,7.0,-1.0,-4.0,-3.0,2.0,2.0
1,-2.0,-4.0,-4.0,6.0,-9.0,-4.0,-2.0,1.0,-7.0,-9.0,6.0,-3.0,-5.0,-3.0,3.0,2.0
-3,2.0,-3.0,-7.0,2.0,-5.0,-7.0,-1.0,-3.0,-9.0,-7.0,2.0,-11.0,-5.0,-1.0,2.0,2.0
-2,2.0,-3.0,-7.0,2.0,-3.0,-7.0,-2.0,-2.0,-4.0,-7.0,0.0,-9.0,-5.0,-1.0,2.0,2.0
-2,6.0,7.0,10.0,5.0,6.0,6.0,5.0,0.0,14.0,5.0,2.0,3.0,12.0,4.0,2.0,2.0
-1,6.0,7.0,10.0,5.0,6.0,7.0,5.0,-3.0,15.0,6.0,4.0,2.0,10.0,7.0,2.0,2.0
0,6.0,7.0,11.0,5.0,7.0,8.0,5.0,-5.0,13.0,6.0,7.0,1.0,8.0,10.0,2.0,2.0
-2,-5.0,-9.0,-4.0,-7.0,1.0,-5.0,-8.0,-4.0,-7.0,-9.0,1.0,-10.0,1.0,-6.0,-4.0,2.0
-5,-2.0,3.0,2.0,-5.0,3.0,1.0,0.0,-3.0,0.0,5.0,-5.0,-7.0,9.0,0.0,-5.0,2.0
-4,-1.0,2.0,3.0,-3.0,3.0,1.0,-1.0,-5.0,-1.0,5.0,-1.0,-7.0,7.0,3.0,-6.0,2.0
-4,-1.0,1.0,3.0,-2.0,3.0,1.0,-3.0,-6.0,-2.0,4.0,2.0,-6.0,6.0,5.0,-6.0,2.0
-3,-2.0,0.0,-2.0,-6.0,1.0,-1.0,-1.0,-4.0,1.0,-2.0,-7.0,-10.0,-4.0,0.0,2.0,2.0
-2,-1.0,0.0,-4.0,-5.0,0.0,-2.0,0.0,-5.0,2.0,-2.0,-9.0,-11.0,-4.0,0.0,1.0,2.0
9,5.0,3.0,3.0,19.0,1.0,0.0,0.0,12.0,6.0,4.0,6.0,23.0,-3.0,5.0,3.0,2.0
9,6.0,4.0,4.0,19.0,2.0,1.0,2.0,12.0,7.0,5.0,7.0,24.0,-3.0,7.0,3.0,2.0
8,6.0,6.0,5.0,19.0,2.0,2.0,3.0,12.0,9.0,5.0,8.0,25.0,-4.0,8.0,4.0,2.0
7,5.0,6.0,7.0,18.0,2.0,3.0,3.0,11.0,11.0,5.0,8.0,27.0,-4.0,8.0,3.0,2.0
6,3.0,6.0,10.0,17.0,1.0,4.0,4.0,12.0,12.0,4.0,7.0,29.0,-3.0,6.0,3.0,2.0
5,1.0,5.0,12.0,14.0,-1.0,5.0,4.0,12.0,12.0,3.0,7.0,31.0,-3.0,4.0,2.0,2.0
3,-1.0,3.0,14.0,11.0,-2.0,6.0,4.0,13.0,10.0,2.0,6.0,30.0,-3.0,3.0,1.0,2.0
2,-3.0,2.0,15.0,8.0,-2.0,6.0,4.0,13.0,7.0,1.0,5.0,27.0,-5.0,3.0,1.0,2.0
2,-4.0,1.0,16.0,6.0,-3.0,6.0,4.0,12.0,4.0,0.0,5.0,23.0,-6.0,4.0,0.0,2.0
1,-5.0,0.0,15.0,5.0,-3.0,5.0,5.0,10.0,4.0,1.0,4.0,20.0,-5.0,4.0,-1.0,2.0
1,-5.0,-1.0,14.0,4.0,-4.0,3.0,5.0,8.0,5.0,1.0,2.0,17.0,-4.0,4.0,-2.0,2.0
1,-5.0,-2.0,12.0,4.0,-4.0,0.0,6.0,6.0,6.0,1.0,-1.0,14.0,-3.0,4.0,-3.0,2.0
1,-5.0,-3.0,9.0,2.0,-4.0,-3.0,6.0,5.0,6.0,1.0,-3.0,12.0,-2.0,3.0,-4.0,2.0
1,-5.0,-4.0,6.0,1.0,-5.0,-5.0,6.0,6.0,5.0,0.0,-5.0,10.0,-3.0,3.0,-4.0,2.0
7,-3.0,2.0,-2.0,8.0,-1.0,-3.0,1.0,0.0,-3.0,5.0,-1.0,-4.0,3.0,2.0,-1.0,2.0
7,-3.0,1.0,3.0,9.0,-2.0,-2.0,2.0,1.0,-2.0,5.0,0.0,-2.0,4.0,2.0,0.0,2.0
6,-4.0,1.0,7.0,10.0,-2.0,1.0,3.0,0.0,-1.0,6.0,1.0,-1.0,4.0,3.0,-1.0,2.0
-2,-4.0,-2.0,3.0,-3.0,-3.0,-1.0,0.0,-4.0,7.0,1.0,-3.0,0.0,4.0,1.0,-4.0,2.0
-2,-3.0,-2.0,-1.0,-3.0,-2.0,-2.0,-1.0,-6.0,9.0,0.0,-5.0,-2.0,4.0,1.0,-5.0,2.0
3,6.0,0.0,-13.0,-7.0,14.0,-9.0,-3.0,-7.0,3.0,6.0,-9.0,-15.0,2.0,3.0,3.0,2.0
3,4.0,0.0,-10.0,-6.0,12.0,-7.0,-2.0,-9.0,2.0,7.0,-6.0,-14.0,1.0,5.0,3.0,2.0
3,2.0,-1.0,-6.0,-5.0,10.0,-5.0,-2.0,-10.0,0.0,7.0,-2.0,-13.0,-1.0,7.0,3.0,2.0
3,0.0,-1.0,-3.0,-4.0,8.0,-2.0,-2.0,-10.0,-2.0,8.0,2.0,-11.0,-2.0,8.0,2.0,2.0
8,-1.0,0.0,-10.0,3.0,8.0,-4.0,-9.0,20.0,-15.0,1.0,-6.0,17.0,-6.0,-11.0,-1.0,2.0
8,-3.0,1.0,-7.0,3.0,8.0,-3.0,-9.0,20.0,-16.0,1.0,-5.0,18.0,-6.0,-11.0,0.0,2.0
8,-5.0,1.0,-4.0,3.0,7.0,-1.0,-8.0,18.0,-15.0,2.0,-4.0,19.0,-7.0,-11.0,1.0,2.0
8,-6.0,2.0,-1.0,3.0,6.0,0.0,-7.0,15.0,-12.0,3.0,-3.0,18.0,-7.0,-10.0,2.0,2.0
7,-5.0,2.0,2.0,4.0,5.0,2.0,-5.0,10.0,-10.0,4.0,-2.0,16.0,-7.0,-9.0,3.0,2.0
6,-5.0,2.0,5.0,4.0,4.0,3.0,-3.0,8.0,-9.0,5.0,0.0,15.0,-7.0,-8.0,4.0,2.0
4,-4.0,3.0,7.0,3.0,3.0,5.0,0.0,7.0,-8.0,6.0,1.0,15.0,-7.0,-5.0,4.0,2.0
2,-3.0,5.0,10.0,3.0,3.0,6.0,2.0,7.0,-8.0,7.0,3.0,15.0,-7.0,-2.0,4.0,2.0
0,-2.0,7.0,11.0,2.0,3.0,7.0,4.0,6.0,-8.0,8.0,5.0,14.0,-7.0,0.0,3.0,2.0
-2,-1.0,8.0,11.0,2.0,4.0,7.0,5.0,4.0,-7.0,9.0,6.0,12.0,-6.0,2.0,3.0,2.0
-2,-7.0,-4.0,5.0,9.0,-5.0,3.0,-15.0,-1.0,-16.0,-2.0,6.0,-9.0,-9.0,3.0,3.0,2.0
-3,-7.0,-4.0,5.0,8.0,-5.0,3.0,-15.0,3.0,-18.0,-2.0,6.0,-8.0,-9.0,3.0,3.0,2.0
-4,-7.0,-5.0,4.0,7.0,-6.0,2.0,-14.0,5.0,-18.0,-1.0,6.0,-5.0,-8.0,3.0,2.0,2.0
-5,-6.0,-5.0,3.0,6.0,-6.0,1.0,-13.0,4.0,-14.0,0.0,5.0,-3.0,-7.0,4.0,1.0,2.0
-6,-2.0,-5.0,-4.0,3.0,-8.0,-4.0,-7.0,-10.0,6.0,1.0,-2.0,-5.0,-3.0,3.0,-1.0,2.0
-7,-1.0,-4.0,-6.0,2.0,-8.0,-4.0,-7.0,-11.0,9.0,0.0,-4.0,-5.0,-1.0,0.0,-1.0,2.0
-8,1.0,-3.0,-7.0,1.0,-7.0,-3.0,-7.0,-9.0,9.0,-1.0,-7.0,-5.0,0.0,-3.0,0.0,2.0
11,2.0,-5.0,2.0,12.0,-6.0,-1.0,4.0,7.0,10.0,-6.0,5.0,21.0,1.0,-6.0,1.0,2.0
1,-4.0,-5.0,-2.0,12.0,-11.0,0.0,-10.0,-1.0,6.0,-2.0,4.0,-2.0,12.0,3.0,-6.0,2.0
0,-7.0,-6.0,1.0,12.0,-14.0,-1.0,-10.0,-2.0,3.0,-4.0,7.0,-4.0,11.0,3.0,-6.0,2.0
-1,-9.0,-7.0,3.0,13.0,-16.0,-1.0,-10.0,-1.0,0.0,-5.0,8.0,-5.0,9.0,4.0,-6.0,2.0
-1,-10.0,-9.0,4.0,13.0,-16.0,-2.0,-10.0,0.0,-3.0,-7.0,9.0,-6.0,7.0,4.0,-5.0,2.0
-1,-9.0,-11.0,4.0,13.0,-16.0,-3.0,-11.0,0.0,-2.0,-8.0,10.0,-6.0,6.0,2.0,-3.0,2.0
-1,-8.0,-12.0,4.0,13.0,-16.0,-3.0,-12.0,-1.0,0.0,-10.0,10.0,-6.0,6.0,1.0,-2.0,2.0
-1,-8.0,-12.0,3.0,13.0,-15.0,-3.0,-13.0,-2.0,2.0,-10.0,10.0,-6.0,6.0,-1.0,-1.0,2.0
-2,-7.0,-12.0,2.0,14.0,-15.0,-4.0,-14.0,-2.0,2.0,-11.0,9.0,-5.0,6.0,-2.0,0.0,2.0
-5,-8.0,-6.0,-1.0,9.0,-11.0,-5.0,-11.0,-7.0,-3.0,-8.0,1.0,-9.0,-8.0,3.0,-3.0,2.0
-5,-8.0,-5.0,-1.0,7.0,-11.0,-5.0,-9.0,-10.0,-3.0,-7.0,0.0,-12.0,-9.0,2.0,-2.0,2.0
-4,-7.0,-4.0,-1.0,6.0,-10.0,-5.0,-7.0,-11.0,-3.0,-7.0,-1.0,-12.0,-9.0,2.0,-2.0,2.0
-3,-6.0,-3.0,-1.0,5.0,-8.0,-5.0,-5.0,-9.0,-3.0,-6.0,-1.0,-10.0,-9.0,2.0,-2.0,2.0
-3,-6.0,-2.0,-1.0,4.0,-6.0,-5.0,-3.0,-5.0,-4.0,-5.0,-1.0,-7.0,-9.0,2.0,-1.0,2.0
-2,-5.0,-1.0,0.0,4.0,-5.0,-5.0,-2.0,-2.0,-6.0,-4.0,-1.0,-6.0,-8.0,3.0,-1.0,2.0
-2,-4.0,-1.0,1.0,4.0,-4.0,-4.0,-1.0,-1.0,-7.0,-3.0,1.0,-5.0,-7.0,3.0,-1.0,2.0
-1,-4.0,-1.0,2.0,4.0,-4.0,-4.0,-1.0,-2.0,-7.0,-2.0,2.0,-6.0,-5.0,4.0,-2.0,2.0
2,-8.0,-3.0,-2.0,-1.0,-4.0,-4.0,-1.0,-5.0,-6.0,1.0,-6.0,-13.0,1.0,-1.0,-3.0,2.0
2,-8.0,-4.0,-3.0,-3.0,-4.0,-4.0,-2.0,-4.0,-6.0,0.0,-9.0,-14.0,1.0,-3.0,-2.0,2.0
3,-8.0,-4.0,-5.0,-4.0,-2.0,-4.0,-4.0,-4.0,-5.0,-1.0,-12.0,-16.0,0.0,-6.0,-1.0,2.0
3,-7.0,-4.0,-7.0,-4.0,0.0,-4.0,-6.0,-5.0,-3.0,-1.0,-15.0,-16.0,-1.0,-7.0,0.0,2.0
-4,14.0,11.0,-1.0,-11.0,7.0,13.0,10.0,-2.0,13.0,-1.0,-9.0,2.0,2.0,-3.0,1.0,2.0
-4,17.0,12.0,-2.0,-10.0,10.0,13.0,9.0,0.0,13.0,1.0,-8.0,4.0,3.0,-1.0,1.0,2.0
-3,19.0,12.0,-3.0,-8.0,13.0,13.0,8.0,2.0,13.0,3.0,-6.0,5.0,4.0,1.0,2.0,2.0
-2,22.0,12.0,-4.0,-6.0,15.0,13.0,6.0,2.0,12.0,5.0,-4.0,5.0,6.0,4.0,2.0,2.0
2,-10.0,-5.0,-9.0,16.0,-15.0,-7.0,-15.0,3.0,-9.0,-6.0,4.0,2.0,-8.0,2.0,-4.0,2.0
1,-8.0,-5.0,-11.0,14.0,-14.0,-8.0,-14.0,4.0,-9.0,-7.0,2.0,2.0,-7.0,-2.0,-2.0,2.0
-1,-10.0,2.0,-1.0,7.0,-10.0,0.0,-6.0,0.0,8.0,-5.0,-9.0,4.0,0.0,-10.0,0.0,2.0
1,-12.0,1.0,3.0,7.0,-12.0,2.0,-5.0,1.0,7.0,-5.0,-8.0,5.0,0.0,-10.0,0.0,2.0
2,-14.0,-1.0,6.0,8.0,-14.0,4.0,-5.0,1.0,5.0,-5.0,-6.0,4.0,0.0,-9.0,0.0,2.0
4,5.0,6.0,-10.0,-20.0,16.0,-5.0,15.0,4.0,3.0,1.0,-9.0,-1.0,0.0,-1.0,1.0,2.0
5,7.0,8.0,-9.0,-18.0,17.0,-4.0,16.0,4.0,5.0,1.0,-8.0,-2.0,3.0,0.0,0.0,2.0
5,9.0,11.0,-8.0,-16.0,19.0,-2.0,15.0,4.0,5.0,1.0,-7.0,-3.0,5.0,0.0,1.0,2.0
5,11.0,13.0,-8.0,-13.0,20.0,0.0,14.0,5.0,6.0,1.0,-6.0,-3.0,7.0,0.0,2.0,2.0
5,12.0,14.0,-7.0,-11.0,21.0,1.0,13.0,5.0,8.0,0.0,-5.0,-3.0,9.0,-1.0,3.0,2.0
5,13.0,16.0,-7.0,-9.0,22.0,3.0,12.0,5.0,9.0,-1.0,-3.0,-1.0,10.0,-1.0,3.0,2.0
5,14.0,16.0,-6.0,-8.0,22.0,4.0,11.0,4.0,10.0,-1.0,1.0,2.0,10.0,-1.0,3.0,2.0
4,14.0,16.0,-5.0,-8.0,23.0,5.0,9.0,2.0,11.0,-2.0,4.0,4.0,8.0,0.0,3.0,2.0
2,13.0,15.0,-3.0,-8.0,22.0,6.0,7.0,-1.0,9.0,-2.0,8.0,5.0,4.0,2.0,3.0,2.0
1,11.0,14.0,-1.0,-8.0,21.0,6.0,6.0,-2.0,5.0,-3.0,11.0,6.0,1.0,3.0,2.0,2.0
-1,9.0,12.0,1.0,-8.0,19.0,7.0,4.0,-2.0,0.0,-4.0,14.0,6.0,-2.0,3.0,2.0,2.0
-2,7.0,11.0,4.0,-8.0,17.0,8.0,4.0,-1.0,-6.0,-5.0,17.0,7.0,-4.0,2.0,0.0,2.0
1,5.0,-2.0,-7.0,1.0,-1.0,-1.0,-3.0,0.0,-8.0,-4.0,3.0,-3.0,-1.0,3.0,-8.0,2.0
0,3.0,-1.0,-7.0,1.0,-2.0,-1.0,-3.0,0.0,-12.0,-4.0,3.0,-5.0,-2.0,1.0,-5.0,2.0
-5,-2.0,-2.0,0.0,-3.0,-3.0,-4.0,1.0,-4.0,1.0,1.0,-3.0,-7.0,4.0,-5.0,3.0,2.0
-7,-2.0,-1.0,2.0,-5.0,-2.0,-4.0,3.0,-5.0,1.0,2.0,2.0,-6.0,4.0,-1.0,3.0,2.0
-7,2.0,6.0,0.0,-7.0,1.0,0.0,6.0,2.0,0.0,1.0,6.0,0.0,8.0,6.0,-6.0,2.0
-7,4.0,6.0,-1.0,-7.0,2.0,0.0,7.0,1.0,5.0,2.0,3.0,3.0,8.0,6.0,-6.0,2.0
-7,6.0,6.0,-2.0,-7.0,2.0,0.0,7.0,-1.0,10.0,3.0,1.0,5.0,7.0,6.0,-7.0,2.0
-6,7.0,6.0,-3.0,-7.0,3.0,1.0,8.0,-3.0,13.0,3.0,-2.0,7.0,6.0,6.0,-7.0,2.0
-5,7.0,5.0,-3.0,-7.0,2.0,1.0,7.0,-2.0,14.0,3.0,-4.0,8.0,5.0,4.0,-7.0,2.0
-4,6.0,4.0,-4.0,-7.0,2.0,1.0,7.0,0.0,11.0,3.0,-7.0,8.0,4.0,2.0,-7.0,2.0
-2,-6.0,8.0,8.0,-4.0,5.0,6.0,2.0,0.0,-3.0,7.0,5.0,-4.0,9.0,3.0,1.0,2.0
-3,-4.0,8.0,6.0,-5.0,6.0,5.0,1.0,2.0,-3.0,5.0,4.0,-3.0,9.0,0.0,1.0,2.0
-4,-3.0,8.0,3.0,-5.0,7.0,3.0,-1.0,1.0,-2.0,4.0,3.0,-2.0,9.0,-2.0,1.0,2.0
-5,0.0,-6.0,-11.0,-2.0,-12.0,-7.0,-1.0,-6.0,7.0,-9.0,0.0,-6.0,-5.0,4.0,-2.0,2.0
-1,12.0,4.0,-1.0,1.0,8.0,3.0,1.0,-1.0,5.0,4.0,3.0,5.0,-2.0,4.0,4.0,2.0
-1,11.0,4.0,2.0,2.0,10.0,4.0,-1.0,-1.0,4.0,2.0,4.0,6.0,-3.0,3.0,4.0,2.0
-1,9.0,5.0,4.0,4.0,10.0,5.0,-2.0,-1.0,1.0,0.0,6.0,7.0,-6.0,3.0,3.0,2.0
-2,8.0,5.0,7.0,5.0,10.0,6.0,-4.0,0.0,-1.0,-2.0,7.0,8.0,-8.0,3.0,2.0,2.0
-2,7.0,5.0,8.0,7.0,9.0,7.0,-5.0,0.0,-3.0,-3.0,8.0,9.0,-11.0,4.0,1.0,2.0
-3,4.0,1.0,9.0,9.0,4.0,5.0,-7.0,2.0,-10.0,-4.0,4.0,10.0,-14.0,0.0,-3.0,2.0
-2,3.0,1.0,8.0,10.0,3.0,4.0,-7.0,3.0,-9.0,-4.0,2.0,10.0,-14.0,-2.0,-3.0,2.0
-2,3.0,-1.0,8.0,10.0,2.0,4.0,-7.0,2.0,-5.0,-4.0,-1.0,10.0,-13.0,-2.0,-4.0,2.0
-1,3.0,-1.0,7.0,11.0,1.0,3.0,-8.0,0.0,-1.0,-4.0,-3.0,10.0,-11.0,-3.0,-4.0,2.0
-6,2.0,-3.0,0.0,-7.0,-1.0,-4.0,5.0,-2.0,14.0,-2.0,-4.0,-5.0,7.0,5.0,1.0,2.0
-6,-1.0,-3.0,2.0,-9.0,-1.0,-4.0,5.0,-2.0,11.0,-2.0,0.0,-6.0,5.0,8.0,0.0,2.0
12,5.0,4.0,8.0,17.0,2.0,7.0,2.0,10.0,13.0,5.0,6.0,15.0,8.0,7.0,5.0,2.0
11,4.0,5.0,9.0,18.0,1.0,9.0,1.0,12.0,11.0,4.0,9.0,16.0,7.0,9.0,4.0,2.0
10,4.0,5.0,10.0,19.0,0.0,10.0,0.0,13.0,9.0,4.0,11.0,16.0,7.0,11.0,3.0,2.0
9,3.0,4.0,11.0,19.0,-1.0,11.0,-1.0,12.0,7.0,3.0,13.0,14.0,7.0,11.0,2.0,2.0
3,-2.0,3.0,-6.0,6.0,-1.0,-2.0,-5.0,7.0,-7.0,-2.0,0.0,-1.0,1.0,0.0,-3.0,2.0
-3,0.0,7.0,8.0,6.0,-3.0,8.0,1.0,5.0,-3.0,1.0,9.0,14.0,-4.0,5.0,-4.0,2.0
-2,0.0,7.0,8.0,6.0,-3.0,8.0,1.0,5.0,-3.0,0.0,8.0,14.0,-6.0,4.0,-3.0,2.0
-2,-1.0,7.0,7.0,4.0,-3.0,8.0,2.0,5.0,-3.0,-1.0,6.0,14.0,-7.0,3.0,-3.0,2.0
-2,-2.0,7.0,6.0,2.0,-2.0,7.0,2.0,4.0,-5.0,-1.0,4.0,11.0,-8.0,1.0,-2.0,2.0
4,-6.0,-4.0,-11.0,1.0,-4.0,-5.0,-9.0,3.0,-10.0,-5.0,-11.0,-1.0,-13.0,-10.0,1.0,2.0
3,-8.0,-5.0,-8.0,1.0,-5.0,-5.0,-10.0,-1.0,-10.0,-6.0,-11.0,-4.0,-14.0,-9.0,-1.0,2.0
2,-10.0,-5.0,-7.0,1.0,-6.0,-5.0,-10.0,-3.0,-9.0,-7.0,-11.0,-6.0,-14.0,-9.0,-2.0,2.0
1,-12.0,-6.0,-6.0,1.0,-7.0,-5.0,-11.0,-3.0,-9.0,-7.0,-12.0,-7.0,-13.0,-9.0,-3.0,2.0
1,-13.0,-5.0,-6.0,1.0,-7.0,-5.0,-11.0,2.0,-10.0,-7.0,-13.0,-6.0,-10.0,-9.0,-3.0,2.0
2,-1.0,10.0,6.0,14.0,-6.0,3.0,5.0,0.0,6.0,5.0,-3.0,3.0,12.0,-4.0,-4.0,2.0
1,1.0,11.0,9.0,16.0,-6.0,5.0,6.0,0.0,4.0,6.0,1.0,4.0,11.0,-2.0,-3.0,2.0
-1,2.0,11.0,12.0,17.0,-7.0,7.0,7.0,1.0,1.0,6.0,5.0,5.0,9.0,2.0,-2.0,2.0
-2,2.0,11.0,14.0,17.0,-7.0,8.0,8.0,1.0,-2.0,7.0,9.0,6.0,6.0,5.0,-2.0,2.0
5,6.0,5.0,3.0,13.0,-2.0,10.0,-3.0,-5.0,1.0,6.0,12.0,4.0,2.0,8.0,0.0,2.0
-4,-3.0,-4.0,4.0,-8.0,1.0,-4.0,3.0,-10.0,5.0,5.0,-6.0,-5.0,1.0,-4.0,1.0,2.0
-3,-3.0,-4.0,4.0,-7.0,2.0,-4.0,3.0,-10.0,6.0,6.0,-6.0,-4.0,3.0,-4.0,2.0,2.0
-1,0.0,-1.0,-6.0,1.0,-9.0,0.0,1.0,2.0,1.0,-7.0,-5.0,1.0,5.0,-9.0,-5.0,2.0
0,1.0,0.0,-6.0,3.0,-8.0,-1.0,0.0,3.0,2.0,-6.0,-3.0,3.0,4.0,-6.0,-4.0,2.0
6,-2.0,-1.0,-1.0,11.0,-6.0,2.0,-6.0,1.0,6.0,3.0,-4.0,2.0,5.0,-1.0,1.0,2.0
-1,3.0,9.0,-1.0,0.0,4.0,8.0,-2.0,-8.0,11.0,3.0,-10.0,-11.0,5.0,-3.0,5.0,2.0
-2,1.0,2.0,-4.0,-4.0,1.0,3.0,-3.0,4.0,-7.0,-6.0,-3.0,-12.0,1.0,-2.0,2.0,2.0
-2,-2.0,-1.0,-3.0,-4.0,-2.0,2.0,-4.0,5.0,-9.0,-8.0,0.0,-10.0,-1.0,-4.0,2.0,2.0
-2,-5.0,-2.0,-3.0,-4.0,-5.0,1.0,-4.0,3.0,-10.0,-9.0,2.0,-8.0,-2.0,-6.0,2.0,2.0
-1,-9.0,-5.0,-3.0,-7.0,-8.0,-3.0,0.0,7.0,-12.0,-10.0,-3.0,-8.0,2.0,-12.0,-1.0,2.0
-1,-7.0,-6.0,-4.0,-8.0,-6.0,-5.0,1.0,7.0,-12.0,-10.0,-5.0,-7.0,1.0,-12.0,-1.0,2.0
-2,-2.0,2.0,0.0,2.0,-2.0,-5.0,4.0,-6.0,7.0,2.0,-1.0,-3.0,5.0,0.0,2.0,2.0
-2,-3.0,4.0,2.0,4.0,-2.0,-3.0,3.0,-8.0,8.0,4.0,2.0,-3.0,4.0,2.0,4.0,2.0
-1,-3.0,5.0,5.0,7.0,-3.0,0.0,1.0,-7.0,6.0,6.0,5.0,-2.0,3.0,4.0,5.0,2.0
-4,4.0,-7.0,-9.0,-12.0,1.0,-8.0,4.0,-5.0,-3.0,-6.0,-5.0,-9.0,-7.0,-3.0,0.0,2.0
-2,5.0,-7.0,-8.0,-9.0,2.0,-8.0,3.0,-4.0,-3.0,-5.0,-4.0,-6.0,-9.0,-1.0,-1.0,2.0
-1,5.0,-7.0,-7.0,-6.0,2.0,-7.0,2.0,-3.0,-4.0,-5.0,-3.0,-3.0,-11.0,2.0,-2.0,2.0
-1,5.0,-7.0,-5.0,-5.0,1.0,-6.0,1.0,-2.0,-6.0,-4.0,-1.0,-2.0,-13.0,3.0,-2.0,2.0
-1,4.0,-7.0,-2.0,-3.0,0.0,-4.0,1.0,-1.0,-8.0,-4.0,1.0,0.0,-13.0,3.0,-2.0,2.0
-1,3.0,7.0,0.0,-4.0,4.0,5.0,4.0,1.0,1.0,-2.0,1.0,8.0,-1.0,-2.0,-4.0,2.0
-2,2.0,7.0,-3.0,-3.0,5.0,5.0,-2.0,-2.0,3.0,-2.0,-2.0,10.0,-6.0,-1.0,-6.0,2.0
-1,2.0,7.0,-4.0,-2.0,5.0,5.0,-4.0,-3.0,2.0,-1.0,-3.0,9.0,-7.0,-1.0,-7.0,2.0
-8,-3.0,4.0,2.0,9.0,-7.0,3.0,-9.0,-7.0,-8.0,-1.0,9.0,-5.0,-10.0,6.0,1.0,2.0
-7,-3.0,6.0,1.0,10.0,-8.0,2.0,-8.0,-6.0,-6.0,-1.0,6.0,-6.0,-7.0,3.0,3.0,2.0
-6,-4.0,7.0,-1.0,11.0,-8.0,1.0,-8.0,-7.0,-4.0,-1.0,3.0,-8.0,-5.0,0.0,4.0,2.0
-4,-4.0,7.0,-3.0,12.0,-8.0,0.0,-8.0,-8.0,-2.0,-1.0,0.0,-10.0,-4.0,-1.0,5.0,2.0
-2,-4.0,6.0,-5.0,12.0,-8.0,-1.0,-8.0,-8.0,-1.0,-1.0,-2.0,-12.0,-4.0,-1.0,5.0,2.0
0,-4.0,6.0,-6.0,11.0,-7.0,-1.0,-7.0,-7.0,0.0,-1.0,-4.0,-12.0,-5.0,0.0,4.0,2.0
1,-3.0,6.0,-7.0,10.0,-7.0,-1.0,-5.0,-4.0,0.0,-1.0,-6.0,-11.0,-5.0,2.0,4.0,2.0
3,-2.0,6.0,-7.0,8.0,-6.0,-1.0,-3.0,-1.0,1.0,-1.0,-7.0,-10.0,-5.0,3.0,3.0,2.0
-5,2.0,-1.0,5.0,-17.0,7.0,5.0,6.0,-6.0,-1.0,-6.0,4.0,-5.0,-5.0,-6.0,8.0,2.0
-4,4.0,-1.0,3.0,-17.0,8.0,3.0,8.0,-7.0,3.0,-5.0,-1.0,-6.0,-4.0,-6.0,7.0,2.0
6,-16.0,-11.0,-1.0,4.0,-11.0,-7.0,-7.0,-1.0,-6.0,-1.0,-8.0,2.0,0.0,-15.0,-3.0,2.0
9,-17.0,-10.0,-1.0,4.0,-11.0,-6.0,-6.0,1.0,-7.0,0.0,-8.0,3.0,1.0,-14.0,-3.0,2.0
11,-19.0,-9.0,-1.0,3.0,-11.0,-6.0,-4.0,2.0,-5.0,2.0,-8.0,4.0,2.0,-13.0,-2.0,2.0
12,-19.0,-7.0,-1.0,2.0,-10.0,-5.0,-2.0,1.0,-1.0,3.0,-7.0,4.0,3.0,-11.0,0.0,2.0
13,-19.0,-5.0,-1.0,-1.0,-9.0,-4.0,1.0,1.0,2.0,5.0,-7.0,4.0,5.0,-10.0,2.0,2.0
13,-17.0,-3.0,-2.0,-2.0,-7.0,-3.0,4.0,0.0,4.0,7.0,-6.0,3.0,6.0,-8.0,3.0,2.0
12,-13.0,0.0,-3.0,-3.0,-5.0,-3.0,5.0,0.0,5.0,9.0,-6.0,3.0,7.0,-6.0,4.0,2.0
-3,-9.0,-10.0,14.0,-13.0,-1.0,-4.0,10.0,2.0,-5.0,-4.0,6.0,3.0,15.0,-8.0,-12.0,2.0
-2,-10.0,-11.0,12.0,-14.0,-2.0,-5.0,11.0,0.0,-3.0,-4.0,3.0,2.0,16.0,-9.0,-11.0,2.0
0,-10.0,-11.0,10.0,-14.0,-2.0,-7.0,11.0,-2.0,0.0,-3.0,1.0,0.0,17.0,-11.0,-10.0,2.0
1,-10.0,-10.0,7.0,-14.0,-2.0,-8.0,12.0,-3.0,3.0,-2.0,-3.0,-2.0,18.0,-12.0,-9.0,2.0
2,-9.0,-10.0,4.0,-15.0,-2.0,-10.0,13.0,-2.0,5.0,-1.0,-6.0,-3.0,19.0,-12.0,-9.0,2.0
1,-7.0,-8.0,1.0,-16.0,-1.0,-11.0,14.0,0.0,7.0,1.0,-10.0,-3.0,19.0,-11.0,-8.0,2.0
1,-5.0,-7.0,-2.0,-16.0,1.0,-11.0,13.0,2.0,9.0,2.0,-13.0,-2.0,18.0,-10.0,-6.0,2.0
0,-3.0,5.0,-2.0,14.0,-6.0,-2.0,-6.0,2.0,-3.0,-2.0,1.0,-1.0,-6.0,0.0,6.0,2.0
0,-4.0,3.0,-1.0,12.0,-9.0,-1.0,-4.0,2.0,-4.0,-4.0,1.0,-2.0,-7.0,-3.0,6.0,2.0
0,-5.0,1.0,0.0,11.0,-12.0,-1.0,-3.0,2.0,-6.0,-5.0,0.0,-4.0,-7.0,-5.0,6.0,2.0
-1,-6.0,-2.0,1.0,10.0,-15.0,-1.0,-1.0,3.0,-8.0,-7.0,0.0,-5.0,-7.0,-6.0,5.0,2.0
-2,-7.0,-4.0,2.0,8.0,-18.0,-1.0,1.0,4.0,-9.0,-8.0,-1.0,-5.0,-7.0,-7.0,4.0,2.0
-3,-7.0,-5.0,3.0,5.0,-19.0,-2.0,4.0,5.0,-8.0,-8.0,-3.0,-5.0,-6.0,-6.0,3.0,2.0
-1,-5.0,-5.0,0.0,-9.0,-11.0,3.0,5.0,3.0,7.0,-3.0,-3.0,3.0,6.0,-8.0,2.0,2.0
0,-5.0,-6.0,-2.0,-9.0,-9.0,2.0,4.0,-1.0,8.0,-3.0,-4.0,2.0,5.0,-7.0,0.0,2.0
1,-4.0,-6.0,-4.0,-9.0,-8.0,1.0,3.0,-1.0,6.0,-3.0,-5.0,2.0,3.0,-8.0,-1.0,2.0
2,-3.0,-7.0,-6.0,-9.0,-6.0,-1.0,3.0,1.0,4.0,-4.0,-5.0,4.0,1.0,-8.0,-1.0,2.0
2,-1.0,-7.0,-8.0,-11.0,-3.0,-2.0,3.0,3.0,3.0,-5.0,-6.0,5.0,1.0,-11.0,0.0,2.0
2,5.0,0.0,-3.0,-8.0,10.0,-4.0,6.0,-2.0,8.0,-2.0,-1.0,2.0,8.0,-8.0,3.0,2.0
2,6.0,0.0,-4.0,-8.0,10.0,-3.0,4.0,-4.0,8.0,-1.0,1.0,1.0,7.0,-5.0,2.0,2.0
2,5.0,-1.0,-5.0,-8.0,9.0,-2.0,2.0,-4.0,6.0,0.0,3.0,1.0,6.0,-2.0,1.0,2.0
1,4.0,-2.0,-6.0,-7.0,8.0,-2.0,-1.0,-4.0,4.0,0.0,5.0,2.0,4.0,0.0,1.0,2.0
1,2.0,-3.0,-6.0,-7.0,7.0,-2.0,-4.0,-3.0,1.0,0.0,7.0,3.0,2.0,1.0,1.0,2.0
-1,17.0,-6.0,3.0,-10.0,10.0,2.0,10.0,0.0,10.0,-1.0,-1.0,5.0,12.0,-10.0,1.0,2.0
-2,16.0,-6.0,5.0,-12.0,11.0,5.0,9.0,0.0,9.0,-1.0,0.0,6.0,11.0,-9.0,0.0,2.0
-3,14.0,-7.0,8.0,-14.0,11.0,8.0,9.0,2.0,6.0,-1.0,2.0,7.0,9.0,-7.0,-1.0,2.0
-3,11.0,-7.0,11.0,-16.0,10.0,10.0,8.0,3.0,2.0,-2.0,3.0,7.0,7.0,-5.0,-2.0,2.0
-2,11.0,-3.0,7.0,-10.0,10.0,11.0,2.0,5.0,1.0,1.0,0.0,6.0,5.0,-5.0,1.0,2.0
-1,11.0,-3.0,5.0,-9.0,10.0,10.0,2.0,2.0,4.0,0.0,-1.0,7.0,4.0,-8.0,3.0,2.0
-2,3.0,-4.0,8.0,-7.0,1.0,5.0,5.0,4.0,7.0,-1.0,-1.0,4.0,15.0,-7.0,-3.0,2.0
-3,3.0,-5.0,8.0,-10.0,2.0,5.0,6.0,5.0,6.0,-1.0,1.0,4.0,14.0,-5.0,-2.0,2.0
-4,4.0,-6.0,8.0,-12.0,3.0,4.0,7.0,6.0,6.0,0.0,2.0,4.0,14.0,-4.0,-1.0,2.0
-4,4.0,-6.0,7.0,-13.0,4.0,3.0,7.0,5.0,7.0,0.0,2.0,3.0,14.0,-4.0,1.0,2.0
-4,4.0,-5.0,6.0,-13.0,5.0,3.0,7.0,4.0,7.0,0.0,2.0,2.0,14.0,-5.0,2.0,2.0
-4,5.0,-3.0,5.0,-13.0,6.0,2.0,7.0,4.0,7.0,-1.0,2.0,3.0,13.0,-6.0,2.0,2.0
-4,5.0,-2.0,4.0,-12.0,7.0,3.0,6.0,6.0,7.0,-1.0,2.0,5.0,12.0,-5.0,2.0,2.0
-4,6.0,-1.0,3.0,-10.0,7.0,3.0,5.0,6.0,8.0,-2.0,3.0,6.0,11.0,-4.0,2.0,2.0
-4,7.0,-1.0,2.0,-9.0,7.0,4.0,4.0,6.0,8.0,-2.0,4.0,6.0,11.0,-3.0,2.0,2.0
-4,8.0,-1.0,2.0,-8.0,7.0,4.0,3.0,5.0,9.0,-2.0,5.0,5.0,10.0,-2.0,3.0,2.0
-4,10.0,-2.0,2.0,-7.0,7.0,4.0,2.0,3.0,8.0,-2.0,5.0,3.0,10.0,-2.0,4.0,2.0
-4,11.0,-3.0,2.0,-7.0,7.0,3.0,2.0,2.0,7.0,-1.0,5.0,1.0,10.0,-2.0,4.0,2.0
-3,12.0,-4.0,2.0,-6.0,7.0,3.0,3.0,3.0,5.0,-1.0,5.0,-1.0,10.0,-3.0,5.0,2.0
1,3.0,-3.0,1.0,7.0,-2.0,-2.0,0.0,-4.0,12.0,0.0,4.0,2.0,5.0,4.0,2.0,2.0
-8,4.0,-9.0,2.0,-1.0,-10.0,-2.0,2.0,-2.0,9.0,-2.0,-3.0,8.0,5.0,-5.0,-6.0,2.0
-8,3.0,-9.0,4.0,1.0,-10.0,-1.0,1.0,-1.0,7.0,-2.0,0.0,8.0,5.0,-3.0,-6.0,2.0
-8,2.0,-9.0,6.0,2.0,-10.0,-1.0,0.0,0.0,4.0,-2.0,3.0,9.0,4.0,-2.0,-5.0,2.0
-2,3.0,1.0,1.0,-7.0,4.0,4.0,3.0,5.0,-3.0,-1.0,-2.0,1.0,-4.0,-3.0,6.0,2.0
-2,4.0,0.0,-1.0,-7.0,4.0,3.0,3.0,9.0,-3.0,0.0,-3.0,1.0,-1.0,-3.0,6.0,2.0
-1,5.0,-1.0,-3.0,-7.0,4.0,2.0,2.0,11.0,-3.0,1.0,-4.0,1.0,2.0,-4.0,5.0,2.0
0,5.0,-2.0,-5.0,-8.0,4.0,1.0,1.0,10.0,0.0,1.0,-5.0,0.0,4.0,-3.0,6.0,2.0
1,3.0,-2.0,-6.0,-8.0,3.0,1.0,1.0,6.0,5.0,1.0,-5.0,-2.0,6.0,-3.0,6.0,2.0
1,1.0,-2.0,-6.0,-10.0,2.0,0.0,1.0,2.0,9.0,1.0,-4.0,-3.0,8.0,-2.0,6.0,2.0
0,-1.0,-2.0,-6.0,-11.0,1.0,0.0,1.0,-2.0,12.0,1.0,-2.0,-4.0,8.0,0.0,5.0,2.0
-1,-2.0,-3.0,-5.0,-12.0,1.0,-1.0,2.0,-3.0,11.0,1.0,0.0,-4.0,7.0,3.0,4.0,2.0
-2,-3.0,-3.0,-3.0,-13.0,0.0,-1.0,3.0,-1.0,8.0,1.0,3.0,-2.0,5.0,6.0,4.0,2.0
-2,-1.0,6.0,2.0,-10.0,7.0,7.0,1.0,2.0,-10.0,-5.0,1.0,-10.0,-8.0,-3.0,9.0,2.0
-1,-2.0,6.0,0.0,-11.0,8.0,5.0,1.0,0.0,-7.0,-4.0,-3.0,-11.0,-7.0,-5.0,10.0,2.0
0,-3.0,7.0,-2.0,-13.0,8.0,4.0,2.0,-3.0,-2.0,-3.0,-6.0,-12.0,-6.0,-7.0,10.0,2.0
1,-3.0,7.0,-5.0,-14.0,9.0,2.0,3.0,-5.0,3.0,-2.0,-10.0,-13.0,-3.0,-7.0,9.0,2.0
1,-2.0,7.0,-9.0,-15.0,9.0,-1.0,3.0,-5.0,7.0,-1.0,-13.0,-12.0,0.0,-8.0,8.0,2.0
4,1.0,-3.0,-12.0,-13.0,6.0,-9.0,6.0,-4.0,7.0,-1.0,-4.0,-11.0,4.0,-1.0,8.0,2.0
1,0.0,-4.0,-1.0,-6.0,6.0,-6.0,1.0,-3.0,4.0,-3.0,6.0,-6.0,-2.0,5.0,7.0,2.0
1,1.0,-3.0,-1.0,-5.0,7.0,-4.0,0.0,-2.0,3.0,-3.0,4.0,-5.0,-3.0,5.0,7.0,2.0
2,1.0,-1.0,-1.0,-5.0,8.0,-3.0,0.0,0.0,2.0,-2.0,2.0,-4.0,-3.0,3.0,7.0,2.0
1,2.0,1.0,-1.0,-5.0,8.0,-1.0,0.0,1.0,2.0,-2.0,1.0,-4.0,-3.0,2.0,7.0,2.0
2,2.0,2.0,0.0,-5.0,9.0,1.0,0.0,2.0,1.0,-2.0,0.0,-4.0,-2.0,2.0,6.0,2.0
2,3.0,3.0,1.0,-5.0,10.0,3.0,0.0,2.0,1.0,-2.0,0.0,-5.0,-2.0,3.0,5.0,2.0
2,3.0,3.0,1.0,-6.0,11.0,4.0,0.0,1.0,1.0,-1.0,0.0,-6.0,-2.0,5.0,5.0,2.0
2,3.0,3.0,2.0,-6.0,11.0,5.0,0.0,0.0,1.0,-1.0,0.0,-7.0,-2.0,5.0,4.0,2.0
2,2.0,3.0,3.0,-7.0,10.0,6.0,0.0,0.0,1.0,-1.0,0.0,-8.0,-2.0,5.0,4.0,2.0
1,1.0,3.0,3.0,-8.0,8.0,7.0,0.0,1.0,1.0,-2.0,-1.0,-7.0,-2.0,3.0,5.0,2.0
-3,-2.0,0.0,1.0,-9.0,2.0,3.0,-1.0,-1.0,5.0,-3.0,-3.0,-4.0,3.0,-5.0,5.0,2.0
-2,-3.0,0.0,-1.0,-7.0,1.0,1.0,-1.0,-1.0,6.0,-2.0,-3.0,-3.0,3.0,-4.0,4.0,2.0
-2,-4.0,0.0,-1.0,-6.0,0.0,0.0,-1.0,0.0,4.0,-1.0,-1.0,-3.0,3.0,-2.0,4.0,2.0
-3,-5.0,0.0,0.0,-4.0,-2.0,-1.0,-2.0,2.0,-1.0,-1.0,1.0,-3.0,2.0,0.0,3.0,2.0
-4,-6.0,0.0,1.0,-3.0,-4.0,-1.0,-2.0,4.0,-6.0,-1.0,4.0,-5.0,1.0,2.0,2.0,2.0
-8,-5.0,-2.0,-6.0,-12.0,-6.0,-2.0,0.0,1.0,-10.0,-3.0,-5.0,-3.0,-6.0,0.0,-8.0,2.0
-8,-5.0,-4.0,-8.0,-13.0,-7.0,-4.0,-2.0,4.0,-14.0,-3.0,-4.0,-4.0,-6.0,-1.0,-7.0,2.0
-8,-6.0,-6.0,-9.0,-13.0,-7.0,-5.0,-3.0,6.0,-18.0,-4.0,-3.0,-5.0,-6.0,-2.0,-6.0,2.0
-7,-5.0,-8.0,-10.0,-13.0,-6.0,-7.0,-5.0,4.0,-18.0,-5.0,-2.0,-6.0,-6.0,-4.0,-5.0,2.0
-7,-5.0,-9.0,-11.0,-13.0,-5.0,-7.0,-6.0,0.0,-15.0,-6.0,-1.0,-8.0,-5.0,-3.0,-5.0,2.0
-4,-3.0,-8.0,-10.0,-11.0,1.0,-5.0,-10.0,-10.0,-5.0,-4.0,-1.0,-16.0,-2.0,1.0,-3.0,2.0
-4,-3.0,-7.0,-8.0,-10.0,1.0,-3.0,-9.0,-8.0,-4.0,-2.0,-1.0,-14.0,0.0,1.0,-1.0,2.0
-4,-2.0,-6.0,-5.0,-9.0,2.0,-1.0,-8.0,-6.0,-3.0,-1.0,-1.0,-13.0,2.0,2.0,-1.0,2.0
-4,-1.0,-4.0,0.0,-7.0,3.0,2.0,-6.0,-5.0,-2.0,1.0,0.0,-12.0,4.0,4.0,-1.0,2.0
-5,1.0,-8.0,-1.0,-13.0,4.0,3.0,-6.0,-8.0,-4.0,-1.0,-1.0,-4.0,-8.0,3.0,-5.0,2.0
-4,1.0,-8.0,-2.0,-14.0,5.0,2.0,-6.0,-8.0,-3.0,-2.0,-2.0,-4.0,-7.0,3.0,-5.0,2.0
-3,2.0,-8.0,-4.0,-13.0,5.0,2.0,-6.0,-7.0,-2.0,-2.0,-4.0,-6.0,-5.0,1.0,-4.0,2.0
-2,3.0,-7.0,-5.0,-12.0,5.0,1.0,-6.0,-6.0,-3.0,-1.0,-6.0,-9.0,-2.0,-2.0,-4.0,2.0
-1,4.0,-7.0,-6.0,-11.0,6.0,1.0,-6.0,-5.0,-3.0,-1.0,-8.0,-11.0,2.0,-5.0,-3.0,2.0
0,5.0,-6.0,-7.0,-10.0,6.0,1.0,-5.0,-5.0,-3.0,0.0,-10.0,-13.0,3.0,-6.0,-2.0,2.0
1,4.0,-1.0,-1.0,-7.0,7.0,2.0,0.0,-3.0,2.0,4.0,-8.0,-9.0,4.0,1.0,0.0,2.0
1,3.0,-1.0,2.0,-5.0,7.0,3.0,1.0,-3.0,2.0,4.0,-5.0,-8.0,4.0,2.0,2.0,2.0
1,2.0,-1.0,5.0,-4.0,6.0,4.0,1.0,-4.0,3.0,4.0,-2.0,-7.0,4.0,1.0,3.0,2.0
0,6.0,-3.0,0.0,0.0,2.0,1.0,1.0,-4.0,-1.0,-1.0,3.0,-2.0,3.0,-2.0,-3.0,2.0
2,4.0,-2.0,-7.0,-8.0,1.0,5.0,-1.0,3.0,-1.0,4.0,-5.0,-5.0,6.0,4.0,-2.0,2.0
2,5.0,-2.0,-7.0,-8.0,2.0,5.0,1.0,4.0,0.0,4.0,-4.0,-6.0,7.0,6.0,-2.0,2.0
2,6.0,-1.0,-7.0,-8.0,2.0,5.0,1.0,4.0,1.0,4.0,-2.0,-7.0,8.0,8.0,-2.0,2.0
1,-4.0,2.0,-5.0,-9.0,3.0,1.0,-2.0,4.0,-1.0,-3.0,-6.0,3.0,3.0,-7.0,-6.0,2.0
1,-4.0,2.0,-3.0,-8.0,3.0,1.0,0.0,3.0,-1.0,-1.0,-2.0,5.0,3.0,-4.0,-5.0,2.0
0,-3.0,2.0,-1.0,-8.0,3.0,1.0,2.0,2.0,-2.0,2.0,2.0,5.0,3.0,-1.0,-3.0,2.0
1,5.0,-1.0,-3.0,7.0,-1.0,-4.0,0.0,2.0,-8.0,-2.0,6.0,-4.0,3.0,-4.0,3.0,2.0
1,7.0,0.0,-5.0,8.0,-1.0,-3.0,-1.0,3.0,-9.0,-3.0,4.0,-4.0,3.0,-6.0,2.0,2.0
1,8.0,1.0,-5.0,9.0,-1.0,-2.0,-1.0,5.0,-9.0,-3.0,3.0,-3.0,3.0,-6.0,2.0,2.0
0,9.0,2.0,-4.0,9.0,-1.0,-1.0,-1.0,6.0,-7.0,-3.0,2.0,-2.0,4.0,-6.0,1.0,2.0
4,-3.0,6.0,6.0,-4.0,8.0,4.0,5.0,1.0,0.0,4.0,2.0,-4.0,5.0,1.0,5.0,2.0
5,-3.0,6.0,2.0,-3.0,8.0,2.0,4.0,2.0,-1.0,2.0,2.0,-4.0,3.0,0.0,5.0,2.0
6,-2.0,6.0,-2.0,-3.0,8.0,1.0,3.0,2.0,0.0,1.0,1.0,-3.0,2.0,0.0,5.0,2.0
4,-10.0,-6.0,-1.0,0.0,-2.0,-10.0,1.0,2.0,6.0,3.0,-9.0,-6.0,9.0,0.0,-2.0,2.0
3,-10.0,-5.0,1.0,0.0,-3.0,-9.0,1.0,-1.0,8.0,3.0,-8.0,-7.0,10.0,2.0,-2.0,2.0
3,-9.0,-5.0,2.0,0.0,-4.0,-7.0,2.0,-1.0,8.0,3.0,-6.0,-7.0,9.0,4.0,-2.0,2.0
2,-9.0,-3.0,4.0,-1.0,-4.0,-5.0,3.0,1.0,7.0,3.0,-4.0,-6.0,9.0,4.0,-1.0,2.0
2,-9.0,-2.0,5.0,-1.0,-4.0,-3.0,4.0,4.0,3.0,2.0,-1.0,-5.0,8.0,4.0,1.0,2.0
2,-8.0,1.0,7.0,0.0,-3.0,0.0,5.0,4.0,0.0,3.0,1.0,-6.0,8.0,3.0,2.0,2.0
1,2.0,2.0,4.0,-6.0,6.0,3.0,6.0,2.0,2.0,-4.0,0.0,1.0,0.0,1.0,-1.0,2.0
2,3.0,1.0,3.0,-6.0,7.0,2.0,7.0,4.0,1.0,-3.0,-2.0,2.0,1.0,0.0,-2.0,2.0
-3,-10.0,-5.0,6.0,-5.0,-4.0,-1.0,-1.0,7.0,-7.0,-2.0,-3.0,3.0,-3.0,-1.0,-4.0,2.0
-3,-11.0,-5.0,4.0,-7.0,-5.0,-3.0,-2.0,6.0,-8.0,-3.0,-3.0,2.0,-4.0,-2.0,-4.0,2.0
-4,-11.0,-6.0,2.0,-7.0,-5.0,-5.0,-3.0,3.0,-9.0,-3.0,-3.0,0.0,-4.0,-5.0,-3.0,2.0
-2,-5.0,-4.0,-5.0,-6.0,1.0,-6.0,-5.0,0.0,-11.0,-5.0,1.0,-2.0,-8.0,-3.0,-2.0,2.0
-3,-4.0,-3.0,-6.0,-6.0,2.0,-6.0,-5.0,0.0,-9.0,-5.0,1.0,-1.0,-8.0,-2.0,-3.0,2.0
-3,-2.0,-2.0,-7.0,-6.0,3.0,-6.0,-5.0,-1.0,-7.0,-5.0,3.0,1.0,-8.0,-1.0,-2.0,2.0
-2,-1.0,0.0,-7.0,-5.0,4.0,-5.0,-4.0,0.0,-5.0,-4.0,4.0,3.0,-8.0,-1.0,0.0,2.0
0,2.0,3.0,-6.0,-2.0,7.0,-5.0,-1.0,4.0,-7.0,-1.0,7.0,6.0,-6.0,1.0,3.0,2.0
1,4.0,5.0,-5.0,-1.0,8.0,-4.0,2.0,6.0,-8.0,1.0,8.0,7.0,-4.0,1.0,3.0,2.0
2,5.0,5.0,-4.0,0.0,9.0,-5.0,4.0,6.0,-7.0,3.0,9.0,7.0,-3.0,3.0,3.0,2.0
-3,-7.0,0.0,-1.0,-3.0,-6.0,-7.0,5.0,3.0,-1.0,3.0,2.0,2.0,7.0,-4.0,2.0,2.0
-3,-7.0,0.0,-2.0,-2.0,-6.0,-7.0,3.0,3.0,0.0,2.0,-1.0,3.0,7.0,-7.0,2.0,2.0
2,5.0,3.0,5.0,-3.0,12.0,-1.0,6.0,3.0,-2.0,3.0,12.0,5.0,4.0,2.0,5.0,2.0
2,5.0,5.0,7.0,-4.0,14.0,2.0,7.0,5.0,-2.0,5.0,11.0,6.0,4.0,5.0,4.0,2.0
2,6.0,7.0,8.0,-5.0,16.0,4.0,7.0,9.0,-4.0,7.0,9.0,7.0,5.0,7.0,3.0,2.0
2,6.0,8.0,9.0,-5.0,17.0,7.0,6.0,11.0,-5.0,8.0,8.0,7.0,6.0,8.0,2.0,2.0
2,6.0,9.0,9.0,-5.0,17.0,8.0,5.0,9.0,-3.0,9.0,6.0,6.0,7.0,6.0,2.0,2.0
2,5.0,9.0,8.0,-5.0,16.0,10.0,4.0,4.0,2.0,9.0,4.0,4.0,9.0,3.0,2.0,2.0
1,5.0,8.0,7.0,-6.0,14.0,10.0,3.0,-1.0,6.0,7.0,3.0,3.0,10.0,-1.0,3.0,2.0
1,4.0,7.0,6.0,-7.0,13.0,10.0,1.0,-3.0,9.0,5.0,2.0,2.0,11.0,-4.0,4.0,2.0
0,3.0,5.0,4.0,-8.0,11.0,9.0,-1.0,-2.0,9.0,3.0,1.0,2.0,11.0,-7.0,3.0,2.0
-1,2.0,3.0,2.0,-9.0,10.0,8.0,-3.0,1.0,7.0,0.0,-1.0,4.0,10.0,-8.0,3.0,2.0
-1,1.0,1.0,-1.0,-10.0,9.0,6.0,-5.0,5.0,3.0,-2.0,-2.0,5.0,8.0,-9.0,1.0,2.0
-2,1.0,-2.0,-4.0,-11.0,8.0,3.0,-6.0,7.0,0.0,-3.0,-3.0,7.0,5.0,-10.0,0.0,2.0
-2,2.0,-3.0,-7.0,-11.0,8.0,-1.0,-7.0,8.0,-2.0,-4.0,-5.0,7.0,2.0,-10.0,-1.0,2.0
-3,4.0,-5.0,-10.0,-11.0,8.0,-4.0,-7.0,9.0,-6.0,-5.0,-6.0,5.0,0.0,-11.0,-2.0,2.0
3,7.0,0.0,-4.0,1.0,5.0,0.0,0.0,10.0,-10.0,4.0,-1.0,5.0,2.0,0.0,-4.0,2.0
2,4.0,-1.0,0.0,1.0,3.0,2.0,-1.0,12.0,-13.0,3.0,4.0,7.0,1.0,2.0,-4.0,2.0
1,2.0,-3.0,5.0,2.0,0.0,4.0,-2.0,11.0,-12.0,1.0,7.0,8.0,0.0,2.0,-4.0,2.0
3,1.0,-6.0,-3.0,7.0,-8.0,-1.0,-4.0,1.0,-2.0,1.0,-5.0,4.0,1.0,-4.0,-5.0,2.0
2,-1.0,-6.0,-1.0,6.0,-10.0,0.0,-3.0,-1.0,-3.0,1.0,-3.0,5.0,-2.0,-3.0,-6.0,2.0
1,-2.0,-6.0,2.0,6.0,-11.0,1.0,-1.0,-1.0,-4.0,0.0,-2.0,4.0,-3.0,-2.0,-6.0,2.0
0,-3.0,-5.0,4.0,6.0,-13.0,1.0,2.0,-1.0,-7.0,0.0,-2.0,3.0,-4.0,-2.0,-6.0,2.0
-1,-5.0,-3.0,6.0,7.0,-15.0,1.0,4.0,1.0,-8.0,0.0,-3.0,2.0,-4.0,-1.0,-6.0,2.0
-2,-7.0,2.0,7.0,8.0,-17.0,1.0,8.0,2.0,-5.0,1.0,-5.0,2.0,-2.0,-2.0,-5.0,2.0
-3,-8.0,4.0,6.0,8.0,-18.0,1.0,8.0,2.0,-2.0,2.0,-7.0,2.0,0.0,-2.0,-5.0,2.0
-2,-8.0,5.0,5.0,10.0,-18.0,0.0,8.0,0.0,2.0,4.0,-7.0,2.0,2.0,-2.0,-4.0,2.0
-2,-8.0,5.0,3.0,12.0,-18.0,-2.0,7.0,-2.0,4.0,4.0,-8.0,1.0,3.0,-2.0,-4.0,2.0
-1,-7.0,4.0,2.0,13.0,-18.0,-3.0,5.0,-4.0,4.0,5.0,-7.0,-1.0,4.0,-1.0,-4.0,2.0
0,-7.0,3.0,0.0,14.0,-17.0,-4.0,3.0,-4.0,2.0,5.0,-6.0,-3.0,3.0,0.0,-4.0,2.0
-1,-6.0,2.0,-1.0,14.0,-17.0,-5.0,2.0,-2.0,-3.0,4.0,-6.0,-5.0,2.0,2.0,-5.0,2.0
-1,-6.0,1.0,-2.0,14.0,-17.0,-6.0,1.0,0.0,-7.0,3.0,-4.0,-5.0,0.0,4.0,-6.0,2.0
-2,-6.0,1.0,-3.0,14.0,-17.0,-6.0,-1.0,1.0,-9.0,2.0,-3.0,-5.0,-2.0,4.0,-6.0,2.0
-2,-5.0,0.0,-4.0,14.0,-17.0,-6.0,-2.0,1.0,-8.0,2.0,-2.0,-3.0,-3.0,3.0,-5.0,2.0
-2,-5.0,0.0,-3.0,15.0,-17.0,-4.0,-4.0,0.0,-6.0,1.0,-1.0,-2.0,-3.0,1.0,-3.0,2.0
-1,-4.0,-1.0,-3.0,17.0,-16.0,-2.0,-7.0,-1.0,-5.0,1.0,0.0,-1.0,-3.0,0.0,-1.0,2.0
1,-4.0,-2.0,-2.0,19.0,-14.0,0.0,-11.0,-2.0,-4.0,0.0,1.0,-1.0,-3.0,-1.0,0.0,2.0
-1,-6.0,-5.0,3.0,4.0,-8.0,2.0,-6.0,5.0,-6.0,-4.0,3.0,6.0,-2.0,-3.0,-4.0,2.0
0,-8.0,-5.0,3.0,2.0,-10.0,1.0,-3.0,4.0,-5.0,-3.0,1.0,5.0,-2.0,-1.0,-5.0,2.0
1,-10.0,-4.0,3.0,1.0,-11.0,0.0,1.0,4.0,-4.0,-3.0,-1.0,5.0,-3.0,1.0,-5.0,2.0
2,-11.0,-4.0,3.0,0.0,-12.0,-1.0,4.0,5.0,-3.0,-2.0,-2.0,4.0,-4.0,1.0,-3.0,2.0
-6,3.0,5.0,3.0,5.0,3.0,1.0,-3.0,10.0,-6.0,1.0,8.0,7.0,6.0,0.0,1.0,2.0
-6,1.0,3.0,3.0,4.0,0.0,0.0,-3.0,13.0,-10.0,-1.0,9.0,8.0,3.0,0.0,2.0,2.0
-6,-2.0,1.0,3.0,4.0,-3.0,-1.0,-4.0,13.0,-13.0,-2.0,11.0,8.0,-1.0,1.0,2.0,2.0
-3,9.0,2.0,3.0,-7.0,5.0,5.0,8.0,3.0,4.0,0.0,5.0,5.0,7.0,4.0,-4.0,2.0
-1,11.0,4.0,-1.0,-6.0,7.0,4.0,7.0,5.0,7.0,0.0,2.0,6.0,10.0,2.0,-4.0,2.0
2,12.0,5.0,-4.0,-5.0,9.0,4.0,7.0,5.0,10.0,-1.0,-2.0,7.0,11.0,0.0,-4.0,2.0
2,12.0,-1.0,-4.0,6.0,2.0,1.0,-1.0,-6.0,8.0,-5.0,5.0,2.0,3.0,-4.0,1.0,2.0
2,15.0,0.0,-4.0,7.0,5.0,2.0,1.0,-5.0,10.0,-3.0,4.0,3.0,4.0,-1.0,1.0,2.0
0,11.0,6.0,4.0,18.0,1.0,5.0,-2.0,-3.0,13.0,10.0,-3.0,4.0,9.0,2.0,3.0,2.0
-1,10.0,5.0,9.0,18.0,0.0,7.0,-1.0,-4.0,14.0,11.0,-1.0,3.0,10.0,5.0,2.0,2.0
-1,8.0,5.0,13.0,18.0,-2.0,10.0,-1.0,-3.0,13.0,12.0,1.0,3.0,10.0,8.0,2.0,2.0
-1,6.0,4.0,16.0,18.0,-4.0,11.0,-1.0,-1.0,11.0,12.0,2.0,3.0,10.0,9.0,2.0,2.0
-3,3.0,4.0,6.0,6.0,-4.0,0.0,8.0,5.0,-3.0,4.0,0.0,11.0,-4.0,-2.0,0.0,2.0
-3,1.0,4.0,9.0,5.0,-5.0,2.0,8.0,5.0,-4.0,4.0,4.0,11.0,-3.0,1.0,1.0,2.0
3,-4.0,-3.0,-10.0,-1.0,-3.0,-9.0,0.0,3.0,-12.0,-7.0,-9.0,-7.0,-6.0,-10.0,-2.0,2.0
3,-3.0,-3.0,-11.0,-2.0,-2.0,-9.0,-2.0,5.0,-16.0,-8.0,-8.0,-8.0,-7.0,-10.0,-4.0,2.0
3,-3.0,-3.0,-11.0,-2.0,-1.0,-8.0,-3.0,6.0,-18.0,-9.0,-7.0,-6.0,-8.0,-9.0,-4.0,2.0
3,-2.0,-3.0,-11.0,-2.0,0.0,-7.0,-4.0,7.0,-18.0,-10.0,-6.0,-3.0,-10.0,-8.0,-4.0,2.0
2,-1.0,-2.0,-10.0,-2.0,0.0,-6.0,-4.0,7.0,-16.0,-9.0,-3.0,-1.0,-10.0,-7.0,-4.0,2.0
1,1.0,-2.0,-8.0,-1.0,1.0,-5.0,-3.0,6.0,-13.0,-8.0,-1.0,2.0,-9.0,-6.0,-3.0,2.0
1,2.0,-2.0,-5.0,-1.0,1.0,-4.0,-1.0,4.0,-10.0,-7.0,1.0,3.0,-7.0,-5.0,-3.0,2.0
0,3.0,-1.0,-3.0,-2.0,2.0,-3.0,2.0,2.0,-8.0,-4.0,3.0,3.0,-5.0,-3.0,-3.0,2.0
0,5.0,-1.0,-2.0,-2.0,4.0,-3.0,4.0,1.0,-5.0,-2.0,4.0,3.0,-3.0,0.0,-3.0,2.0
0,6.0,1.0,0.0,-3.0,5.0,-2.0,6.0,-1.0,-2.0,0.0,4.0,3.0,-1.0,3.0,-3.0,2.0
-2,5.0,0.0,5.0,-5.0,7.0,4.0,3.0,1.0,-5.0,-2.0,1.0,-3.0,-5.0,3.0,-1.0,2.0
4,-2.0,-2.0,4.0,1.0,2.0,3.0,-1.0,-11.0,8.0,1.0,6.0,-5.0,6.0,2.0,2.0,2.0
5,-2.0,-2.0,4.0,3.0,1.0,2.0,-1.0,-14.0,9.0,2.0,8.0,-7.0,7.0,2.0,4.0,2.0
1,4.0,-2.0,2.0,3.0,4.0,-2.0,1.0,5.0,-8.0,2.0,3.0,1.0,-2.0,1.0,0.0,2.0
1,5.0,-1.0,2.0,1.0,5.0,-2.0,2.0,4.0,-8.0,2.0,1.0,1.0,-3.0,1.0,0.0,2.0
0,6.0,-1.0,3.0,0.0,5.0,0.0,3.0,2.0,-7.0,2.0,0.0,-1.0,-3.0,1.0,0.0,2.0
-1,5.0,-1.0,4.0,-2.0,5.0,1.0,3.0,-1.0,-5.0,2.0,-1.0,-2.0,-3.0,0.0,-1.0,2.0
-1,4.0,-2.0,4.0,-2.0,4.0,1.0,2.0,-3.0,-4.0,1.0,0.0,-2.0,-2.0,-1.0,-1.0,2.0
-2,2.0,-2.0,3.0,-2.0,4.0,-1.0,1.0,-4.0,-3.0,1.0,2.0,-1.0,-1.0,-2.0,1.0,2.0
-3,3.0,-2.0,-2.0,-3.0,4.0,-5.0,-1.0,-2.0,-3.0,0.0,2.0,2.0,-8.0,3.0,1.0,2.0
-3,5.0,-2.0,-5.0,-3.0,4.0,-5.0,-2.0,-1.0,-4.0,0.0,-2.0,2.0,-10.0,3.0,-2.0,2.0
-2,6.0,-2.0,-7.0,-3.0,5.0,-4.0,-3.0,0.0,-4.0,0.0,-5.0,3.0,-10.0,2.0,-3.0,2.0
-4,8.0,-2.0,1.0,-3.0,3.0,1.0,2.0,5.0,4.0,-1.0,1.0,5.0,7.0,-3.0,0.0,2.0
-4,6.0,-3.0,1.0,-4.0,1.0,1.0,2.0,8.0,2.0,-2.0,1.0,5.0,6.0,-4.0,1.0,2.0
-4,4.0,-4.0,-1.0,-6.0,-2.0,0.0,2.0,9.0,-1.0,-3.0,1.0,5.0,5.0,-4.0,1.0,2.0
-5,2.0,-5.0,-2.0,-6.0,-4.0,-1.0,1.0,8.0,-3.0,-3.0,1.0,4.0,2.0,-4.0,1.0,2.0
-5,1.0,-5.0,-1.0,-6.0,-4.0,-2.0,1.0,6.0,-2.0,-4.0,1.0,4.0,0.0,-4.0,2.0,2.0
-6,5.0,-3.0,8.0,3.0,-3.0,0.0,4.0,-1.0,6.0,-2.0,8.0,9.0,-7.0,3.0,6.0,2.0
-3,9.0,0.0,9.0,11.0,-2.0,3.0,3.0,-7.0,-1.0,1.0,8.0,3.0,-7.0,5.0,2.0,2.0
-1,8.0,1.0,8.0,12.0,-2.0,3.0,2.0,-5.0,-1.0,2.0,7.0,4.0,-3.0,1.0,1.0,2.0
2,6.0,1.0,8.0,13.0,-2.0,3.0,2.0,-1.0,0.0,2.0,6.0,8.0,2.0,-2.0,1.0,2.0
-3,2.0,-2.0,0.0,4.0,-7.0,-1.0,2.0,2.0,6.0,-2.0,3.0,15.0,2.0,-7.0,0.0,2.0
-5,3.0,-2.0,-2.0,2.0,-8.0,-2.0,1.0,2.0,3.0,-3.0,1.0,13.0,-1.0,-8.0,-2.0,2.0
-6,4.0,-2.0,-3.0,2.0,-8.0,-1.0,-1.0,3.0,-1.0,-3.0,-1.0,12.0,-3.0,-8.0,-3.0,2.0
-6,5.0,-1.0,-3.0,3.0,-8.0,1.0,-1.0,5.0,-4.0,-2.0,-2.0,12.0,-5.0,-6.0,-4.0,2.0
-6,6.0,1.0,-1.0,4.0,-7.0,4.0,-1.0,5.0,-4.0,-1.0,-2.0,12.0,-5.0,-4.0,-5.0,2.0
-5,5.0,1.0,3.0,4.0,-7.0,7.0,1.0,1.0,-2.0,1.0,-1.0,10.0,-4.0,-2.0,-5.0,2.0
13,11.0,4.0,4.0,24.0,0.0,9.0,1.0,29.0,12.0,3.0,4.0,32.0,13.0,3.0,1.0,2.0
19,11.0,5.0,5.0,28.0,0.0,9.0,2.0,37.0,15.0,4.0,8.0,40.0,14.0,7.0,2.0,2.0
24,10.0,4.0,5.0,34.0,-1.0,8.0,2.0,47.0,17.0,6.0,11.0,51.0,16.0,10.0,4.0,2.0
30,9.0,3.0,3.0,39.0,-1.0,5.0,1.0,57.0,19.0,6.0,14.0,62.0,18.0,11.0,5.0,2.0
51,19.0,3.0,-2.0,32.0,31.0,12.0,-4.0,90.0,2.0,3.0,3.0,103.0,-7.0,-2.0,3.0,2.0
44,16.0,3.0,-5.0,23.0,29.0,11.0,-5.0,78.0,-3.0,3.0,4.0,89.0,-10.0,-1.0,4.0,2.0
36,14.0,2.0,-7.0,14.0,27.0,9.0,-5.0,64.0,-7.0,3.0,3.0,74.0,-13.0,-1.0,4.0,2.0
27,13.0,2.0,-9.0,7.0,24.0,8.0,-5.0,49.0,-7.0,3.0,1.0,61.0,-16.0,-1.0,3.0,2.0
20,14.0,2.0,-8.0,1.0,23.0,7.0,-4.0,36.0,-7.0,4.0,-1.0,52.0,-18.0,-1.0,1.0,2.0
13,15.0,2.0,-6.0,-3.0,22.0,6.0,-2.0,27.0,-6.0,5.0,-2.0,47.0,-20.0,-1.0,0.0,2.0
8,16.0,2.0,-4.0,-6.0,21.0,6.0,1.0,22.0,-5.0,5.0,-2.0,44.0,-22.0,-1.0,0.0,2.0
4,16.0,1.0,-1.0,-9.0,20.0,7.0,2.0,19.0,-4.0,4.0,0.0,41.0,-24.0,0.0,1.0,2.0
2,15.0,1.0,-1.0,-11.0,19.0,7.0,1.0,16.0,-5.0,3.0,1.0,37.0,-25.0,1.0,2.0,2.0
-1,12.0,-1.0,-3.0,-14.0,18.0,5.0,-1.0,11.0,-6.0,0.0,-2.0,30.0,-27.0,1.0,0.0,2.0
-4,9.0,-2.0,-6.0,-19.0,17.0,3.0,-4.0,5.0,-8.0,-2.0,-6.0,22.0,-30.0,-1.0,-3.0,2.0
-9,7.0,-4.0,-9.0,-24.0,14.0,1.0,-5.0,-2.0,-9.0,-5.0,-10.0,15.0,-33.0,-2.0,-6.0,2.0
-14,6.0,-6.0,-11.0,-30.0,12.0,-1.0,-6.0,-8.0,-11.0,-6.0,-12.0,8.0,-34.0,-4.0,-7.0,2.0
-19,5.0,-7.0,-12.0,-36.0,10.0,-2.0,-6.0,-16.0,-12.0,-7.0,-12.0,1.0,-35.0,-6.0,-7.0,2.0
-22,5.0,-8.0,-14.0,-39.0,9.0,-2.0,-6.0,-24.0,-13.0,-8.0,-11.0,-8.0,-34.0,-8.0,-7.0,2.0
-25,5.0,-8.0,-15.0,-42.0,7.0,-1.0,-7.0,-33.0,-14.0,-7.0,-10.0,-17.0,-33.0,-9.0,-6.0,2.0
-27,4.0,-7.0,-14.0,-43.0,6.0,1.0,-7.0,-40.0,-15.0,-6.0,-8.0,-24.0,-31.0,-9.0,-5.0,2.0
-29,4.0,-5.0,-12.0,-44.0,5.0,3.0,-7.0,-44.0,-15.0,-6.0,-6.0,-29.0,-30.0,-9.0,-4.0,2.0
-31,2.0,-4.0,-10.0,-45.0,5.0,3.0,-6.0,-46.0,-14.0,-6.0,-5.0,-32.0,-30.0,-8.0,-2.0,2.0
-31,1.0,-4.0,-7.0,-46.0,5.0,3.0,-4.0,-47.0,-13.0,-7.0,-5.0,-32.0,-30.0,-9.0,-1.0,2.0
-32,0.0,-5.0,-5.0,-46.0,5.0,1.0,-1.0,-45.0,-15.0,-8.0,-6.0,-33.0,-32.0,-9.0,0.0,2.0
-32,-1.0,-7.0,-5.0,-46.0,4.0,-1.0,-1.0,-43.0,-19.0,-9.0,-7.0,-33.0,-35.0,-10.0,0.0,2.0
-33,-1.0,-9.0,-7.0,-47.0,2.0,-3.0,-1.0,-40.0,-23.0,-10.0,-9.0,-32.0,-39.0,-10.0,-1.0,2.0
-36,-1.0,-10.0,-8.0,-48.0,0.0,-4.0,-3.0,-38.0,-27.0,-10.0,-10.0,-32.0,-43.0,-9.0,-3.0,2.0
-39,3.0,2.0,-8.0,-49.0,7.0,5.0,-7.0,-38.0,-14.0,-3.0,-9.0,-33.0,-16.0,-11.0,-4.0,2.0
-36,2.0,0.0,-13.0,-47.0,8.0,2.0,-9.0,-42.0,-8.0,-3.0,-11.0,-36.0,-15.0,-10.0,-4.0,2.0
-33,2.0,-2.0,-15.0,-45.0,7.0,0.0,-10.0,-46.0,-4.0,-4.0,-14.0,-39.0,-15.0,-8.0,-5.0,2.0
-30,2.0,-2.0,-14.0,-43.0,6.0,0.0,-9.0,-45.0,-4.0,-4.0,-16.0,-41.0,-16.0,-7.0,-5.0,2.0
-28,2.0,-2.0,-13.0,-40.0,5.0,1.0,-8.0,-41.0,-5.0,-4.0,-17.0,-41.0,-16.0,-6.0,-5.0,2.0
-25,2.0,-2.0,-13.0,-37.0,5.0,2.0,-7.0,-36.0,-7.0,-4.0,-18.0,-39.0,-16.0,-5.0,-5.0,2.0
-23,2.0,-1.0,-13.0,-35.0,4.0,3.0,-7.0,-32.0,-8.0,-4.0,-19.0,-36.0,-15.0,-5.0,-6.0,2.0
-22,2.0,-1.0,-13.0,-34.0,3.0,3.0,-7.0,-29.0,-9.0,-4.0,-19.0,-34.0,-13.0,-5.0,-8.0,2.0
-23,-3.0,-4.0,-15.0,-36.0,1.0,-1.0,-9.0,-29.0,-5.0,-1.0,-10.0,-28.0,-7.0,-6.0,-3.0,2.0
-23,-3.0,-5.0,-14.0,-34.0,1.0,-3.0,-9.0,-30.0,-4.0,-1.0,-8.0,-29.0,-7.0,-6.0,-1.0,2.0
-23,-3.0,-5.0,-12.0,-32.0,1.0,-4.0,-7.0,-32.0,-6.0,-2.0,-6.0,-32.0,-9.0,-5.0,1.0,2.0
-24,-3.0,-4.0,-8.0,-31.0,0.0,-3.0,-5.0,-32.0,-9.0,-3.0,-5.0,-34.0,-13.0,-3.0,1.0,2.0
-26,-3.0,-4.0,-4.0,-32.0,-1.0,-2.0,-3.0,-32.0,-12.0,-4.0,-4.0,-35.0,-17.0,-2.0,1.0,2.0
-33,-2.0,-2.0,-13.0,-38.0,-1.0,-2.0,-9.0,-40.0,-14.0,-2.0,-5.0,-41.0,-17.0,-2.0,0.0,2.0
-31,1.0,-2.0,-12.0,-36.0,-1.0,-1.0,-7.0,-36.0,-14.0,0.0,-5.0,-40.0,-14.0,-1.0,0.0,2.0
-30,3.0,-3.0,-9.0,-34.0,0.0,-1.0,-3.0,-32.0,-13.0,0.0,-5.0,-38.0,-12.0,1.0,0.0,2.0
-28,4.0,-4.0,-6.0,-32.0,-1.0,-1.0,0.0,-30.0,-10.0,0.0,-6.0,-36.0,-11.0,2.0,-1.0,2.0
-27,4.0,-4.0,-4.0,-31.0,-2.0,0.0,2.0,-31.0,-8.0,-1.0,-6.0,-35.0,-10.0,1.0,-1.0,2.0
-26,4.0,-3.0,-4.0,-30.0,-2.0,2.0,2.0,-32.0,-5.0,-2.0,-6.0,-34.0,-9.0,0.0,-1.0,2.0
-26,4.0,-1.0,-4.0,-30.0,-2.0,3.0,1.0,-32.0,-3.0,-3.0,-7.0,-33.0,-9.0,-1.0,-2.0,2.0
-26,4.0,1.0,-5.0,-30.0,-1.0,4.0,0.0,-29.0,-2.0,-3.0,-8.0,-31.0,-10.0,0.0,-2.0,2.0
-23,4.0,3.0,-7.0,-26.0,-1.0,4.0,-1.0,-28.0,1.0,-3.0,-6.0,-30.0,-10.0,2.0,3.0,2.0
-22,4.0,2.0,-7.0,-24.0,-2.0,4.0,0.0,-30.0,2.0,-2.0,-4.0,-31.0,-10.0,3.0,4.0,2.0
-24,4.0,0.0,-7.0,-14.0,-1.0,-9.0,-4.0,-25.0,-12.0,-2.0,-1.0,-31.0,-14.0,4.0,0.0,2.0
-23,3.0,0.0,-8.0,-13.0,-1.0,-8.0,-5.0,-28.0,-9.0,-3.0,-1.0,-32.0,-12.0,2.0,1.0,2.0
-22,2.0,0.0,-7.0,-15.0,-3.0,-6.0,-4.0,-31.0,-7.0,-2.0,0.0,-34.0,-9.0,0.0,2.0,2.0
-21,0.0,-1.0,-6.0,-17.0,-5.0,-2.0,-3.0,-33.0,-7.0,-2.0,0.0,-35.0,-8.0,-1.0,3.0,2.0
-13,4.0,1.0,0.0,-9.0,-3.0,-1.0,4.0,-21.0,5.0,1.0,-8.0,-22.0,-2.0,5.0,-4.0,2.0
-11,4.0,0.0,-2.0,-8.0,-3.0,-2.0,4.0,-20.0,5.0,1.0,-9.0,-23.0,-2.0,5.0,-4.0,2.0
-11,3.0,0.0,-5.0,-9.0,-5.0,-3.0,3.0,-19.0,3.0,1.0,-9.0,-23.0,-2.0,3.0,-3.0,2.0
-18,-3.0,-4.0,-16.0,-20.0,-5.0,-5.0,-10.0,-21.0,-6.0,0.0,-9.0,-32.0,1.0,-1.0,-4.0,2.0
-23,-2.0,-3.0,-15.0,-24.0,-4.0,-4.0,-12.0,-27.0,-5.0,0.0,-8.0,-36.0,2.0,-3.0,-3.0,2.0
-24,-1.0,-2.0,-12.0,-25.0,-1.0,-2.0,-11.0,-30.0,-4.0,-1.0,-8.0,-39.0,2.0,-5.0,-1.0,2.0
-22,0.0,0.0,-5.0,-23.0,3.0,1.0,-7.0,-30.0,-4.0,-3.0,-7.0,-39.0,2.0,-6.0,0.0,2.0
-17,1.0,1.0,2.0,-20.0,5.0,5.0,-3.0,-26.0,-6.0,-4.0,-6.0,-38.0,0.0,-6.0,1.0,2.0
-12,1.0,1.0,-14.0,-11.0,-10.0,-3.0,0.0,-32.0,6.0,5.0,-9.0,-36.0,5.0,2.0,-2.0,2.0
-13,-1.0,-2.0,-13.0,-13.0,-11.0,-4.0,0.0,-32.0,6.0,4.0,-10.0,-38.0,6.0,1.0,-1.0,2.0
-16,-1.0,-3.0,-10.0,-14.0,-12.0,-4.0,1.0,-32.0,5.0,2.0,-10.0,-39.0,5.0,0.0,-1.0,2.0
-18,-1.0,-4.0,-6.0,-15.0,-11.0,-4.0,1.0,-31.0,3.0,-1.0,-11.0,-40.0,3.0,-2.0,-1.0,2.0
-8,-6.0,-6.0,-12.0,-12.0,-5.0,-5.0,-11.0,-37.0,7.0,-4.0,-3.0,-32.0,-10.0,4.0,1.0,2.0
-8,-6.0,-4.0,-10.0,-12.0,-4.0,-3.0,-9.0,-37.0,6.0,-5.0,-3.0,-31.0,-8.0,-2.0,2.0,2.0
-9,-6.0,-1.0,-6.0,-12.0,-3.0,1.0,-7.0,-36.0,5.0,-5.0,-4.0,-29.0,-7.0,-7.0,2.0,2.0
-11,-3.0,-1.0,-7.0,-7.0,-10.0,-5.0,0.0,-28.0,2.0,2.0,-3.0,-21.0,1.0,-5.0,-2.0,2.0
-9,-4.0,-3.0,-4.0,-6.0,-10.0,-6.0,3.0,-25.0,4.0,4.0,-6.0,-19.0,4.0,-6.0,-3.0,2.0
-10,-2.0,-11.0,0.0,-9.0,-12.0,-7.0,3.0,-24.0,-1.0,2.0,-5.0,-28.0,4.0,-2.0,-3.0,2.0
-15,2.0,-11.0,-2.0,-11.0,-10.0,-5.0,0.0,-7.0,-7.0,-4.0,-8.0,-16.0,-3.0,-3.0,-4.0,2.0
-15,3.0,-8.0,-5.0,-9.0,-9.0,-5.0,-2.0,-1.0,-6.0,-6.0,-9.0,-10.0,-6.0,-2.0,-5.0,2.0
-7,3.0,2.0,-7.0,0.0,-5.0,0.0,-5.0,-15.0,5.0,-3.0,-7.0,-9.0,-6.0,-1.0,-4.0,2.0
-5,2.0,4.0,-3.0,2.0,-4.0,3.0,-3.0,-22.0,7.0,0.0,-3.0,-12.0,-3.0,0.0,-2.0,2.0
-5,2.0,5.0,3.0,4.0,-3.0,5.0,-1.0,-26.0,8.0,2.0,2.0,-14.0,-2.0,2.0,0.0,2.0
2,4.0,-4.0,-2.0,5.0,-6.0,1.0,2.0,-8.0,1.0,-3.0,-4.0,-5.0,-4.0,-3.0,-2.0,2.0
4,2.0,-7.0,3.0,6.0,-7.0,0.0,3.0,-8.0,1.0,-5.0,-2.0,-6.0,-6.0,-2.0,0.0,2.0
-1,1.0,-11.0,-4.0,7.0,-8.0,-2.0,-11.0,8.0,-12.0,-5.0,-2.0,-5.0,-1.0,-5.0,-2.0,2.0
-1,-6.0,-11.0,-3.0,-2.0,-13.0,3.0,-8.0,6.0,2.0,-2.0,-13.0,0.0,2.0,-4.0,-4.0,2.0
-2,-9.0,-10.0,-1.0,-2.0,-14.0,5.0,-10.0,7.0,1.0,-1.0,-9.0,2.0,1.0,-1.0,-3.0,2.0
-1,-10.0,-8.0,0.0,0.0,-13.0,6.0,-12.0,9.0,-1.0,-2.0,-7.0,2.0,0.0,1.0,-3.0,2.0
3,2.0,5.0,11.0,20.0,-8.0,16.0,-8.0,7.0,1.0,4.0,17.0,8.0,4.0,9.0,6.0,2.0
0,1.0,4.0,8.0,19.0,-9.0,12.0,-8.0,6.0,-1.0,4.0,12.0,7.0,5.0,7.0,3.0,2.0
-1,-1.0,3.0,4.0,17.0,-11.0,7.0,-8.0,4.0,-1.0,4.0,7.0,6.0,6.0,4.0,-2.0,2.0
-2,-6.0,0.0,-1.0,14.0,-15.0,1.0,-8.0,4.0,-2.0,4.0,3.0,5.0,7.0,1.0,-5.0,2.0
-3,-11.0,-2.0,-3.0,12.0,-19.0,-4.0,-8.0,3.0,-4.0,3.0,2.0,4.0,7.0,-2.0,-6.0,2.0
-3,-16.0,-4.0,-4.0,10.0,-22.0,-6.0,-7.0,1.0,-4.0,2.0,1.0,2.0,7.0,-3.0,-6.0,2.0
-3,-19.0,-4.0,-2.0,8.0,-24.0,-6.0,-6.0,-1.0,-4.0,0.0,1.0,0.0,6.0,-4.0,-6.0,2.0
-2,-20.0,-4.0,0.0,8.0,-23.0,-5.0,-6.0,0.0,-5.0,0.0,1.0,-1.0,6.0,-4.0,-6.0,2.0
-1,-18.0,-2.0,2.0,9.0,-20.0,-3.0,-6.0,3.0,-5.0,0.0,1.0,2.0,6.0,-4.0,-6.0,2.0
0,-14.0,-1.0,5.0,11.0,-15.0,0.0,-6.0,6.0,-5.0,1.0,1.0,5.0,7.0,-4.0,-6.0,2.0
2,-10.0,0.0,5.0,14.0,-12.0,2.0,-7.0,7.0,-4.0,2.0,1.0,8.0,7.0,-3.0,-6.0,2.0
4,-7.0,1.0,5.0,17.0,-11.0,4.0,-8.0,7.0,-4.0,3.0,3.0,8.0,7.0,-2.0,-6.0,2.0
6,-7.0,1.0,5.0,20.0,-11.0,6.0,-9.0,6.0,-5.0,4.0,5.0,7.0,7.0,-1.0,-4.0,2.0
8,-7.0,1.0,7.0,21.0,-11.0,8.0,-8.0,4.0,-6.0,4.0,9.0,4.0,7.0,1.0,-2.0,2.0
9,-7.0,2.0,10.0,21.0,-9.0,9.0,-6.0,1.0,-6.0,4.0,14.0,1.0,8.0,2.0,2.0,2.0
9,-6.0,3.0,14.0,21.0,-7.0,9.0,-4.0,-1.0,-4.0,4.0,20.0,0.0,10.0,4.0,5.0,2.0
11,-3.0,7.0,21.0,29.0,-6.0,15.0,-2.0,8.0,1.0,6.0,29.0,15.0,12.0,7.0,10.0,2.0
13,-3.0,7.0,21.0,33.0,-8.0,16.0,-3.0,16.0,-1.0,6.0,27.0,22.0,10.0,7.0,8.0,2.0
17,-3.0,5.0,21.0,37.0,-11.0,16.0,-3.0,24.0,-3.0,4.0,23.0,28.0,9.0,5.0,6.0,2.0
21,-3.0,4.0,20.0,41.0,-11.0,16.0,-2.0,30.0,-3.0,2.0,20.0,33.0,8.0,4.0,4.0,2.0
28,-2.0,3.0,19.0,46.0,-10.0,14.0,-2.0,35.0,0.0,1.0,18.0,38.0,8.0,4.0,4.0,2.0
37,1.0,3.0,16.0,53.0,-6.0,13.0,-3.0,41.0,7.0,2.0,18.0,46.0,10.0,7.0,5.0,2.0
35,6.0,5.0,12.0,53.0,-4.0,11.0,-2.0,55.0,13.0,-3.0,5.0,52.0,18.0,2.0,-2.0,2.0
30,5.0,5.0,9.0,47.0,-5.0,10.0,-3.0,48.0,11.0,-2.0,5.0,46.0,18.0,2.0,-4.0,2.0
25,5.0,5.0,7.0,42.0,-5.0,9.0,-4.0,39.0,11.0,1.0,7.0,40.0,19.0,2.0,-3.0,2.0
22,6.0,5.0,6.0,38.0,-5.0,8.0,-3.0,33.0,10.0,2.0,9.0,34.0,20.0,3.0,-2.0,2.0
19,6.0,4.0,4.0,35.0,-5.0,6.0,-2.0,29.0,8.0,3.0,10.0,29.0,20.0,2.0,-1.0,2.0
17,7.0,4.0,3.0,31.0,-4.0,4.0,-2.0,26.0,7.0,2.0,8.0,25.0,18.0,2.0,-2.0,2.0
14,7.0,3.0,0.0,28.0,-4.0,2.0,-2.0,22.0,5.0,1.0,4.0,20.0,15.0,1.0,-4.0,2.0
3,0.0,1.0,-6.0,12.0,-7.0,-5.0,-2.0,5.0,1.0,2.0,-2.0,7.0,2.0,2.0,-5.0,2.0
5,-1.0,-1.0,-3.0,13.0,-7.0,-5.0,-1.0,5.0,1.0,3.0,-1.0,7.0,1.0,4.0,-5.0,2.0
7,-2.0,-2.0,-2.0,13.0,-7.0,-5.0,-1.0,3.0,1.0,2.0,-2.0,5.0,1.0,4.0,-5.0,2.0
8,-4.0,-5.0,-2.0,13.0,-8.0,-6.0,-2.0,2.0,1.0,1.0,-4.0,3.0,1.0,2.0,-5.0,2.0
8,-6.0,-6.0,-5.0,11.0,-9.0,-7.0,-4.0,3.0,2.0,-1.0,-6.0,3.0,0.0,0.0,-6.0,2.0
7,-7.0,-8.0,-8.0,9.0,-11.0,-8.0,-6.0,5.0,1.0,-3.0,-9.0,4.0,-2.0,-3.0,-6.0,2.0
2,-3.0,-2.0,-11.0,8.0,-12.0,-3.0,-7.0,5.0,8.0,-6.0,-9.0,13.0,-1.0,-7.0,-6.0,2.0
2,-2.0,1.0,-8.0,9.0,-10.0,-1.0,-5.0,4.0,11.0,-3.0,-7.0,14.0,2.0,-6.0,-5.0,2.0
3,-1.0,3.0,-3.0,10.0,-8.0,1.0,-2.0,6.0,10.0,-2.0,-5.0,15.0,4.0,-4.0,-4.0,2.0
3,-2.0,4.0,2.0,10.0,-6.0,2.0,1.0,11.0,7.0,-1.0,-4.0,17.0,3.0,-3.0,-3.0,2.0
3,-4.0,4.0,5.0,9.0,-6.0,2.0,2.0,17.0,3.0,-2.0,-3.0,18.0,1.0,-2.0,-3.0,2.0
1,-6.0,3.0,7.0,7.0,-7.0,3.0,2.0,21.0,-3.0,-3.0,-1.0,19.0,-1.0,-3.0,-1.0,2.0
-3,-7.0,3.0,8.0,5.0,-7.0,2.0,1.0,23.0,-8.0,-5.0,3.0,18.0,-3.0,-4.0,2.0,2.0
-5,-7.0,3.0,7.0,5.0,-8.0,2.0,-1.0,22.0,-10.0,-6.0,7.0,18.0,-4.0,-5.0,4.0,2.0
-7,-5.0,3.0,6.0,6.0,-8.0,3.0,-3.0,19.0,-10.0,-6.0,11.0,17.0,-5.0,-4.0,5.0,2.0
-6,-3.0,5.0,6.0,8.0,-7.0,5.0,-3.0,16.0,-7.0,-4.0,13.0,18.0,-4.0,-1.0,6.0,2.0
-3,0.0,6.0,5.0,11.0,-6.0,6.0,-3.0,14.0,-3.0,-1.0,14.0,20.0,-3.0,2.0,5.0,2.0
3,1.0,7.0,5.0,15.0,-5.0,7.0,-2.0,15.0,0.0,2.0,14.0,23.0,0.0,5.0,4.0,2.0
9,0.0,7.0,3.0,18.0,-4.0,6.0,-1.0,17.0,3.0,4.0,12.0,25.0,2.0,6.0,2.0,2.0
13,-2.0,6.0,1.0,18.0,-4.0,5.0,-1.0,21.0,3.0,4.0,9.0,28.0,4.0,5.0,0.0,2.0
16,-5.0,4.0,-1.0,18.0,-6.0,2.0,0.0,25.0,2.0,2.0,6.0,30.0,4.0,2.0,-1.0,2.0
16,-7.0,2.0,-3.0,17.0,-8.0,0.0,0.0,28.0,-1.0,0.0,3.0,31.0,3.0,-2.0,-1.0,2.0
15,-9.0,0.0,-4.0,16.0,-12.0,-2.0,-1.0,30.0,-3.0,-2.0,2.0,31.0,1.0,-5.0,0.0,2.0
13,-9.0,-2.0,-4.0,16.0,-14.0,-3.0,-1.0,30.0,-4.0,-4.0,3.0,31.0,-2.0,-6.0,2.0,2.0
12,-9.0,-2.0,-4.0,17.0,-16.0,-2.0,-2.0,30.0,-4.0,-4.0,4.0,32.0,-4.0,-5.0,3.0,2.0
13,-7.0,-3.0,-2.0,20.0,-16.0,-1.0,-2.0,30.0,-2.0,-4.0,6.0,33.0,-4.0,-2.0,4.0,2.0
15,-5.0,-3.0,1.0,24.0,-14.0,0.0,-3.0,32.0,1.0,-4.0,7.0,34.0,-3.0,0.0,5.0,2.0
18,-4.0,-5.0,3.0,27.0,-13.0,0.0,-2.0,34.0,3.0,-4.0,7.0,37.0,-1.0,1.0,4.0,2.0
21,-3.0,-7.0,4.0,29.0,-12.0,0.0,-2.0,37.0,4.0,-5.0,5.0,39.0,0.0,0.0,2.0,2.0
23,-3.0,-8.0,4.0,31.0,-12.0,0.0,-2.0,41.0,4.0,-7.0,3.0,42.0,0.0,-2.0,0.0,2.0
25,-4.0,-10.0,4.0,32.0,-12.0,-2.0,-2.0,46.0,4.0,-9.0,2.0,46.0,1.0,-4.0,0.0,2.0
28,-4.0,-10.0,4.0,33.0,-11.0,-2.0,-2.0,51.0,4.0,-10.0,3.0,48.0,2.0,-5.0,1.0,2.0
28,1.0,0.0,6.0,40.0,-7.0,2.0,0.0,54.0,14.0,-6.0,9.0,54.0,5.0,2.0,10.0,2.0
28,2.0,2.0,5.0,41.0,-7.0,3.0,-1.0,53.0,14.0,-5.0,8.0,55.0,5.0,2.0,9.0,2.0
31,3.0,3.0,3.0,42.0,-5.0,3.0,-1.0,54.0,13.0,-4.0,7.0,55.0,7.0,1.0,8.0,2.0
37,1.0,1.0,2.0,44.0,-7.0,5.0,0.0,59.0,8.0,-5.0,2.0,57.0,12.0,-7.0,2.0,2.0
36,2.0,3.0,2.0,44.0,-6.0,5.0,0.0,55.0,11.0,-3.0,2.0,56.0,13.0,-6.0,1.0,2.0
37,4.0,4.0,1.0,45.0,-5.0,6.0,0.0,54.0,13.0,-1.0,2.0,57.0,15.0,-5.0,1.0,2.0
38,5.0,6.0,-1.0,46.0,-3.0,5.0,-1.0,54.0,15.0,1.0,1.0,58.0,17.0,-3.0,-1.0,2.0
32,3.0,4.0,-1.0,37.0,-2.0,3.0,0.0,57.0,-3.0,-3.0,-1.0,50.0,-1.0,3.0,-1.0,2.0
31,3.0,5.0,-1.0,39.0,-2.0,1.0,-1.0,52.0,1.0,-2.0,0.0,49.0,-4.0,6.0,0.0,2.0
27,5.0,1.0,-3.0,35.0,0.0,-4.0,-1.0,71.0,-7.0,0.0,16.0,51.0,19.0,0.0,11.0,2.0
24,3.0,2.0,2.0,34.0,-3.0,-2.0,2.0,65.0,-8.0,-1.0,16.0,47.0,13.0,2.0,10.0,2.0
23,1.0,2.0,8.0,34.0,-5.0,1.0,5.0,56.0,-5.0,0.0,16.0,43.0,10.0,5.0,9.0,2.0
23,-1.0,3.0,13.0,34.0,-7.0,3.0,8.0,48.0,1.0,2.0,17.0,43.0,9.0,8.0,8.0,2.0
26,-3.0,3.0,15.0,34.0,-8.0,4.0,10.0,44.0,7.0,4.0,16.0,44.0,12.0,8.0,6.0,2.0
29,-6.0,2.0,14.0,35.0,-8.0,3.0,9.0,44.0,12.0,5.0,14.0,47.0,17.0,7.0,4.0,2.0
32,-7.0,2.0,11.0,35.0,-7.0,2.0,7.0,47.0,14.0,6.0,12.0,49.0,23.0,4.0,3.0,2.0
32,-8.0,1.0,8.0,34.0,-5.0,-1.0,5.0,50.0,13.0,6.0,10.0,49.0,26.0,1.0,2.0,2.0
29,-6.0,1.0,8.0,32.0,-3.0,-3.0,5.0,53.0,10.0,5.0,8.0,49.0,25.0,-1.0,2.0,2.0
35,1.0,-7.0,2.0,41.0,-9.0,-4.0,2.0,42.0,12.0,0.0,6.0,45.0,11.0,0.0,5.0,2.0
36,0.0,-8.0,0.0,41.0,-10.0,-4.0,0.0,45.0,13.0,-1.0,6.0,46.0,13.0,-1.0,7.0,2.0
33,0.0,-8.0,1.0,39.0,-10.0,-5.0,1.0,50.0,11.0,-3.0,5.0,48.0,12.0,-2.0,6.0,2.0
30,1.0,-7.0,2.0,36.0,-8.0,-5.0,2.0,53.0,7.0,-5.0,3.0,48.0,9.0,-3.0,4.0,2.0
26,2.0,-6.0,3.0,34.0,-7.0,-6.0,3.0,52.0,3.0,-7.0,2.0,47.0,5.0,-4.0,2.0,2.0
24,3.0,-5.0,4.0,33.0,-6.0,-6.0,4.0,48.0,0.0,-6.0,3.0,44.0,4.0,-5.0,2.0,2.0
24,4.0,-3.0,4.0,34.0,-5.0,-5.0,4.0,45.0,-1.0,-5.0,5.0,42.0,4.0,-5.0,3.0,2.0
31,2.0,-2.0,1.0,38.0,-6.0,-4.0,3.0,43.0,-1.0,0.0,9.0,41.0,9.0,-4.0,6.0,2.0
30,1.0,-3.0,2.0,37.0,-7.0,-4.0,4.0,46.0,-1.0,0.0,10.0,44.0,9.0,-3.0,6.0,2.0
29,-1.0,-3.0,4.0,35.0,-9.0,-3.0,6.0,48.0,0.0,-1.0,11.0,46.0,8.0,-1.0,5.0,2.0
27,-2.0,-3.0,5.0,33.0,-10.0,-2.0,7.0,49.0,-1.0,-1.0,11.0,47.0,6.0,0.0,5.0,2.0
25,-2.0,-2.0,6.0,30.0,-9.0,-1.0,8.0,48.0,-2.0,-2.0,11.0,45.0,4.0,0.0,6.0,2.0
23,-2.0,-1.0,7.0,27.0,-8.0,1.0,7.0,44.0,-5.0,-2.0,11.0,41.0,1.0,0.0,6.0,2.0
22,1.0,1.0,7.0,26.0,-5.0,2.0,6.0,39.0,-7.0,-1.0,9.0,36.0,1.0,-1.0,5.0,2.0
23,3.0,3.0,7.0,27.0,-1.0,4.0,6.0,34.0,-8.0,1.0,7.0,31.0,2.0,-3.0,4.0,2.0
24,6.0,4.0,6.0,28.0,3.0,6.0,4.0,29.0,-8.0,3.0,7.0,26.0,5.0,-4.0,4.0,2.0
26,6.0,5.0,4.0,29.0,4.0,7.0,2.0,26.0,-6.0,4.0,7.0,23.0,8.0,-3.0,4.0,2.0
29,5.0,4.0,0.0,30.0,4.0,5.0,0.0,25.0,-3.0,5.0,7.0,23.0,10.0,-2.0,5.0,2.0
21,6.0,4.0,3.0,25.0,5.0,-1.0,4.0,34.0,-2.0,0.0,1.0,30.0,-1.0,0.0,3.0,2.0
24,7.0,5.0,0.0,29.0,7.0,-1.0,3.0,35.0,-3.0,0.0,-1.0,29.0,-2.0,1.0,3.0,2.0
22,-4.0,1.0,11.0,26.0,2.0,-3.0,5.0,31.0,2.0,-4.0,5.0,24.0,11.0,-4.0,2.0,2.0
11,-5.0,3.0,17.0,21.0,0.0,-3.0,8.0,24.0,-2.0,-3.0,1.0,18.0,9.0,-5.0,-2.0,2.0
12,-3.0,4.0,16.0,22.0,2.0,-3.0,8.0,19.0,2.0,-2.0,5.0,16.0,9.0,-2.0,1.0,2.0
16,4.0,4.0,9.0,27.0,-1.0,2.0,6.0,19.0,1.0,2.0,8.0,21.0,3.0,4.0,2.0,2.0
15,4.0,4.0,9.0,24.0,-2.0,3.0,6.0,16.0,2.0,3.0,8.0,19.0,4.0,4.0,2.0,2.0
16,4.0,4.0,8.0,23.0,-1.0,3.0,7.0,15.0,4.0,3.0,6.0,17.0,6.0,4.0,1.0,2.0
18,4.0,2.0,8.0,22.0,1.0,3.0,7.0,16.0,6.0,3.0,4.0,17.0,8.0,2.0,1.0,2.0
20,0.0,0.0,3.0,23.0,0.0,0.0,1.0,22.0,-1.0,0.0,7.0,20.0,5.0,-1.0,4.0,2.0
18,-1.0,0.0,3.0,24.0,-4.0,-3.0,1.0,14.0,6.0,1.0,-1.0,17.0,6.0,-4.0,0.0,2.0
17,-2.0,-2.0,1.0,22.0,-5.0,-3.0,1.0,9.0,8.0,2.0,-1.0,13.0,6.0,-2.0,1.0,2.0
16,-1.0,-3.0,-1.0,19.0,-7.0,-2.0,1.0,4.0,8.0,2.0,2.0,9.0,4.0,1.0,3.0,2.0
13,0.0,-4.0,-3.0,15.0,-7.0,0.0,0.0,2.0,7.0,2.0,3.0,4.0,2.0,4.0,4.0,2.0
11,2.0,-4.0,-3.0,12.0,-8.0,3.0,-1.0,2.0,3.0,1.0,4.0,0.0,1.0,5.0,4.0,2.0
9,3.0,-3.0,-3.0,11.0,-8.0,5.0,-2.0,4.0,-3.0,0.0,4.0,-3.0,0.0,3.0,4.0,2.0
7,4.0,-2.0,-1.0,11.0,-8.0,5.0,0.0,5.0,-7.0,-1.0,4.0,-4.0,1.0,1.0,4.0,2.0
6,3.0,0.0,0.0,13.0,-8.0,3.0,2.0,6.0,-9.0,-1.0,5.0,-3.0,2.0,-2.0,4.0,2.0
6,3.0,2.0,2.0,15.0,-8.0,1.0,4.0,8.0,-8.0,-1.0,5.0,0.0,3.0,-2.0,4.0,2.0
7,1.0,2.0,2.0,18.0,-8.0,-3.0,6.0,11.0,-4.0,1.0,6.0,6.0,5.0,-1.0,3.0,2.0
8,0.0,1.0,2.0,19.0,-7.0,-6.0,6.0,12.0,1.0,2.0,6.0,11.0,7.0,2.0,3.0,2.0
13,8.0,2.0,1.0,18.0,1.0,3.0,3.0,17.0,-3.0,3.0,0.0,8.0,3.0,3.0,3.0,2.0
15,7.0,6.0,1.0,18.0,3.0,7.0,1.0,18.0,-5.0,1.0,0.0,8.0,4.0,-2.0,4.0,2.0
14,5.0,9.0,0.0,16.0,4.0,10.0,-2.0,15.0,-4.0,-1.0,1.0,7.0,6.0,-4.0,3.0,2.0
2,-8.0,5.0,-2.0,0.0,-6.0,5.0,-2.0,1.0,5.0,2.0,2.0,1.0,6.0,-2.0,5.0,2.0
3,-8.0,3.0,-2.0,1.0,-7.0,2.0,1.0,4.0,4.0,2.0,-1.0,1.0,6.0,-1.0,3.0,2.0
6,-8.0,2.0,-1.0,3.0,-8.0,0.0,4.0,7.0,2.0,1.0,-3.0,2.0,3.0,1.0,2.0,2.0
8,-8.0,1.0,2.0,5.0,-8.0,0.0,6.0,9.0,0.0,-1.0,-4.0,2.0,-1.0,3.0,1.0,2.0
9,-6.0,1.0,5.0,7.0,-7.0,1.0,8.0,10.0,-3.0,-2.0,-3.0,0.0,-4.0,4.0,1.0,2.0
9,-4.0,1.0,8.0,6.0,-3.0,1.0,9.0,10.0,-6.0,-3.0,-2.0,-2.0,-4.0,5.0,2.0,2.0
9,0.0,0.0,9.0,3.0,7.0,0.0,8.0,5.0,-4.0,-2.0,2.0,-8.0,4.0,4.0,2.0,2.0
9,1.0,-1.0,6.0,1.0,9.0,-1.0,6.0,1.0,1.0,-1.0,4.0,-9.0,9.0,2.0,2.0,2.0
8,0.0,-1.0,3.0,0.0,10.0,-1.0,2.0,-2.0,4.0,0.0,6.0,-8.0,13.0,1.0,3.0,2.0
6,0.0,-1.0,1.0,-1.0,8.0,-1.0,0.0,-2.0,7.0,1.0,8.0,-5.0,14.0,-1.0,5.0,2.0
3,-1.0,0.0,2.0,-3.0,6.0,1.0,-1.0,-2.0,8.0,1.0,7.0,-4.0,14.0,-2.0,6.0,2.0
-1,-2.0,1.0,4.0,-5.0,4.0,3.0,1.0,2.0,6.0,1.0,5.0,-4.0,13.0,-2.0,6.0,2.0
-6,-3.0,2.0,5.0,-8.0,2.0,4.0,2.0,7.0,2.0,1.0,2.0,-3.0,12.0,-3.0,4.0,2.0
-8,-4.0,3.0,5.0,-11.0,0.0,4.0,3.0,11.0,-3.0,1.0,-2.0,-3.0,11.0,-2.0,2.0,2.0
-8,-5.0,3.0,5.0,-11.0,-1.0,3.0,4.0,12.0,-5.0,2.0,-4.0,-3.0,10.0,-1.0,-1.0,2.0
-4,-5.0,4.0,3.0,-9.0,-1.0,2.0,5.0,10.0,-4.0,3.0,-4.0,-3.0,10.0,2.0,-3.0,2.0
2,-6.0,5.0,2.0,-6.0,1.0,1.0,6.0,7.0,0.0,5.0,-2.0,-3.0,11.0,6.0,-4.0,2.0
7,-5.0,5.0,0.0,-3.0,4.0,0.0,6.0,1.0,4.0,6.0,1.0,-5.0,11.0,10.0,-4.0,2.0
6,-1.0,0.0,9.0,0.0,10.0,6.0,-1.0,-1.0,2.0,-3.0,7.0,-4.0,7.0,-4.0,6.0,2.0
-5,3.0,-5.0,4.0,-7.0,3.0,-3.0,4.0,-4.0,4.0,-2.0,-4.0,-9.0,6.0,-2.0,0.0,2.0
-6,4.0,-5.0,2.0,-9.0,1.0,-4.0,6.0,0.0,4.0,-1.0,-2.0,-8.0,7.0,-2.0,2.0,2.0
-6,4.0,-5.0,-1.0,-10.0,1.0,-6.0,6.0,2.0,3.0,-1.0,1.0,-8.0,7.0,1.0,4.0,2.0
-7,1.0,-3.0,-10.0,-14.0,6.0,-6.0,-3.0,-4.0,4.0,2.0,5.0,-16.0,9.0,8.0,5.0,2.0
-7,3.0,-1.0,-8.0,-13.0,7.0,-4.0,-4.0,-4.0,4.0,3.0,4.0,-17.0,11.0,7.0,6.0,2.0
-6,4.0,1.0,-5.0,-10.0,7.0,0.0,-2.0,-4.0,2.0,2.0,2.0,-19.0,11.0,5.0,5.0,2.0
-4,4.0,1.0,-3.0,-9.0,6.0,2.0,0.0,-4.0,0.0,1.0,-3.0,-22.0,10.0,2.0,3.0,2.0
-3,3.0,0.0,-2.0,-9.0,4.0,1.0,2.0,-6.0,-2.0,-2.0,-8.0,-23.0,9.0,-3.0,0.0,2.0
-3,1.0,-2.0,-4.0,-11.0,2.0,-1.0,3.0,-8.0,-1.0,-4.0,-11.0,-24.0,8.0,-7.0,-1.0,2.0
-3,1.0,-3.0,-7.0,-13.0,1.0,-3.0,3.0,-10.0,1.0,-6.0,-12.0,-24.0,8.0,-8.0,-2.0,2.0
-3,1.0,-4.0,-10.0,-16.0,2.0,-5.0,2.0,-11.0,4.0,-5.0,-12.0,-23.0,7.0,-6.0,-2.0,2.0
-3,1.0,-5.0,-12.0,-17.0,2.0,-6.0,2.0,-9.0,6.0,-5.0,-10.0,-20.0,6.0,-2.0,-2.0,2.0
-4,1.0,-4.0,-9.0,-16.0,3.0,-5.0,2.0,-6.0,7.0,-3.0,-7.0,-15.0,6.0,3.0,-2.0,2.0
-4,1.0,-3.0,-5.0,-14.0,4.0,-3.0,2.0,0.0,6.0,-2.0,-3.0,-11.0,7.0,6.0,-1.0,2.0
-5,1.0,-2.0,0.0,-12.0,4.0,0.0,2.0,5.0,3.0,-2.0,1.0,-9.0,8.0,8.0,0.0,2.0
-6,0.0,0.0,5.0,-11.0,5.0,2.0,2.0,8.0,0.0,-1.0,5.0,-8.0,10.0,9.0,1.0,2.0
-6,-1.0,1.0,8.0,-9.0,6.0,3.0,2.0,9.0,-2.0,-1.0,8.0,-7.0,11.0,9.0,1.0,2.0
-6,-3.0,2.0,7.0,-9.0,5.0,3.0,1.0,8.0,-2.0,-1.0,9.0,-7.0,12.0,8.0,1.0,2.0
-5,-4.0,1.0,3.0,-10.0,3.0,3.0,-1.0,7.0,-1.0,-2.0,7.0,-7.0,12.0,7.0,-2.0,2.0
-5,-6.0,0.0,-1.0,-12.0,0.0,2.0,-2.0,5.0,0.0,-3.0,4.0,-8.0,12.0,5.0,-4.0,2.0
-6,-7.0,-2.0,-5.0,-13.0,-3.0,-1.0,-3.0,1.0,1.0,-4.0,2.0,-10.0,13.0,3.0,-6.0,2.0
-7,-8.0,-3.0,-6.0,-14.0,-4.0,-4.0,-2.0,-3.0,2.0,-3.0,1.0,-12.0,13.0,2.0,-5.0,2.0
-7,-7.0,-4.0,-7.0,-13.0,-4.0,-6.0,-1.0,-7.0,3.0,-2.0,2.0,-14.0,12.0,2.0,-4.0,2.0
-6,-6.0,-4.0,-6.0,-11.0,-5.0,-8.0,1.0,-10.0,3.0,-1.0,2.0,-16.0,10.0,2.0,-2.0,2.0
-6,-5.0,-4.0,-5.0,-10.0,-6.0,-8.0,3.0,-12.0,2.0,1.0,2.0,-17.0,6.0,4.0,0.0,2.0
-5,1.0,-1.0,-11.0,-7.0,-3.0,-1.0,-5.0,-7.0,-4.0,-2.0,-4.0,-17.0,0.0,1.0,-2.0,2.0
-9,2.0,-1.0,-7.0,-9.0,-3.0,-3.0,-2.0,-13.0,-3.0,1.0,1.0,-20.0,2.0,2.0,2.0,2.0
-13,3.0,0.0,3.0,-10.0,0.0,3.0,1.0,-1.0,-10.0,2.0,4.0,-15.0,9.0,2.0,-1.0,2.0
-8,2.0,1.0,2.0,-7.0,1.0,4.0,-1.0,2.0,-8.0,1.0,2.0,-11.0,8.0,2.0,-3.0,2.0
-10,0.0,-6.0,-11.0,-9.0,-4.0,-11.0,-4.0,-12.0,1.0,1.0,1.0,-19.0,8.0,4.0,-2.0,2.0
-14,2.0,-5.0,-8.0,-10.0,-6.0,-7.0,-4.0,-13.0,1.0,0.0,-1.0,-20.0,9.0,0.0,-2.0,2.0
-16,4.0,-4.0,-5.0,-9.0,-7.0,-2.0,-3.0,-16.0,1.0,-1.0,-1.0,-22.0,7.0,-1.0,-2.0,2.0
-15,7.0,-2.0,-3.0,-7.0,-5.0,1.0,-2.0,-17.0,0.0,-1.0,-1.0,-23.0,5.0,-1.0,1.0,2.0
-11,8.0,-1.0,-2.0,-4.0,-3.0,3.0,-2.0,-16.0,0.0,0.0,0.0,-22.0,3.0,-1.0,3.0,2.0
-8,8.0,0.0,-2.0,-2.0,-1.0,3.0,-2.0,-15.0,0.0,1.0,0.0,-21.0,3.0,-1.0,5.0,2.0
-5,6.0,-1.0,-3.0,-3.0,1.0,2.0,-3.0,-13.0,1.0,2.0,-1.0,-19.0,2.0,0.0,5.0,2.0
-5,4.0,-2.0,-4.0,-5.0,2.0,1.0,-5.0,-13.0,2.0,2.0,-3.0,-18.0,2.0,0.0,3.0,2.0
-6,2.0,-3.0,-5.0,-7.0,1.0,0.0,-6.0,-13.0,1.0,2.0,-4.0,-18.0,2.0,1.0,1.0,2.0
-8,2.0,-4.0,-6.0,-8.0,-1.0,-1.0,-7.0,-14.0,-1.0,1.0,-4.0,-20.0,2.0,1.0,0.0,2.0
-11,2.0,-4.0,-7.0,-9.0,-3.0,-1.0,-8.0,-13.0,-4.0,0.0,-3.0,-21.0,1.0,0.0,0.0,2.0
-14,3.0,-3.0,-8.0,-9.0,-6.0,0.0,-7.0,-12.0,-6.0,-1.0,-2.0,-21.0,0.0,-1.0,1.0,2.0
-16,4.0,-1.0,-6.0,-9.0,-9.0,3.0,-4.0,-11.0,-7.0,-2.0,-2.0,-20.0,-1.0,-3.0,1.0,2.0
-17,4.0,1.0,-3.0,-9.0,-9.0,4.0,-1.0,-11.0,-7.0,-3.0,-3.0,-19.0,-3.0,-3.0,2.0,2.0
-16,5.0,3.0,-1.0,-9.0,-6.0,4.0,2.0,-12.0,-4.0,-2.0,-3.0,-18.0,-3.0,-3.0,2.0,2.0
-14,6.0,4.0,2.0,-9.0,-1.0,3.0,4.0,-14.0,-1.0,-1.0,-2.0,-17.0,-1.0,-2.0,3.0,2.0
-13,7.0,4.0,3.0,-9.0,2.0,3.0,6.0,-17.0,3.0,1.0,1.0,-18.0,2.0,0.0,5.0,2.0
-12,7.0,2.0,3.0,-9.0,3.0,1.0,6.0,-19.0,5.0,2.0,3.0,-20.0,5.0,2.0,5.0,2.0
-12,6.0,-1.0,2.0,-9.0,0.0,-1.0,5.0,-19.0,5.0,2.0,4.0,-21.0,6.0,2.0,5.0,2.0
-13,6.0,-4.0,2.0,-9.0,-4.0,-2.0,5.0,-16.0,2.0,1.0,4.0,-21.0,6.0,1.0,4.0,2.0
-14,6.0,-6.0,1.0,-8.0,-7.0,-4.0,5.0,-11.0,-2.0,-1.0,3.0,-19.0,6.0,-1.0,3.0,2.0
-14,6.0,-7.0,-1.0,-7.0,-9.0,-5.0,5.0,-6.0,-5.0,-3.0,2.0,-17.0,5.0,-3.0,4.0,2.0
-13,7.0,-7.0,-4.0,-6.0,-8.0,-8.0,4.0,-4.0,-6.0,-4.0,0.0,-16.0,4.0,-5.0,4.0,2.0
-12,7.0,-7.0,-8.0,-6.0,-7.0,-10.0,3.0,-5.0,-5.0,-5.0,-3.0,-18.0,2.0,-6.0,3.0,2.0
-10,7.0,-7.0,-12.0,-6.0,-5.0,-12.0,2.0,-9.0,-4.0,-6.0,-5.0,-21.0,-1.0,-5.0,2.0,2.0
-8,7.0,-6.0,-16.0,-7.0,-4.0,-12.0,-1.0,-13.0,-3.0,-5.0,-6.0,-23.0,-2.0,-3.0,1.0,2.0
-7,7.0,-5.0,-18.0,-7.0,-2.0,-12.0,-3.0,-14.0,-4.0,-3.0,-6.0,-24.0,-2.0,1.0,-2.0,2.0
-7,6.0,-4.0,-17.0,-6.0,0.0,-10.0,-5.0,-13.0,-5.0,0.0,-4.0,-24.0,1.0,4.0,-3.0,2.0
-7,6.0,-2.0,-14.0,-6.0,1.0,-7.0,-6.0,-10.0,-6.0,3.0,-3.0,-21.0,4.0,6.0,-5.0,2.0
-17,10.0,5.0,-6.0,-9.0,1.0,-2.0,1.0,-4.0,0.0,5.0,10.0,-5.0,10.0,2.0,4.0,2.0
-18,11.0,5.0,-6.0,-10.0,3.0,-2.0,2.0,-6.0,-2.0,5.0,8.0,-8.0,10.0,0.0,4.0,2.0
-19,12.0,5.0,-5.0,-11.0,4.0,-2.0,3.0,-11.0,-3.0,6.0,5.0,-14.0,7.0,1.0,3.0,2.0
-20,14.0,7.0,-4.0,-11.0,6.0,0.0,3.0,-16.0,-4.0,7.0,3.0,-19.0,3.0,3.0,2.0,2.0
-20,17.0,9.0,-2.0,-9.0,7.0,2.0,3.0,-19.0,-4.0,8.0,4.0,-20.0,-1.0,8.0,2.0,2.0
-18,19.0,10.0,0.0,-5.0,9.0,3.0,3.0,-19.0,-3.0,8.0,7.0,-17.0,-3.0,11.0,2.0,2.0
-16,20.0,10.0,2.0,0.0,10.0,4.0,3.0,-17.0,-1.0,7.0,9.0,-12.0,-5.0,13.0,2.0,2.0
-13,19.0,8.0,4.0,3.0,9.0,3.0,3.0,-14.0,0.0,6.0,9.0,-7.0,-5.0,12.0,1.0,2.0
-10,17.0,5.0,4.0,5.0,6.0,0.0,3.0,-11.0,-1.0,4.0,8.0,-5.0,-5.0,9.0,0.0,2.0
-8,13.0,1.0,2.0,6.0,3.0,-3.0,3.0,-10.0,-3.0,2.0,6.0,-5.0,-3.0,5.0,-2.0,2.0
-7,10.0,-3.0,-1.0,5.0,0.0,-7.0,2.0,-9.0,-4.0,1.0,4.0,-8.0,1.0,1.0,-2.0,2.0
-7,9.0,-5.0,-2.0,3.0,-2.0,-9.0,3.0,-10.0,-2.0,0.0,2.0,-12.0,5.0,-2.0,-1.0,2.0
-9,9.0,-5.0,-3.0,0.0,-3.0,-9.0,4.0,-13.0,2.0,0.0,0.0,-16.0,8.0,-3.0,0.0,2.0
-13,10.0,-4.0,-3.0,-4.0,-4.0,-8.0,5.0,-14.0,6.0,1.0,-3.0,-17.0,10.0,-3.0,0.0,2.0
-16,12.0,-2.0,-2.0,-6.0,-2.0,-7.0,6.0,-15.0,8.0,1.0,-5.0,-17.0,10.0,-3.0,-1.0,2.0
-17,14.0,0.0,-2.0,-5.0,1.0,-5.0,6.0,-14.0,7.0,2.0,-8.0,-16.0,9.0,-3.0,-3.0,2.0
-15,16.0,2.0,-2.0,-3.0,4.0,-5.0,5.0,-11.0,5.0,3.0,-10.0,-13.0,9.0,-3.0,-6.0,2.0
-7,16.0,3.0,-3.0,3.0,8.0,-3.0,0.0,-10.0,-1.0,3.0,-9.0,-11.0,3.0,-1.0,-9.0,2.0
-5,14.0,2.0,-4.0,3.0,8.0,-3.0,-2.0,-13.0,-3.0,2.0,-5.0,-12.0,-2.0,4.0,-8.0,2.0
-5,11.0,1.0,-5.0,2.0,7.0,-3.0,-4.0,-14.0,-4.0,2.0,-1.0,-13.0,-5.0,7.0,-6.0,2.0
-5,9.0,0.0,-5.0,-1.0,8.0,-4.0,-5.0,-13.0,-3.0,1.0,2.0,-13.0,-5.0,9.0,-3.0,2.0
-6,9.0,-1.0,-8.0,-3.0,9.0,-5.0,-7.0,-10.0,1.0,1.0,3.0,-12.0,-1.0,8.0,-2.0,2.0
-11,11.0,3.0,-12.0,-5.0,9.0,-4.0,-10.0,-10.0,12.0,2.0,-2.0,-14.0,14.0,5.0,-1.0,2.0
-13,12.0,5.0,-7.0,-4.0,9.0,-1.0,-7.0,-10.0,11.0,4.0,-1.0,-14.0,13.0,6.0,-1.0,2.0
-13,13.0,7.0,-1.0,-3.0,9.0,2.0,-3.0,-10.0,9.0,5.0,2.0,-12.0,11.0,8.0,0.0,2.0
-12,12.0,7.0,6.0,-1.0,10.0,3.0,1.0,-9.0,6.0,6.0,4.0,-10.0,8.0,8.0,1.0,2.0
-9,10.0,5.0,10.0,0.0,10.0,3.0,4.0,-8.0,3.0,6.0,6.0,-8.0,7.0,7.0,0.0,2.0
-4,6.0,0.0,7.0,-2.0,7.0,2.0,2.0,-7.0,3.0,-3.0,3.0,-14.0,10.0,-8.0,8.0,2.0
-5,7.0,2.0,5.0,0.0,7.0,2.0,0.0,-7.0,5.0,-3.0,2.0,-12.0,10.0,-8.0,6.0,2.0
-5,7.0,2.0,3.0,1.0,6.0,1.0,-1.0,-9.0,7.0,-4.0,-1.0,-13.0,9.0,-6.0,3.0,2.0
-5,6.0,2.0,1.0,1.0,4.0,0.0,-1.0,-13.0,8.0,-3.0,-4.0,-15.0,7.0,-5.0,0.0,2.0
-5,4.0,0.0,1.0,0.0,3.0,-3.0,-1.0,-17.0,9.0,-3.0,-7.0,-17.0,5.0,-4.0,-3.0,2.0
-4,3.0,-2.0,0.0,-1.0,3.0,-5.0,-1.0,-18.0,8.0,-3.0,-9.0,-18.0,4.0,-4.0,-3.0,2.0
-3,1.0,-4.0,-1.0,-3.0,3.0,-6.0,-1.0,-17.0,7.0,-2.0,-10.0,-17.0,3.0,-4.0,-4.0,2.0
-4,1.0,-4.0,-2.0,-4.0,2.0,-6.0,-1.0,-15.0,6.0,-2.0,-10.0,-16.0,1.0,-3.0,-3.0,2.0
-5,1.0,-3.0,-3.0,-6.0,3.0,-5.0,-1.0,-15.0,5.0,-1.0,-9.0,-15.0,-2.0,-2.0,-2.0,2.0
-9,3.0,0.0,-4.0,-7.0,4.0,-4.0,-2.0,-15.0,3.0,-1.0,-8.0,-14.0,-4.0,-2.0,0.0,2.0
-11,5.0,3.0,-4.0,-8.0,6.0,-2.0,-3.0,-14.0,1.0,1.0,-7.0,-14.0,-5.0,-2.0,1.0,2.0
-11,8.0,7.0,-4.0,-7.0,8.0,1.0,-4.0,-12.0,0.0,2.0,-7.0,-13.0,-3.0,-3.0,1.0,2.0
-10,8.0,9.0,-3.0,-4.0,10.0,3.0,-4.0,-10.0,1.0,3.0,-8.0,-11.0,2.0,-4.0,0.0,2.0
-5,2.0,4.0,5.0,3.0,2.0,3.0,-1.0,-5.0,7.0,8.0,-3.0,-4.0,9.0,5.0,-4.0,2.0
-8,-1.0,2.0,5.0,2.0,-2.0,-1.0,-2.0,-6.0,3.0,7.0,1.0,-6.0,9.0,5.0,-3.0,2.0
-12,-2.0,-1.0,5.0,0.0,-4.0,-4.0,-1.0,-7.0,-3.0,6.0,4.0,-9.0,7.0,5.0,-2.0,2.0
-8,6.0,1.0,-6.0,-9.0,7.0,-3.0,-2.0,-16.0,8.0,9.0,-2.0,-14.0,10.0,1.0,2.0,2.0
-8,5.0,-1.0,-6.0,-9.0,5.0,-4.0,-2.0,-13.0,8.0,8.0,-3.0,-12.0,11.0,-2.0,3.0,2.0
-6,4.0,-3.0,-7.0,-7.0,2.0,-4.0,-2.0,-9.0,6.0,5.0,-2.0,-10.0,10.0,-3.0,4.0,2.0
-3,4.0,-4.0,-7.0,-4.0,0.0,-5.0,-1.0,-6.0,5.0,3.0,-3.0,-9.0,8.0,-4.0,4.0,2.0
-1,3.0,-3.0,-7.0,-2.0,-1.0,-5.0,-1.0,-3.0,2.0,1.0,-6.0,-8.0,5.0,-5.0,2.0,2.0
-5,-8.0,4.0,-1.0,-11.0,-1.0,0.0,3.0,-19.0,7.0,6.0,-8.0,-17.0,5.0,-2.0,-2.0,2.0
-5,-9.0,3.0,1.0,-9.0,-2.0,-1.0,2.0,-23.0,8.0,5.0,-6.0,-17.0,3.0,0.0,-2.0,2.0
-6,-10.0,2.0,2.0,-9.0,-3.0,-3.0,2.0,-24.0,7.0,4.0,-3.0,-17.0,0.0,1.0,-1.0,2.0
-13,-4.0,-1.0,-12.0,-18.0,1.0,-7.0,-6.0,-7.0,-6.0,-4.0,-11.0,-13.0,-11.0,-3.0,-1.0,2.0
-13,-4.0,1.0,-10.0,-17.0,1.0,-6.0,-5.0,-11.0,2.0,-2.0,-12.0,-12.0,-5.0,-4.0,-1.0,2.0
-13,-5.0,1.0,-6.0,-16.0,-1.0,-5.0,-2.0,-14.0,6.0,0.0,-12.0,-12.0,-2.0,-5.0,-2.0,2.0
-12,-8.0,0.0,-3.0,-17.0,-2.0,-5.0,1.0,-17.0,5.0,-1.0,-13.0,-14.0,-3.0,-5.0,-3.0,2.0
-15,2.0,2.0,3.0,-14.0,4.0,1.0,2.0,-12.0,-1.0,0.0,-1.0,-11.0,1.0,-2.0,-3.0,2.0
-14,3.0,2.0,6.0,-14.0,7.0,2.0,2.0,-15.0,-1.0,1.0,3.0,-11.0,1.0,0.0,-1.0,2.0
-14,3.0,2.0,7.0,-14.0,8.0,3.0,1.0,-17.0,-1.0,2.0,8.0,-11.0,-2.0,3.0,1.0,2.0
-17,-5.0,3.0,0.0,-15.0,-7.0,-1.0,4.0,-18.0,6.0,-3.0,-11.0,-16.0,-5.0,-2.0,-3.0,2.0
-20,-4.0,6.0,0.0,-16.0,-6.0,-1.0,5.0,-20.0,9.0,-3.0,-13.0,-17.0,-4.0,-3.0,-4.0,2.0
-21,-3.0,7.0,-1.0,-17.0,-5.0,0.0,5.0,-21.0,10.0,-2.0,-13.0,-16.0,-2.0,-5.0,-4.0,2.0
-20,-2.0,7.0,-2.0,-17.0,-3.0,0.0,4.0,-21.0,9.0,-2.0,-12.0,-14.0,-1.0,-7.0,-3.0,2.0
-16,-3.0,7.0,-2.0,-15.0,-1.0,0.0,3.0,-18.0,8.0,-1.0,-8.0,-12.0,1.0,-8.0,0.0,2.0
-13,12.0,-16.0,6.0,-15.0,-8.0,8.0,3.0,-14.0,-4.0,-1.0,-8.0,-18.0,-8.0,3.0,-4.0,2.0
-15,12.0,-13.0,5.0,-13.0,-9.0,9.0,2.0,-15.0,-4.0,0.0,-9.0,-18.0,-10.0,6.0,-6.0,2.0
-15,11.0,-10.0,3.0,-11.0,-8.0,9.0,1.0,-15.0,-4.0,0.0,-8.0,-17.0,-11.0,8.0,-7.0,2.0
-13,11.0,-7.0,2.0,-9.0,-6.0,7.0,0.0,-13.0,-4.0,0.0,-5.0,-13.0,-10.0,7.0,-5.0,2.0
-10,10.0,-7.0,-1.0,-8.0,-4.0,4.0,0.0,-10.0,-3.0,-1.0,0.0,-9.0,-8.0,4.0,-2.0,2.0
-8,9.0,-7.0,-3.0,-7.0,-3.0,0.0,1.0,-8.0,-3.0,-1.0,3.0,-5.0,-5.0,0.0,2.0,2.0
-11,6.0,-10.0,-5.0,-12.0,-4.0,-7.0,3.0,-13.0,-9.0,-2.0,0.0,-14.0,-5.0,-10.0,4.0,2.0
-13,6.0,-9.0,-5.0,-13.0,-4.0,-7.0,2.0,-17.0,-10.0,-2.0,-4.0,-20.0,-5.0,-10.0,3.0,2.0
-15,6.0,-7.0,-5.0,-14.0,-2.0,-7.0,1.0,-20.0,-8.0,-1.0,-7.0,-23.0,-4.0,-9.0,1.0,2.0
-16,6.0,-5.0,-6.0,-15.0,1.0,-6.0,-1.0,-22.0,-2.0,2.0,-8.0,-23.0,-1.0,-6.0,-1.0,2.0
-16,6.0,-3.0,-6.0,-15.0,3.0,-6.0,-2.0,-23.0,4.0,4.0,-7.0,-19.0,3.0,-4.0,-2.0,2.0
-16,5.0,-2.0,-5.0,-15.0,3.0,-4.0,-2.0,-22.0,9.0,5.0,-5.0,-13.0,4.0,-1.0,-3.0,2.0
-16,3.0,-3.0,-2.0,-15.0,2.0,-4.0,0.0,-20.0,10.0,5.0,-2.0,-8.0,4.0,-1.0,-3.0,2.0
-15,2.0,-4.0,-1.0,-15.0,0.0,-5.0,2.0,-17.0,7.0,3.0,-1.0,-4.0,2.0,-2.0,-3.0,2.0
-9,2.0,-13.0,-7.0,-11.0,-5.0,-13.0,2.0,-19.0,-7.0,-2.0,-3.0,-12.0,-8.0,-7.0,-3.0,2.0
-8,0.0,-4.0,3.0,-10.0,0.0,-2.0,2.0,-28.0,6.0,6.0,-1.0,-14.0,-2.0,5.0,-6.0,2.0
2,-8.0,-2.0,7.0,5.0,-9.0,-3.0,6.0,-27.0,9.0,3.0,6.0,-17.0,7.0,-2.0,3.0,2.0
-11,1.0,0.0,5.0,-13.0,8.0,-3.0,3.0,-10.0,-2.0,1.0,1.0,-2.0,-9.0,2.0,-1.0,2.0
-11,2.0,-2.0,4.0,-13.0,8.0,-5.0,4.0,-10.0,-4.0,0.0,-3.0,-5.0,-10.0,-1.0,-2.0,2.0
-8,3.0,-2.0,2.0,-11.0,7.0,-6.0,5.0,-11.0,-4.0,0.0,-5.0,-6.0,-8.0,-3.0,-3.0,2.0
-1,-8.0,-6.0,-2.0,-6.0,-4.0,-8.0,1.0,5.0,0.0,-6.0,-2.0,10.0,-2.0,-6.0,-6.0,2.0
0,-9.0,-5.0,-2.0,-6.0,-4.0,-6.0,0.0,-1.0,3.0,-3.0,-1.0,9.0,0.0,-6.0,-6.0,2.0
-1,-11.0,-3.0,-2.0,-6.0,-4.0,-5.0,-2.0,-9.0,5.0,-1.0,1.0,6.0,-1.0,-5.0,-5.0,2.0
-3,-11.0,-2.0,-1.0,-6.0,-4.0,-4.0,-3.0,-17.0,6.0,-1.0,3.0,2.0,-3.0,-4.0,-4.0,2.0
-8,-5.0,5.0,11.0,-6.0,-2.0,4.0,6.0,5.0,-12.0,-5.0,4.0,13.0,-19.0,-1.0,-2.0,2.0
-7,-5.0,3.0,10.0,-7.0,-1.0,2.0,6.0,3.0,-10.0,-4.0,3.0,13.0,-19.0,0.0,-2.0,2.0
-6,-5.0,1.0,7.0,-7.0,0.0,-1.0,5.0,-2.0,-7.0,-1.0,2.0,10.0,-18.0,1.0,-1.0,2.0
-5,-6.0,-5.0,-4.0,-7.0,-6.0,-8.0,0.0,2.0,-22.0,-8.0,-7.0,-9.0,-19.0,-3.0,-5.0,2.0
-5,-7.0,-6.0,-3.0,-8.0,-5.0,-9.0,2.0,5.0,-20.0,-9.0,-8.0,-7.0,-18.0,-3.0,-4.0,2.0
-3,4.0,1.0,-3.0,0.0,3.0,-3.0,-1.0,-3.0,-5.0,1.0,2.0,5.0,-8.0,-2.0,0.0,2.0
-2,3.0,2.0,1.0,0.0,3.0,-1.0,1.0,1.0,-7.0,0.0,4.0,8.0,-10.0,1.0,-1.0,2.0
-2,1.0,2.0,3.0,-2.0,3.0,1.0,1.0,3.0,-7.0,0.0,6.0,10.0,-13.0,5.0,0.0,2.0
-3,-1.0,2.0,4.0,-4.0,3.0,3.0,1.0,1.0,-6.0,1.0,9.0,10.0,-16.0,10.0,1.0,2.0
-4,6.0,5.0,-4.0,-6.0,8.0,3.0,-1.0,-2.0,-5.0,7.0,3.0,1.0,0.0,4.0,-1.0,2.0
-3,7.0,5.0,-4.0,-5.0,8.0,2.0,-1.0,2.0,-6.0,6.0,0.0,3.0,2.0,0.0,-2.0,2.0
-3,7.0,4.0,-3.0,-5.0,9.0,2.0,0.0,5.0,-7.0,5.0,-2.0,6.0,1.0,-2.0,-3.0,2.0
-2,7.0,3.0,-1.0,-4.0,8.0,2.0,1.0,8.0,-6.0,4.0,-2.0,9.0,-1.0,-3.0,-2.0,2.0
-2,7.0,2.0,-1.0,-4.0,8.0,1.0,1.0,11.0,-4.0,2.0,-4.0,13.0,-2.0,-4.0,-2.0,2.0
2,-6.0,5.0,-5.0,-5.0,-2.0,4.0,-1.0,7.0,-8.0,2.0,-7.0,4.0,-10.0,5.0,-6.0,2.0
4,-7.0,4.0,-5.0,-4.0,-2.0,4.0,-1.0,10.0,-8.0,2.0,-5.0,9.0,-9.0,4.0,-5.0,2.0
5,-7.0,4.0,-4.0,-3.0,-1.0,3.0,-1.0,8.0,-5.0,2.0,-3.0,10.0,-7.0,3.0,-3.0,2.0
4,-6.0,4.0,-3.0,-3.0,1.0,2.0,-1.0,3.0,-2.0,3.0,0.0,8.0,-5.0,2.0,-2.0,2.0
2,-5.0,4.0,9.0,8.0,-8.0,6.0,4.0,1.0,-2.0,1.0,7.0,12.0,-14.0,6.0,3.0,2.0
4,-6.0,3.0,6.0,8.0,-8.0,5.0,2.0,5.0,-2.0,-1.0,5.0,12.0,-14.0,9.0,2.0,2.0
3,-6.0,2.0,3.0,5.0,-7.0,2.0,1.0,7.0,-2.0,-2.0,2.0,10.0,-13.0,10.0,-1.0,2.0
-1,-5.0,1.0,-1.0,1.0,-7.0,-1.0,1.0,7.0,0.0,-3.0,-1.0,10.0,-11.0,8.0,-3.0,2.0
-6,-2.0,1.0,-3.0,-3.0,-6.0,-4.0,2.0,5.0,3.0,-3.0,-3.0,10.0,-7.0,4.0,-4.0,2.0
-10,1.0,1.0,-4.0,-5.0,-5.0,-5.0,3.0,1.0,6.0,-2.0,-2.0,12.0,-5.0,0.0,-3.0,2.0
-10,5.0,3.0,-1.0,-1.0,-3.0,-3.0,5.0,-5.0,7.0,0.0,2.0,14.0,-6.0,-5.0,-1.0,2.0
-7,6.0,5.0,2.0,2.0,-3.0,1.0,6.0,-6.0,4.0,1.0,4.0,14.0,-8.0,-5.0,1.0,2.0
-2,5.0,5.0,3.0,4.0,-3.0,3.0,5.0,-6.0,1.0,1.0,4.0,14.0,-10.0,-5.0,1.0,2.0
1,3.0,4.0,3.0,5.0,-2.0,5.0,4.0,-6.0,-1.0,1.0,4.0,13.0,-11.0,-6.0,2.0,2.0
3,1.0,2.0,2.0,4.0,-2.0,4.0,2.0,-6.0,0.0,0.0,5.0,12.0,-10.0,-6.0,4.0,2.0
4,1.0,-1.0,0.0,1.0,-2.0,3.0,0.0,-6.0,1.0,-1.0,8.0,10.0,-10.0,-5.0,7.0,2.0
-5,-5.0,0.0,4.0,-9.0,3.0,-1.0,1.0,-3.0,4.0,-8.0,-7.0,5.0,-11.0,-6.0,-3.0,2.0
-5,-5.0,-1.0,4.0,-9.0,2.0,0.0,1.0,-1.0,4.0,-9.0,-8.0,5.0,-11.0,-5.0,-3.0,2.0
-3,-7.0,-1.0,4.0,-9.0,2.0,0.0,0.0,0.0,1.0,-8.0,-6.0,5.0,-12.0,-3.0,-3.0,2.0
0,-11.0,-2.0,3.0,-8.0,0.0,-1.0,-1.0,1.0,-2.0,-7.0,-1.0,4.0,-12.0,0.0,-2.0,2.0
1,-12.0,-1.0,-6.0,-7.0,-4.0,-4.0,-2.0,8.0,-16.0,2.0,5.0,1.0,-4.0,2.0,-1.0,2.0
-3,-7.0,-1.0,-6.0,-9.0,-3.0,-3.0,-2.0,10.0,-16.0,1.0,2.0,0.0,-4.0,1.0,-2.0,2.0
-6,-2.0,0.0,-5.0,-10.0,-1.0,0.0,-1.0,8.0,-14.0,0.0,-2.0,-1.0,-4.0,-1.0,-3.0,2.0
-3,3.0,2.0,2.0,-4.0,3.0,7.0,-3.0,9.0,-8.0,-2.0,3.0,7.0,-7.0,0.0,3.0,2.0
-5,4.0,1.0,1.0,-4.0,2.0,5.0,-3.0,8.0,-9.0,-3.0,-2.0,5.0,-8.0,-2.0,-1.0,2.0
-5,3.0,-1.0,-1.0,-4.0,0.0,3.0,-2.0,4.0,-8.0,-4.0,-6.0,1.0,-9.0,-2.0,-5.0,2.0
0,-5.0,-7.0,-7.0,-7.0,-5.0,-2.0,-5.0,-11.0,2.0,-5.0,-6.0,-10.0,-2.0,-2.0,-6.0,2.0
0,-5.0,-7.0,-9.0,-8.0,-5.0,-1.0,-6.0,-14.0,6.0,-5.0,-4.0,-12.0,-2.0,1.0,-3.0,2.0
-1,-4.0,-5.0,-9.0,-9.0,-5.0,2.0,-6.0,-17.0,8.0,-4.0,-1.0,-12.0,-5.0,4.0,0.0,2.0
-4,-2.0,-2.0,-7.0,-11.0,-3.0,4.0,-5.0,-17.0,7.0,-2.0,1.0,-11.0,-9.0,7.0,3.0,2.0
-10,-1.0,4.0,-6.0,-21.0,4.0,3.0,3.0,12.0,1.0,-1.0,-17.0,4.0,-5.0,-3.0,-1.0,2.0
1,-5.0,-6.0,-12.0,-19.0,-3.0,0.0,-1.0,-8.0,-4.0,-5.0,-4.0,-12.0,-6.0,-2.0,0.0,2.0
-9,-8.0,-1.0,-5.0,-19.0,-6.0,1.0,-1.0,-10.0,4.0,-8.0,-5.0,-7.0,-7.0,-1.0,-3.0,2.0
-8,-7.0,-1.0,-5.0,-18.0,-5.0,2.0,-1.0,-11.0,8.0,-7.0,-8.0,-7.0,-5.0,-2.0,-5.0,2.0
-7,-5.0,-2.0,-6.0,-17.0,-4.0,3.0,-2.0,-11.0,10.0,-6.0,-10.0,-6.0,-2.0,-3.0,-6.0,2.0
-6,-2.0,-2.0,-8.0,-16.0,-2.0,3.0,-4.0,-9.0,8.0,-5.0,-11.0,-6.0,1.0,-4.0,-7.0,2.0
-6,0.0,-3.0,-11.0,-15.0,-2.0,3.0,-6.0,-8.0,5.0,-3.0,-11.0,-7.0,2.0,-4.0,-7.0,2.0
-7,2.0,-3.0,-13.0,-15.0,-1.0,2.0,-7.0,-8.0,2.0,-2.0,-9.0,-10.0,1.0,-3.0,-6.0,2.0
-8,2.0,-3.0,-14.0,-16.0,-2.0,1.0,-6.0,-11.0,-1.0,-2.0,-7.0,-12.0,-1.0,-1.0,-5.0,2.0
-8,1.0,-3.0,-13.0,-17.0,-1.0,-1.0,-4.0,-13.0,-2.0,-2.0,-6.0,-15.0,-2.0,-1.0,-5.0,2.0
-3,-4.0,-7.0,-15.0,-19.0,0.0,-8.0,-1.0,-16.0,1.0,-2.0,-10.0,-17.0,-5.0,0.0,-3.0,2.0
-2,-4.0,-8.0,-17.0,-19.0,1.0,-10.0,-2.0,-16.0,4.0,-2.0,-12.0,-16.0,-6.0,0.0,-3.0,2.0
-1,-3.0,-9.0,-17.0,-19.0,2.0,-9.0,-3.0,-14.0,7.0,-1.0,-14.0,-12.0,-6.0,-1.0,-3.0,2.0
-2,0.0,-8.0,-15.0,-19.0,3.0,-6.0,-3.0,-11.0,10.0,-1.0,-16.0,-7.0,-5.0,-2.0,-4.0,2.0
-3,3.0,-5.0,-11.0,-17.0,4.0,-2.0,-2.0,-7.0,11.0,0.0,-16.0,-2.0,-3.0,-3.0,-4.0,2.0
-3,5.0,-2.0,-7.0,-14.0,6.0,3.0,-1.0,-1.0,10.0,2.0,-14.0,3.0,-1.0,-2.0,-4.0,2.0
-3,7.0,3.0,-2.0,-11.0,9.0,8.0,-1.0,3.0,6.0,3.0,-9.0,6.0,1.0,-1.0,-3.0,2.0
-5,-1.0,-4.0,-5.0,-10.0,-1.0,-1.0,-2.0,-13.0,2.0,-5.0,-3.0,-10.0,-6.0,1.0,-3.0,2.0
-4,-1.0,-4.0,-4.0,-9.0,-1.0,-2.0,-1.0,-13.0,3.0,-3.0,-4.0,-7.0,-9.0,1.0,-3.0,2.0
-3,1.0,-5.0,-4.0,-9.0,-1.0,-2.0,0.0,-14.0,4.0,-2.0,-7.0,-5.0,-11.0,-1.0,-3.0,2.0
-2,1.0,-5.0,-4.0,-9.0,-1.0,-2.0,2.0,-14.0,5.0,-2.0,-10.0,-4.0,-12.0,-3.0,-2.0,2.0
-2,2.0,-5.0,-5.0,-10.0,-1.0,-1.0,2.0,-14.0,4.0,-2.0,-12.0,-3.0,-13.0,-5.0,-2.0,2.0
-3,2.0,-4.0,-6.0,-11.0,-2.0,-1.0,2.0,-13.0,2.0,-3.0,-13.0,-3.0,-13.0,-8.0,-3.0,2.0
-6,2.0,-3.0,-7.0,-13.0,-1.0,-1.0,1.0,-11.0,-1.0,-4.0,-13.0,-3.0,-11.0,-10.0,-4.0,2.0
-7,2.0,-2.0,-7.0,-13.0,0.0,0.0,-1.0,-9.0,-3.0,-5.0,-11.0,-3.0,-9.0,-11.0,-4.0,2.0
-9,2.0,-2.0,-5.0,-12.0,1.0,0.0,-1.0,-7.0,-5.0,-6.0,-9.0,-4.0,-8.0,-10.0,-5.0,2.0
-9,3.0,-2.0,-1.0,-11.0,3.0,1.0,-1.0,-6.0,-5.0,-6.0,-6.0,-4.0,-8.0,-7.0,-5.0,2.0
-8,4.0,-1.0,3.0,-10.0,4.0,3.0,-1.0,-6.0,-4.0,-6.0,-3.0,-3.0,-8.0,-3.0,-4.0,2.0
-3,10.0,6.0,-3.0,-1.0,7.0,8.0,-4.0,-1.0,-4.0,1.0,-1.0,-1.0,-7.0,3.0,1.0,2.0
-1,8.0,1.0,-7.0,-1.0,6.0,-3.0,-2.0,-13.0,1.0,-1.0,-6.0,-10.0,0.0,-7.0,-2.0,2.0
-1,5.0,-1.0,-8.0,-4.0,5.0,-5.0,-1.0,-19.0,4.0,-1.0,-5.0,-13.0,0.0,-4.0,-3.0,2.0
-1,2.0,-1.0,-8.0,-6.0,4.0,-5.0,-1.0,-19.0,5.0,1.0,-2.0,-12.0,-2.0,2.0,-4.0,2.0
-2,-3.0,-2.0,-13.0,-12.0,-1.0,-7.0,0.0,-14.0,3.0,0.0,-12.0,-10.0,-5.0,-7.0,-2.0,2.0
-2,-4.0,-2.0,-7.0,-12.0,1.0,-5.0,1.0,-17.0,1.0,0.0,-8.0,-13.0,-5.0,-4.0,-1.0,2.0
-2,-5.0,-2.0,-2.0,-11.0,2.0,-3.0,2.0,-19.0,1.0,1.0,-4.0,-16.0,-5.0,0.0,-1.0,2.0
-3,-2.0,2.0,4.0,3.0,1.0,-6.0,4.0,-13.0,5.0,3.0,5.0,-9.0,5.0,4.0,1.0,2.0
-2,-3.0,-1.0,3.0,3.0,-2.0,-8.0,4.0,-18.0,8.0,4.0,2.0,-10.0,3.0,5.0,-1.0,2.0
-3,-5.0,-3.0,2.0,2.0,-4.0,-10.0,3.0,-20.0,9.0,4.0,0.0,-10.0,1.0,6.0,-3.0,2.0
-2,-7.0,-5.0,1.0,1.0,-5.0,-11.0,3.0,-18.0,7.0,5.0,-2.0,-9.0,-1.0,6.0,-4.0,2.0
-12,-7.0,-5.0,-4.0,-13.0,-4.0,-10.0,-3.0,-8.0,-1.0,1.0,-10.0,-12.0,2.0,-8.0,-1.0,2.0
-13,-6.0,-5.0,-1.0,-13.0,-2.0,-7.0,-3.0,-11.0,1.0,0.0,-8.0,-13.0,0.0,-6.0,1.0,2.0
-6,-1.0,3.0,7.0,-5.0,8.0,6.0,-6.0,-17.0,2.0,2.0,7.0,-14.0,-2.0,5.0,5.0,2.0
-4,-2.0,3.0,7.0,-5.0,9.0,6.0,-6.0,-18.0,3.0,3.0,8.0,-15.0,0.0,8.0,4.0,2.0
-3,-5.0,1.0,-12.0,-12.0,3.0,-8.0,-2.0,-20.0,7.0,6.0,-8.0,-12.0,6.0,-8.0,-2.0,2.0
-5,-5.0,2.0,-8.0,-14.0,3.0,-5.0,1.0,-19.0,7.0,4.0,-8.0,-10.0,5.0,-11.0,-1.0,2.0
-9,-5.0,3.0,-5.0,-16.0,3.0,-3.0,2.0,-16.0,5.0,1.0,-8.0,-9.0,2.0,-12.0,0.0,2.0
-10,-1.0,4.0,-2.0,-15.0,5.0,1.0,-1.0,-10.0,-7.0,-4.0,-3.0,-15.0,-3.0,-3.0,-2.0,2.0
-8,-1.0,4.0,1.0,-14.0,6.0,3.0,1.0,-11.0,-5.0,-2.0,-2.0,-15.0,-1.0,0.0,-4.0,2.0
-5,0.0,5.0,1.0,-12.0,6.0,6.0,1.0,-11.0,-2.0,1.0,-2.0,-12.0,1.0,1.0,-4.0,2.0
-2,7.0,11.0,-5.0,-7.0,13.0,8.0,-3.0,-9.0,4.0,5.0,-3.0,-6.0,5.0,1.0,-2.0,2.0
-2,10.0,12.0,-7.0,-7.0,17.0,8.0,-5.0,-9.0,4.0,5.0,-3.0,-6.0,3.0,2.0,-1.0,2.0
-2,11.0,12.0,-7.0,-7.0,19.0,8.0,-6.0,-10.0,4.0,5.0,-1.0,-8.0,1.0,4.0,1.0,2.0
-2,10.0,11.0,-7.0,-8.0,19.0,9.0,-7.0,-10.0,2.0,4.0,2.0,-9.0,-1.0,5.0,3.0,2.0
-1,7.0,9.0,-6.0,-8.0,17.0,9.0,-8.0,-8.0,1.0,4.0,4.0,-9.0,0.0,5.0,4.0,2.0
-2,4.0,6.0,-4.0,-8.0,13.0,7.0,-8.0,-5.0,-1.0,3.0,5.0,-8.0,1.0,4.0,4.0,2.0
-2,-1.0,4.0,-1.0,-8.0,9.0,4.0,-6.0,-3.0,-2.0,2.0,4.0,-6.0,3.0,2.0,2.0,2.0
-4,-3.0,1.0,2.0,-8.0,6.0,1.0,-2.0,-3.0,-3.0,2.0,3.0,-5.0,4.0,0.0,-1.0,2.0
-6,-2.0,1.0,-1.0,-8.0,3.0,-6.0,4.0,9.0,-10.0,-1.0,-6.0,-2.0,3.0,-6.0,-3.0,2.0
-6,-1.0,2.0,-5.0,-9.0,4.0,-8.0,3.0,11.0,-13.0,-2.0,-8.0,-3.0,2.0,-7.0,-3.0,2.0
-6,-1.0,2.0,-8.0,-11.0,5.0,-9.0,2.0,9.0,-12.0,-3.0,-10.0,-6.0,-1.0,-6.0,-3.0,2.0
-6,-1.0,1.0,-9.0,-12.0,5.0,-10.0,2.0,4.0,-9.0,-3.0,-11.0,-8.0,-3.0,-3.0,-4.0,2.0
-6,-1.0,0.0,-8.0,-12.0,4.0,-10.0,2.0,-2.0,-3.0,-4.0,-11.0,-9.0,-6.0,-1.0,-4.0,2.0
-6,-1.0,-2.0,-6.0,-13.0,4.0,-10.0,3.0,-6.0,3.0,-4.0,-11.0,-9.0,-6.0,0.0,-4.0,2.0
-6,-1.0,-3.0,-4.0,-12.0,3.0,-10.0,4.0,-8.0,7.0,-5.0,-10.0,-8.0,-5.0,0.0,-3.0,2.0
-6,-2.0,-3.0,-4.0,-12.0,3.0,-11.0,4.0,-7.0,8.0,-5.0,-9.0,-7.0,-3.0,-2.0,-2.0,2.0
-7,-4.0,-3.0,-5.0,-12.0,3.0,-12.0,3.0,-5.0,5.0,-5.0,-8.0,-8.0,1.0,-5.0,-1.0,2.0
-8,-5.0,-2.0,-6.0,-12.0,3.0,-12.0,2.0,-3.0,1.0,-6.0,-8.0,-10.0,3.0,-8.0,0.0,2.0
-9,-7.0,0.0,-7.0,-13.0,2.0,-12.0,1.0,-1.0,-4.0,-6.0,-8.0,-11.0,4.0,-10.0,-1.0,2.0
-9,-8.0,1.0,-7.0,-13.0,1.0,-11.0,-1.0,3.0,-7.0,-6.0,-9.0,-11.0,4.0,-10.0,-2.0,2.0
-9,-8.0,2.0,-7.0,-12.0,-1.0,-8.0,-1.0,4.0,-8.0,-6.0,-9.0,-9.0,2.0,-10.0,-3.0,2.0
-7,-8.0,2.0,-6.0,-11.0,-2.0,-6.0,-1.0,4.0,-8.0,-4.0,-9.0,-8.0,1.0,-8.0,-3.0,2.0
-5,-1.0,2.0,-6.0,-9.0,3.0,-2.0,-2.0,-1.0,0.0,0.0,-6.0,-6.0,0.0,1.0,-2.0,2.0
-6,2.0,2.0,-5.0,-9.0,5.0,0.0,-3.0,1.0,0.0,1.0,-3.0,-5.0,2.0,2.0,-2.0,2.0
-6,4.0,3.0,-2.0,-8.0,7.0,3.0,-4.0,4.0,-2.0,1.0,-1.0,-5.0,4.0,3.0,-1.0,2.0
-6,5.0,4.0,2.0,-7.0,8.0,7.0,-3.0,4.0,-4.0,1.0,3.0,-5.0,6.0,2.0,1.0,2.0
-4,4.0,5.0,7.0,-4.0,9.0,9.0,-2.0,2.0,-4.0,1.0,7.0,-5.0,7.0,2.0,2.0,2.0
-4,-1.0,-1.0,5.0,-3.0,2.0,-3.0,3.0,-19.0,7.0,1.0,5.0,-7.0,-4.0,6.0,1.0,2.0
-6,1.0,-2.0,0.0,-4.0,2.0,-6.0,1.0,-21.0,8.0,-1.0,4.0,-10.0,-5.0,4.0,1.0,2.0
-7,3.0,-3.0,-4.0,-5.0,3.0,-7.0,0.0,-19.0,4.0,-2.0,3.0,-11.0,-6.0,2.0,2.0,2.0
-6,3.0,-3.0,-4.0,-6.0,2.0,-7.0,0.0,-13.0,0.0,-2.0,2.0,-9.0,-6.0,0.0,3.0,2.0
-5,1.0,-2.0,-2.0,-6.0,2.0,-6.0,1.0,-8.0,-2.0,-2.0,1.0,-7.0,-4.0,-2.0,3.0,2.0
-5,9.0,1.0,7.0,3.0,5.0,4.0,0.0,-7.0,4.0,-3.0,1.0,1.0,0.0,-4.0,-3.0,2.0
0,5.0,-2.0,5.0,5.0,4.0,0.0,-1.0,-11.0,7.0,-3.0,1.0,-1.0,1.0,-3.0,-3.0,2.0
5,1.0,-4.0,3.0,6.0,2.0,-3.0,-1.0,-13.0,9.0,-1.0,0.0,-2.0,3.0,-2.0,-3.0,2.0
6,-3.0,-6.0,1.0,5.0,0.0,-6.0,-1.0,-13.0,11.0,0.0,-2.0,-2.0,3.0,-1.0,-3.0,2.0
5,-4.0,-7.0,-1.0,3.0,-2.0,-7.0,-1.0,-11.0,11.0,2.0,-4.0,-1.0,3.0,0.0,-4.0,2.0
-9,-6.0,0.0,-4.0,-8.0,-6.0,-8.0,2.0,-5.0,3.0,1.0,3.0,-9.0,4.0,1.0,6.0,2.0
-9,-3.0,3.0,-3.0,-5.0,-3.0,-5.0,1.0,5.0,-4.0,-1.0,-2.0,-4.0,0.0,0.0,2.0,2.0
-7,-2.0,2.0,-3.0,-4.0,-2.0,-4.0,1.0,7.0,-9.0,-3.0,-3.0,-4.0,-1.0,-2.0,1.0,2.0
-4,-1.0,1.0,-3.0,-4.0,0.0,-4.0,1.0,6.0,-11.0,-4.0,-2.0,-6.0,-2.0,-4.0,0.0,2.0
-1,0.0,-1.0,-4.0,-4.0,1.0,-3.0,-1.0,2.0,-11.0,-5.0,-1.0,-8.0,-2.0,-5.0,1.0,2.0
0,0.0,-2.0,-5.0,-5.0,3.0,-3.0,-2.0,-2.0,-9.0,-5.0,0.0,-10.0,-1.0,-5.0,1.0,2.0
-1,1.0,-2.0,-5.0,-5.0,4.0,-2.0,-4.0,-5.0,-4.0,-4.0,-1.0,-10.0,-2.0,-4.0,1.0,2.0
-2,2.0,-1.0,-5.0,-5.0,5.0,-1.0,-5.0,-7.0,1.0,-3.0,-2.0,-9.0,-3.0,0.0,1.0,2.0
-3,3.0,2.0,-5.0,-4.0,5.0,1.0,-5.0,-6.0,4.0,-1.0,-3.0,-7.0,-4.0,5.0,1.0,2.0
-5,-3.0,-1.0,-4.0,-6.0,-1.0,-5.0,-1.0,1.0,-5.0,-3.0,-3.0,-2.0,-2.0,-3.0,-4.0,2.0
-7,-2.0,-2.0,-3.0,-7.0,-3.0,-4.0,0.0,2.0,-6.0,-3.0,-1.0,-1.0,-1.0,-4.0,-1.0,2.0
-9,1.0,-3.0,-1.0,-6.0,-4.0,-3.0,1.0,2.0,-6.0,-2.0,1.0,-3.0,0.0,-4.0,2.0,2.0
-9,3.0,-3.0,0.0,-4.0,-4.0,0.0,0.0,-3.0,-5.0,-2.0,2.0,-6.0,-2.0,-3.0,4.0,2.0
-8,6.0,-2.0,1.0,-2.0,-2.0,2.0,-1.0,-7.0,-4.0,-1.0,2.0,-8.0,-5.0,-2.0,4.0,2.0
-7,7.0,0.0,2.0,0.0,0.0,3.0,-1.0,-9.0,-6.0,-1.0,2.0,-9.0,-8.0,0.0,4.0,2.0
-5,8.0,1.0,3.0,1.0,2.0,4.0,-1.0,-9.0,-8.0,-2.0,1.0,-10.0,-11.0,0.0,3.0,2.0
-4,6.0,1.0,4.0,0.0,3.0,4.0,0.0,-7.0,-10.0,-3.0,-1.0,-9.0,-11.0,-1.0,1.0,2.0
-4,4.0,0.0,4.0,-1.0,2.0,4.0,1.0,-5.0,-9.0,-4.0,-1.0,-8.0,-9.0,-2.0,-1.0,2.0
-1,1.0,-4.0,-2.0,0.0,-5.0,3.0,-3.0,-10.0,5.0,-3.0,3.0,-4.0,-5.0,4.0,-1.0,2.0
-2,7.0,-2.0,-2.0,4.0,-3.0,2.0,-1.0,-7.0,-2.0,1.0,1.0,-1.0,-8.0,5.0,-2.0,2.0
-2,8.0,-1.0,-2.0,6.0,-3.0,1.0,-1.0,-4.0,-9.0,2.0,-1.0,-2.0,-9.0,3.0,-3.0,2.0
-1,7.0,0.0,-3.0,8.0,-3.0,0.0,-2.0,-1.0,-16.0,2.0,-2.0,-4.0,-9.0,0.0,-3.0,2.0
1,4.0,1.0,-4.0,9.0,-4.0,-1.0,-3.0,0.0,-19.0,1.0,-2.0,-5.0,-8.0,-3.0,-3.0,2.0
3,-1.0,1.0,-4.0,9.0,-5.0,-2.0,-3.0,-1.0,-19.0,0.0,-1.0,-6.0,-7.0,-4.0,-3.0,2.0
4,-5.0,0.0,-3.0,7.0,-7.0,-2.0,-2.0,-3.0,-17.0,0.0,-1.0,-7.0,-6.0,-5.0,-4.0,2.0
1,-9.0,0.0,1.0,4.0,-9.0,-2.0,-1.0,-8.0,-12.0,0.0,0.0,-7.0,-4.0,-4.0,-4.0,2.0
5,1.0,6.0,4.0,11.0,-1.0,7.0,-2.0,6.0,-11.0,5.0,8.0,1.0,-1.0,5.0,3.0,2.0
7,-2.0,4.0,-1.0,9.0,-3.0,3.0,-2.0,8.0,-13.0,3.0,1.0,0.0,-3.0,1.0,1.0,2.0
6,-4.0,2.0,-4.0,7.0,-5.0,-1.0,-1.0,6.0,-13.0,2.0,-4.0,-2.0,-5.0,-1.0,0.0,2.0
4,-4.0,0.0,-5.0,4.0,-6.0,-4.0,0.0,3.0,-10.0,1.0,-6.0,-4.0,-7.0,-2.0,0.0,2.0
-1,-3.0,-2.0,-5.0,2.0,-7.0,-5.0,0.0,-2.0,-6.0,1.0,-6.0,-5.0,-7.0,-1.0,1.0,2.0
-8,5.0,3.0,-1.0,3.0,-5.0,1.0,0.0,-6.0,2.0,5.0,0.0,-4.0,1.0,3.0,2.0,2.0
-10,0.0,2.0,-4.0,-5.0,-6.0,2.0,-2.0,-8.0,6.0,5.0,-1.0,-6.0,6.0,-1.0,3.0,2.0
-10,2.0,3.0,1.0,-4.0,-4.0,6.0,-2.0,-5.0,6.0,5.0,-1.0,-4.0,7.0,0.0,2.0,2.0
-5,2.0,0.0,-2.0,0.0,1.0,-4.0,-2.0,6.0,-5.0,4.0,5.0,2.0,-2.0,3.0,7.0,2.0
-7,5.0,-4.0,-7.0,-9.0,0.0,-5.0,0.0,-1.0,1.0,0.0,-6.0,-5.0,1.0,-4.0,2.0,2.0
-6,4.0,-5.0,-9.0,-10.0,0.0,-6.0,0.0,-2.0,4.0,1.0,-8.0,-6.0,3.0,-5.0,2.0,2.0
-4,6.0,3.0,3.0,-4.0,9.0,4.0,0.0,-6.0,10.0,1.0,-5.0,-7.0,3.0,8.0,-3.0,2.0
-5,6.0,2.0,7.0,-6.0,10.0,5.0,0.0,-7.0,13.0,2.0,-1.0,-5.0,6.0,8.0,-1.0,2.0
-7,7.0,0.0,8.0,-7.0,11.0,5.0,-1.0,-6.0,14.0,3.0,2.0,-4.0,10.0,6.0,1.0,2.0
-8,8.0,-1.0,6.0,-9.0,10.0,6.0,-1.0,-4.0,12.0,4.0,2.0,-3.0,14.0,2.0,2.0,2.0
-9,10.0,-2.0,4.0,-10.0,8.0,7.0,-2.0,2.0,8.0,5.0,1.0,-3.0,17.0,-1.0,2.0,2.0
-9,11.0,-2.0,1.0,-10.0,6.0,8.0,-2.0,8.0,2.0,5.0,-2.0,-4.0,18.0,-2.0,1.0,2.0
-9,13.0,-2.0,0.0,-9.0,5.0,8.0,-1.0,12.0,-2.0,5.0,-3.0,-3.0,16.0,-1.0,2.0,2.0
-7,15.0,-1.0,-1.0,-6.0,6.0,7.0,-1.0,12.0,-3.0,4.0,-3.0,-3.0,12.0,0.0,2.0,2.0
-5,16.0,1.0,-1.0,-2.0,7.0,6.0,-1.0,7.0,-1.0,4.0,-3.0,-5.0,8.0,2.0,2.0,2.0
-3,17.0,2.0,-1.0,2.0,8.0,5.0,-1.0,-1.0,4.0,4.0,-3.0,-7.0,6.0,4.0,2.0,2.0
-1,16.0,3.0,-1.0,5.0,8.0,5.0,-1.0,-8.0,10.0,5.0,-2.0,-8.0,6.0,6.0,1.0,2.0
1,14.0,4.0,1.0,7.0,8.0,6.0,0.0,-11.0,15.0,7.0,-2.0,-7.0,7.0,7.0,1.0,2.0
3,11.0,4.0,2.0,8.0,5.0,6.0,0.0,-11.0,18.0,8.0,-2.0,-5.0,9.0,8.0,0.0,2.0
3,7.0,3.0,2.0,6.0,2.0,6.0,1.0,-9.0,17.0,8.0,-3.0,-4.0,10.0,7.0,-1.0,2.0
2,3.0,1.0,1.0,4.0,-2.0,3.0,1.0,-7.0,14.0,7.0,-5.0,-4.0,9.0,6.0,-1.0,2.0
11,-9.0,-3.0,5.0,8.0,-6.0,-2.0,4.0,-3.0,12.0,1.0,-6.0,-2.0,10.0,0.0,-5.0,2.0
12,-13.0,-4.0,5.0,8.0,-8.0,-2.0,2.0,1.0,13.0,-1.0,-4.0,2.0,10.0,1.0,-3.0,2.0
11,-15.0,-5.0,6.0,6.0,-9.0,-1.0,1.0,3.0,12.0,-2.0,-2.0,4.0,9.0,0.0,-2.0,2.0
8,-15.0,-5.0,6.0,4.0,-9.0,-1.0,1.0,5.0,8.0,-4.0,-3.0,4.0,6.0,-1.0,-2.0,2.0
4,-5.0,-2.0,9.0,10.0,-6.0,4.0,-2.0,4.0,-2.0,-6.0,-3.0,-4.0,1.0,-3.0,-1.0,2.0
-1,-1.0,-2.0,2.0,4.0,-9.0,3.0,0.0,3.0,-11.0,-2.0,3.0,3.0,-9.0,-4.0,3.0,2.0
3,-1.0,-2.0,2.0,9.0,-9.0,2.0,1.0,6.0,-11.0,-2.0,3.0,7.0,-9.0,-5.0,3.0,2.0
7,-3.0,-3.0,2.0,12.0,-10.0,0.0,2.0,5.0,-10.0,-2.0,4.0,9.0,-10.0,-4.0,3.0,2.0
8,-6.0,-4.0,2.0,13.0,-12.0,-3.0,3.0,2.0,-7.0,-1.0,5.0,9.0,-10.0,-3.0,3.0,2.0
8,-10.0,-5.0,2.0,13.0,-15.0,-7.0,4.0,-1.0,-4.0,0.0,6.0,8.0,-8.0,-2.0,3.0,2.0
7,-12.0,-7.0,1.0,11.0,-18.0,-10.0,4.0,-2.0,-2.0,1.0,6.0,6.0,-6.0,-2.0,4.0,2.0
4,-14.0,-7.0,-2.0,9.0,-19.0,-12.0,4.0,-1.0,-2.0,1.0,4.0,5.0,-5.0,-1.0,3.0,2.0
1,-13.0,-7.0,-5.0,7.0,-19.0,-14.0,3.0,0.0,-3.0,1.0,1.0,3.0,-6.0,0.0,2.0,2.0
-1,-12.0,-6.0,-7.0,6.0,-18.0,-15.0,2.0,-2.0,-5.0,0.0,-3.0,-1.0,-9.0,0.0,1.0,2.0
-2,-8.0,-4.0,-7.0,6.0,-17.0,-14.0,3.0,-5.0,-4.0,-1.0,-6.0,-4.0,-12.0,0.0,0.0,2.0
-2,-4.0,-3.0,-7.0,7.0,-14.0,-12.0,3.0,-10.0,-3.0,-1.0,-8.0,-8.0,-13.0,1.0,-1.0,2.0
1,-1.0,-2.0,-8.0,9.0,-11.0,-10.0,3.0,-12.0,0.0,-2.0,-10.0,-10.0,-13.0,1.0,-3.0,2.0
4,2.0,-1.0,-10.0,11.0,-9.0,-8.0,0.0,-13.0,4.0,-2.0,-11.0,-9.0,-10.0,0.0,-3.0,2.0
5,2.0,-4.0,-6.0,13.0,-7.0,-6.0,-2.0,-1.0,13.0,1.0,-2.0,6.0,4.0,-1.0,3.0,2.0
4,3.0,-4.0,-3.0,13.0,-7.0,-5.0,-2.0,1.0,10.0,2.0,1.0,6.0,4.0,-1.0,4.0,2.0
3,4.0,-3.0,-3.0,14.0,-7.0,-4.0,-3.0,2.0,7.0,2.0,2.0,6.0,3.0,1.0,4.0,2.0
3,6.0,-2.0,-3.0,16.0,-7.0,-2.0,-4.0,2.0,4.0,2.0,3.0,4.0,0.0,4.0,4.0,2.0
3,7.0,-2.0,-3.0,17.0,-7.0,-1.0,-5.0,0.0,3.0,2.0,5.0,0.0,-1.0,7.0,3.0,2.0
2,7.0,-1.0,-3.0,17.0,-6.0,0.0,-5.0,-6.0,3.0,3.0,6.0,-5.0,-1.0,9.0,3.0,2.0
2,8.0,0.0,-2.0,15.0,-5.0,1.0,-4.0,-13.0,6.0,4.0,7.0,-9.0,0.0,9.0,3.0,2.0
2,7.0,-1.0,-1.0,13.0,-3.0,2.0,-3.0,-19.0,8.0,6.0,7.0,-12.0,2.0,9.0,2.0,2.0
3,7.0,-1.0,-1.0,12.0,-2.0,1.0,-4.0,-21.0,10.0,7.0,6.0,-11.0,3.0,8.0,1.0,2.0
3,7.0,-1.0,-2.0,11.0,-1.0,-1.0,-5.0,-18.0,9.0,7.0,4.0,-9.0,4.0,7.0,1.0,2.0
2,7.0,-2.0,-4.0,12.0,0.0,-2.0,-6.0,-10.0,6.0,7.0,2.0,-5.0,4.0,5.0,0.0,2.0
2,4.0,-3.0,-3.0,14.0,-3.0,-6.0,-5.0,12.0,-7.0,2.0,-4.0,6.0,-2.0,0.0,-2.0,2.0
0,-4.0,-7.0,-7.0,7.0,-10.0,-8.0,-6.0,-8.0,7.0,-3.0,-5.0,4.0,-4.0,-5.0,-3.0,2.0
-2,-4.0,-6.0,-7.0,5.0,-12.0,-7.0,-5.0,-11.0,10.0,-3.0,-4.0,0.0,-2.0,-6.0,-1.0,2.0
-4,-4.0,-5.0,-4.0,5.0,-13.0,-6.0,-2.0,-13.0,11.0,-4.0,-4.0,-4.0,1.0,-7.0,0.0,2.0
-4,-2.0,-3.0,-2.0,6.0,-12.0,-4.0,0.0,-14.0,10.0,-6.0,-4.0,-8.0,2.0,-9.0,1.0,2.0
-4,-1.0,-2.0,-1.0,7.0,-11.0,-3.0,0.0,-16.0,8.0,-7.0,-3.0,-12.0,3.0,-10.0,2.0,2.0
-4,0.0,-1.0,0.0,7.0,-9.0,-3.0,0.0,-15.0,3.0,-7.0,-2.0,-13.0,2.0,-11.0,2.0,2.0
-4,0.0,0.0,1.0,7.0,-7.0,-2.0,0.0,-11.0,-3.0,-6.0,0.0,-12.0,0.0,-11.0,2.0,2.0
-3,-2.0,0.0,2.0,6.0,-7.0,-2.0,0.0,-5.0,-9.0,-4.0,2.0,-7.0,-1.0,-9.0,2.0,2.0
-4,-5.0,-2.0,-9.0,-13.0,-6.0,1.0,-3.0,0.0,-4.0,-1.0,-6.0,-12.0,2.0,-4.0,3.0,2.0
0,3.0,7.0,-10.0,-9.0,6.0,6.0,-4.0,8.0,-12.0,2.0,-8.0,-9.0,3.0,-7.0,3.0,2.0
-7,-4.0,2.0,-10.0,-12.0,-2.0,-4.0,0.0,-2.0,-1.0,3.0,-10.0,-13.0,9.0,-5.0,-1.0,2.0
-10,-4.0,2.0,-8.0,-13.0,-2.0,-6.0,2.0,-5.0,2.0,1.0,-10.0,-14.0,9.0,-4.0,-2.0,2.0
-12,-2.0,2.0,-6.0,-13.0,-2.0,-6.0,2.0,-6.0,4.0,-1.0,-11.0,-15.0,9.0,-4.0,-3.0,2.0
-11,0.0,2.0,-4.0,-12.0,-1.0,-4.0,3.0,-5.0,3.0,-3.0,-11.0,-14.0,6.0,-4.0,-4.0,2.0
-1,1.0,0.0,-3.0,-7.0,3.0,-2.0,2.0,3.0,-9.0,-4.0,-11.0,-12.0,-4.0,-4.0,-1.0,2.0
3,-2.0,-2.0,-6.0,-6.0,4.0,-4.0,-1.0,0.0,-9.0,-2.0,-11.0,-13.0,-3.0,-5.0,-1.0,2.0
5,-4.0,-3.0,-10.0,-6.0,6.0,-7.0,-5.0,-4.0,-7.0,0.0,-11.0,-14.0,-1.0,-7.0,-2.0,2.0
4,-6.0,-4.0,-13.0,-6.0,6.0,-9.0,-8.0,-10.0,-2.0,1.0,-11.0,-15.0,3.0,-8.0,-2.0,2.0
1,-7.0,-4.0,-12.0,-6.0,4.0,-10.0,-9.0,-15.0,2.0,2.0,-9.0,-15.0,4.0,-8.0,-2.0,2.0
-3,-6.0,-3.0,-8.0,-6.0,2.0,-9.0,-7.0,-18.0,4.0,1.0,-6.0,-14.0,2.0,-6.0,-2.0,2.0
-7,-5.0,-3.0,-3.0,-6.0,-1.0,-7.0,-3.0,-17.0,2.0,0.0,-3.0,-12.0,-3.0,-2.0,-1.0,2.0
-10,1.0,1.0,-2.0,-6.0,-4.0,-1.0,1.0,-5.0,-10.0,-4.0,-1.0,-8.0,-11.0,-1.0,0.0,2.0
-5,1.0,0.0,-4.0,-4.0,-3.0,-3.0,1.0,-8.0,-6.0,-4.0,-6.0,-9.0,-9.0,-3.0,-3.0,2.0
0,0.0,-1.0,-7.0,-2.0,-2.0,-4.0,0.0,-11.0,-1.0,-2.0,-7.0,-8.0,-5.0,-4.0,-4.0,2.0
4,-1.0,-1.0,-10.0,-1.0,-2.0,-5.0,-1.0,-12.0,4.0,1.0,-7.0,-7.0,-1.0,-3.0,-4.0,2.0
6,-9.0,-7.0,-2.0,-1.0,-6.0,-9.0,4.0,-10.0,2.0,-2.0,6.0,-11.0,6.0,3.0,-2.0,2.0
6,-8.0,-6.0,-3.0,-1.0,-5.0,-9.0,4.0,-9.0,4.0,-5.0,4.0,-10.0,2.0,5.0,-3.0,2.0
1,-6.0,-1.0,-1.0,-1.0,-2.0,1.0,-4.0,-22.0,6.0,5.0,5.0,-14.0,7.0,-1.0,2.0,2.0
-8,-12.0,-4.0,7.0,-3.0,-9.0,-8.0,3.0,-10.0,7.0,0.0,8.0,-7.0,13.0,-1.0,1.0,2.0
4,-6.0,2.0,-4.0,6.0,-2.0,-6.0,-2.0,-6.0,6.0,4.0,-3.0,-1.0,5.0,2.0,-5.0,2.0
1,-6.0,3.0,-1.0,4.0,-2.0,-3.0,-3.0,-11.0,8.0,5.0,-2.0,-4.0,6.0,3.0,-5.0,2.0
-3,-6.0,4.0,3.0,3.0,-3.0,1.0,-3.0,-14.0,8.0,5.0,0.0,-6.0,5.0,2.0,-3.0,2.0
3,-7.0,-2.0,-4.0,3.0,-8.0,-9.0,3.0,-9.0,-1.0,-5.0,3.0,-4.0,-11.0,2.0,2.0,2.0
1,-8.0,-3.0,-3.0,3.0,-9.0,-9.0,2.0,-13.0,2.0,-2.0,2.0,-5.0,-9.0,3.0,0.0,2.0
-1,-8.0,-4.0,-1.0,3.0,-11.0,-9.0,2.0,-13.0,3.0,0.0,2.0,-5.0,-6.0,2.0,0.0,2.0
-3,-8.0,-6.0,1.0,3.0,-11.0,-10.0,2.0,-12.0,4.0,0.0,2.0,-3.0,-3.0,0.0,0.0,2.0
-3,-8.0,-7.0,2.0,3.0,-11.0,-11.0,3.0,-9.0,4.0,-2.0,3.0,1.0,-2.0,-3.0,0.0,2.0
-2,-5.0,3.0,3.0,-3.0,2.0,3.0,-1.0,6.0,-15.0,-6.0,1.0,-6.0,-8.0,-2.0,1.0,2.0
-3,-3.0,3.0,2.0,-3.0,1.0,3.0,-2.0,5.0,-13.0,-5.0,1.0,-6.0,-9.0,0.0,2.0,2.0
0,-5.0,0.0,1.0,3.0,-5.0,-5.0,3.0,-19.0,7.0,1.0,7.0,-8.0,0.0,4.0,-1.0,2.0
3,-16.0,0.0,-1.0,-3.0,-9.0,-4.0,2.0,2.0,-14.0,-1.0,3.0,4.0,-8.0,-2.0,-2.0,2.0
5,-15.0,-1.0,-1.0,-1.0,-7.0,-6.0,1.0,7.0,-13.0,-1.0,3.0,9.0,-8.0,-3.0,-2.0,2.0
5,-12.0,-2.0,-4.0,1.0,-5.0,-8.0,-1.0,11.0,-13.0,-1.0,2.0,12.0,-8.0,-5.0,-1.0,2.0
3,-8.0,-3.0,-6.0,2.0,-4.0,-9.0,-4.0,13.0,-14.0,-2.0,2.0,14.0,-10.0,-5.0,-1.0,2.0
0,-4.0,-4.0,-8.0,2.0,-3.0,-10.0,-6.0,13.0,-15.0,-3.0,1.0,14.0,-12.0,-5.0,-1.0,2.0
-3,-1.0,-4.0,-8.0,2.0,-2.0,-9.0,-7.0,12.0,-14.0,-4.0,0.0,13.0,-13.0,-5.0,-2.0,2.0
-4,2.0,-4.0,-6.0,1.0,0.0,-8.0,-6.0,10.0,-12.0,-5.0,-2.0,13.0,-12.0,-7.0,-4.0,2.0
-4,3.0,-3.0,-4.0,1.0,2.0,-6.0,-4.0,9.0,-9.0,-6.0,-5.0,13.0,-8.0,-8.0,-7.0,2.0
0,2.0,-2.0,-3.0,0.0,-2.0,-4.0,2.0,14.0,-3.0,-3.0,-7.0,17.0,-9.0,-4.0,-3.0,2.0
-2,5.0,-1.0,-1.0,2.0,-1.0,-3.0,3.0,15.0,-5.0,-4.0,-6.0,17.0,-11.0,-2.0,-2.0,2.0
-2,6.0,0.0,1.0,2.0,1.0,-2.0,4.0,12.0,-6.0,-4.0,-4.0,13.0,-11.0,-2.0,-2.0,2.0
-2,6.0,1.0,2.0,2.0,3.0,-2.0,3.0,7.0,-5.0,-4.0,-2.0,8.0,-10.0,-1.0,-1.0,2.0
-2,5.0,1.0,2.0,1.0,4.0,-2.0,2.0,0.0,-4.0,-3.0,0.0,3.0,-9.0,1.0,0.0,2.0
-3,2.0,0.0,0.0,-1.0,3.0,-2.0,1.0,-5.0,-2.0,-1.0,2.0,0.0,-8.0,2.0,1.0,2.0
-7,0.0,-1.0,-2.0,-5.0,3.0,-7.0,0.0,0.0,1.0,2.0,0.0,6.0,-9.0,5.0,0.0,2.0
4,0.0,1.0,-9.0,-1.0,2.0,-8.0,3.0,20.0,-12.0,-2.0,-12.0,13.0,-7.0,-8.0,-5.0,2.0
5,-3.0,0.0,-9.0,-1.0,0.0,-10.0,4.0,15.0,-12.0,-1.0,-11.0,12.0,-7.0,-8.0,-5.0,2.0
1,0.0,2.0,-3.0,0.0,1.0,-2.0,0.0,-8.0,5.0,-3.0,-4.0,-9.0,1.0,1.0,-3.0,2.0
1,0.0,-1.0,-4.0,0.0,0.0,-3.0,-1.0,-5.0,7.0,-3.0,-4.0,-6.0,3.0,2.0,-3.0,2.0
1,-5.0,2.0,6.0,7.0,-3.0,2.0,-2.0,-19.0,2.0,-3.0,6.0,-11.0,-4.0,-2.0,1.0,2.0
4,1.0,0.0,1.0,1.0,0.0,0.0,6.0,-7.0,9.0,-2.0,-7.0,3.0,-2.0,-4.0,-3.0,2.0
3,-1.0,-2.0,-3.0,-3.0,-1.0,-5.0,6.0,-11.0,13.0,0.0,-9.0,1.0,-2.0,-3.0,-4.0,2.0
0,-2.0,-4.0,-8.0,-7.0,-3.0,-10.0,6.0,-13.0,14.0,1.0,-12.0,-2.0,-2.0,-2.0,-4.0,2.0
-4,18.0,3.0,0.0,-3.0,10.0,12.0,-2.0,8.0,-5.0,6.0,-2.0,5.0,0.0,2.0,0.0,2.0
-2,17.0,3.0,4.0,0.0,10.0,15.0,-2.0,7.0,-4.0,5.0,0.0,3.0,3.0,0.0,2.0,2.0
-5,2.0,-6.0,8.0,-2.0,-4.0,4.0,2.0,6.0,-1.0,-2.0,-2.0,12.0,-11.0,2.0,-2.0,2.0
-7,1.0,-5.0,6.0,-3.0,-6.0,3.0,1.0,7.0,1.0,-2.0,-4.0,14.0,-10.0,-1.0,-1.0,2.0
-7,1.0,-3.0,4.0,-3.0,-5.0,2.0,1.0,7.0,4.0,-2.0,-6.0,14.0,-8.0,-4.0,0.0,2.0
4,2.0,-1.0,1.0,6.0,-4.0,1.0,4.0,-2.0,-1.0,1.0,-4.0,-2.0,-6.0,1.0,1.0,2.0
6,0.0,-2.0,-2.0,8.0,-7.0,-2.0,3.0,-3.0,-1.0,0.0,-4.0,-3.0,-8.0,2.0,0.0,2.0
6,-2.0,-4.0,-5.0,9.0,-9.0,-5.0,1.0,-3.0,-2.0,-1.0,-6.0,-2.0,-10.0,2.0,-1.0,2.0
4,-3.0,-5.0,-7.0,7.0,-10.0,-8.0,1.0,1.0,-4.0,-2.0,-8.0,1.0,-12.0,0.0,-3.0,2.0
2,-3.0,-6.0,-8.0,5.0,-11.0,-10.0,1.0,5.0,-7.0,-4.0,-12.0,4.0,-13.0,-3.0,-5.0,2.0
3,1.0,-2.0,-4.0,7.0,-2.0,-5.0,-2.0,9.0,-6.0,-4.0,7.0,-1.0,-2.0,8.0,2.0,2.0
1,2.0,-2.0,-2.0,7.0,-2.0,-5.0,-2.0,9.0,-7.0,-4.0,8.0,-2.0,-1.0,7.0,3.0,2.0
-2,3.0,-2.0,0.0,8.0,-3.0,-4.0,-2.0,8.0,-5.0,-4.0,8.0,-1.0,1.0,5.0,3.0,2.0
-2,4.0,-1.0,1.0,10.0,-4.0,-2.0,-2.0,6.0,-1.0,-4.0,7.0,1.0,4.0,2.0,2.0,2.0
1,2.0,1.0,4.0,14.0,-4.0,1.0,-3.0,3.0,6.0,-4.0,4.0,4.0,8.0,-2.0,-1.0,2.0
3,0.0,2.0,4.0,14.0,-4.0,1.0,-3.0,4.0,8.0,-3.0,2.0,7.0,8.0,-2.0,-3.0,2.0
4,-2.0,2.0,4.0,13.0,-3.0,1.0,-2.0,5.0,8.0,-2.0,0.0,9.0,5.0,0.0,-3.0,2.0
6,-3.0,2.0,3.0,11.0,-1.0,1.0,-1.0,4.0,4.0,-1.0,-3.0,8.0,-2.0,1.0,-2.0,2.0
7,-2.0,3.0,1.0,10.0,-2.0,1.0,0.0,3.0,2.0,-1.0,-3.0,6.0,-4.0,1.0,-1.0,2.0
7,-2.0,4.0,0.0,9.0,-2.0,1.0,1.0,5.0,-1.0,-1.0,-3.0,4.0,-4.0,1.0,0.0,2.0
5,-2.0,4.0,-1.0,7.0,-1.0,0.0,1.0,7.0,-2.0,-1.0,-3.0,4.0,-4.0,1.0,0.0,2.0
3,-2.0,5.0,-2.0,5.0,-1.0,-2.0,1.0,9.0,-3.0,0.0,-3.0,3.0,-2.0,2.0,0.0,2.0
12,-2.0,0.0,-6.0,4.0,3.0,-2.0,-1.0,3.0,-5.0,-3.0,-9.0,1.0,-11.0,0.0,-5.0,2.0
11,0.0,1.0,-5.0,5.0,3.0,0.0,-1.0,6.0,-6.0,-3.0,-6.0,3.0,-11.0,2.0,-3.0,2.0
9,1.0,3.0,-5.0,5.0,4.0,0.0,-1.0,7.0,-6.0,-3.0,-3.0,3.0,-8.0,3.0,-2.0,2.0
7,-1.0,3.0,2.0,7.0,2.0,-2.0,4.0,-5.0,3.0,1.0,5.0,-2.0,3.0,0.0,2.0,2.0
6,-2.0,2.0,0.0,4.0,0.0,-2.0,4.0,-5.0,3.0,1.0,3.0,-2.0,3.0,0.0,1.0,2.0
8,-4.0,-4.0,-6.0,3.0,-5.0,-5.0,0.0,10.0,-8.0,-3.0,-1.0,7.0,-3.0,-3.0,-2.0,2.0
9,-4.0,-5.0,-3.0,5.0,-6.0,-3.0,1.0,11.0,-8.0,-3.0,1.0,7.0,-4.0,-1.0,-1.0,2.0
9,-5.0,-5.0,2.0,6.0,-7.0,-1.0,3.0,8.0,-7.0,-1.0,4.0,6.0,-5.0,3.0,-1.0,2.0
8,-5.0,-4.0,6.0,7.0,-7.0,1.0,5.0,4.0,-5.0,1.0,7.0,5.0,-6.0,7.0,0.0,2.0
2,4.0,1.0,3.0,4.0,9.0,-2.0,-1.0,5.0,-3.0,4.0,8.0,2.0,2.0,9.0,2.0,2.0
3,3.0,1.0,3.0,4.0,8.0,-2.0,-1.0,6.0,-3.0,3.0,8.0,3.0,2.0,7.0,2.0,2.0
-10,12.0,0.0,2.0,-3.0,1.0,6.0,1.0,-7.0,7.0,8.0,3.0,1.0,-5.0,12.0,3.0,2.0
-9,11.0,0.0,6.0,-1.0,-2.0,8.0,3.0,-7.0,8.0,7.0,2.0,2.0,-2.0,8.0,3.0,2.0
-4,5.0,-1.0,9.0,3.0,-6.0,7.0,5.0,-4.0,10.0,4.0,0.0,5.0,4.0,0.0,1.0,2.0
-3,1.0,-2.0,6.0,3.0,-8.0,4.0,4.0,-3.0,10.0,3.0,-1.0,7.0,4.0,-1.0,0.0,2.0
-3,-2.0,-3.0,2.0,2.0,-7.0,-1.0,1.0,-3.0,9.0,3.0,-1.0,6.0,2.0,0.0,0.0,2.0
-4,-4.0,-3.0,-2.0,0.0,-6.0,-5.0,-1.0,-3.0,6.0,3.0,-1.0,5.0,-2.0,0.0,0.0,2.0
-11,6.0,-1.0,4.0,-2.0,1.0,-2.0,0.0,-2.0,-6.0,3.0,-4.0,-1.0,-6.0,1.0,-3.0,2.0
-12,9.0,-2.0,7.0,-1.0,1.0,1.0,2.0,-4.0,-3.0,3.0,-2.0,-2.0,-6.0,3.0,-2.0,2.0
-10,10.0,-4.0,10.0,-1.0,0.0,2.0,4.0,-7.0,1.0,2.0,0.0,-3.0,-6.0,5.0,-1.0,2.0
-13,-3.0,-6.0,-1.0,-10.0,-6.0,-8.0,2.0,4.0,-6.0,-8.0,-4.0,-3.0,-3.0,-5.0,-3.0,2.0
-13,-3.0,-4.0,-2.0,-8.0,-4.0,-9.0,1.0,11.0,-11.0,-9.0,-4.0,1.0,-7.0,-3.0,-4.0,2.0
-12,-1.0,-3.0,-2.0,-5.0,-3.0,-9.0,0.0,15.0,-13.0,-8.0,-4.0,5.0,-9.0,-2.0,-4.0,2.0
-9,0.0,-2.0,-1.0,-2.0,-3.0,-7.0,0.0,14.0,-12.0,-6.0,-3.0,6.0,-8.0,-1.0,-3.0,2.0
-7,0.0,-2.0,1.0,1.0,-5.0,-5.0,0.0,10.0,-9.0,-4.0,-2.0,5.0,-6.0,-2.0,-2.0,2.0
-5,0.0,-3.0,2.0,3.0,-7.0,-3.0,1.0,4.0,-4.0,-2.0,-1.0,3.0,-4.0,-1.0,-1.0,2.0
-11,-1.0,-8.0,3.0,-3.0,-9.0,-9.0,3.0,2.0,3.0,1.0,-3.0,6.0,-1.0,-1.0,-1.0,2.0
-16,1.0,-8.0,3.0,-5.0,-11.0,-7.0,3.0,0.0,2.0,0.0,-6.0,5.0,-1.0,-4.0,-4.0,2.0
-19,2.0,-7.0,2.0,-6.0,-12.0,-6.0,1.0,-1.0,-1.0,-1.0,-9.0,4.0,-2.0,-7.0,-6.0,2.0
-19,2.0,-6.0,2.0,-4.0,-12.0,-4.0,0.0,-1.0,-3.0,-2.0,-8.0,5.0,-3.0,-8.0,-7.0,2.0
-17,2.0,-5.0,3.0,-2.0,-13.0,-2.0,-1.0,1.0,-5.0,-3.0,-5.0,7.0,-5.0,-8.0,-5.0,2.0
-12,0.0,-3.0,5.0,2.0,-13.0,1.0,0.0,3.0,-6.0,-2.0,0.0,11.0,-6.0,-7.0,-3.0,2.0
-8,-2.0,-1.0,8.0,4.0,-13.0,5.0,1.0,4.0,-7.0,-1.0,5.0,13.0,-7.0,-5.0,0.0,2.0
-6,-4.0,1.0,10.0,4.0,-13.0,8.0,3.0,4.0,-9.0,1.0,9.0,12.0,-7.0,-2.0,2.0,2.0
-3,-9.0,-1.0,11.0,2.0,-11.0,3.0,5.0,-1.0,7.0,2.0,-3.0,15.0,-5.0,0.0,-4.0,2.0
-3,-10.0,-2.0,9.0,1.0,-11.0,1.0,3.0,4.0,6.0,-1.0,-3.0,19.0,-4.0,-5.0,-5.0,2.0
-3,-10.0,-2.0,6.0,-1.0,-10.0,-2.0,2.0,6.0,5.0,-2.0,-5.0,21.0,-4.0,-8.0,-5.0,2.0
-3,-10.0,-3.0,3.0,-3.0,-9.0,-4.0,2.0,5.0,4.0,-4.0,-7.0,19.0,-6.0,-9.0,-6.0,2.0
-4,-8.0,-4.0,-1.0,-6.0,-7.0,-6.0,1.0,3.0,2.0,-4.0,-8.0,15.0,-8.0,-8.0,-7.0,2.0
-7,-3.0,-5.0,-7.0,-10.0,-3.0,-8.0,-1.0,2.0,-4.0,-2.0,-10.0,7.0,-8.0,-7.0,-6.0,2.0
-8,0.0,-5.0,-7.0,-11.0,-1.0,-8.0,0.0,0.0,-5.0,1.0,-10.0,5.0,-7.0,-6.0,-7.0,2.0
-1,-3.0,6.0,12.0,2.0,0.0,10.0,3.0,-3.0,6.0,5.0,8.0,14.0,0.0,2.0,-1.0,2.0
0,-2.0,5.0,8.0,2.0,1.0,5.0,3.0,-1.0,7.0,4.0,8.0,15.0,3.0,-1.0,1.0,2.0
0,-2.0,3.0,3.0,2.0,3.0,-1.0,1.0,1.0,8.0,2.0,6.0,15.0,3.0,-2.0,1.0,2.0
-5,-5.0,5.0,-2.0,-1.0,-6.0,-2.0,2.0,2.0,1.0,4.0,-5.0,8.0,1.0,-2.0,-6.0,2.0
-6,-6.0,5.0,-1.0,-3.0,-7.0,-1.0,2.0,1.0,3.0,3.0,-3.0,11.0,-1.0,0.0,-6.0,2.0
-6,-7.0,4.0,-2.0,-5.0,-7.0,-2.0,2.0,0.0,6.0,2.0,-2.0,12.0,-3.0,1.0,-5.0,2.0
-5,-7.0,2.0,-4.0,-5.0,-7.0,-3.0,1.0,-1.0,7.0,0.0,-1.0,13.0,-4.0,1.0,-5.0,2.0
-4,5.0,4.0,-5.0,-1.0,1.0,3.0,-3.0,-5.0,-5.0,5.0,-3.0,3.0,-10.0,5.0,-4.0,2.0
-3,3.0,0.0,-9.0,1.0,-2.0,-3.0,-6.0,-8.0,-10.0,-1.0,2.0,-9.0,-8.0,1.0,-2.0,2.0
-2,4.0,0.0,-8.0,2.0,0.0,-5.0,-3.0,-8.0,-12.0,-1.0,-1.0,-12.0,-8.0,2.0,-3.0,2.0
5,-5.0,-1.0,-8.0,-2.0,-3.0,-9.0,5.0,-16.0,6.0,3.0,1.0,-3.0,-3.0,2.0,-2.0,2.0
5,-5.0,-2.0,-12.0,-4.0,-3.0,-11.0,3.0,-14.0,6.0,2.0,-2.0,-2.0,-1.0,-3.0,-3.0,2.0
2,-1.0,2.0,-11.0,-1.0,-1.0,0.0,-7.0,-10.0,-8.0,-4.0,-8.0,-14.0,-8.0,-5.0,-3.0,2.0
4,-2.0,4.0,-5.0,4.0,-2.0,4.0,-5.0,-12.0,-4.0,-2.0,-4.0,-12.0,-4.0,-4.0,-2.0,2.0
6,-3.0,5.0,1.0,8.0,-2.0,6.0,-3.0,-11.0,-1.0,0.0,0.0,-8.0,1.0,-3.0,-1.0,2.0
6,-3.0,6.0,3.0,10.0,-3.0,7.0,-3.0,-7.0,1.0,1.0,4.0,-2.0,4.0,-3.0,0.0,2.0
2,-2.0,5.0,3.0,7.0,1.0,4.0,-4.0,12.0,-8.0,1.0,10.0,12.0,2.0,-5.0,5.0,2.0
-2,-1.0,4.0,5.0,3.0,2.0,3.0,-2.0,11.0,-8.0,0.0,8.0,12.0,-2.0,-4.0,5.0,2.0
-4,0.0,4.0,8.0,-1.0,4.0,3.0,2.0,7.0,-8.0,-1.0,6.0,9.0,-7.0,-2.0,4.0,2.0
-12,-3.0,-4.0,-2.0,-14.0,1.0,-7.0,0.0,1.0,-2.0,1.0,4.0,7.0,-4.0,1.0,1.0,2.0
-9,1.0,-3.0,-5.0,-11.0,2.0,-7.0,0.0,6.0,-4.0,0.0,-1.0,7.0,-4.0,-2.0,-1.0,2.0
-6,3.0,-1.0,-8.0,-9.0,4.0,-6.0,0.0,7.0,-4.0,-1.0,-7.0,7.0,-4.0,-4.0,-3.0,2.0
-2,-5.0,1.0,-15.0,-16.0,6.0,-8.0,-3.0,0.0,3.0,0.0,-6.0,5.0,-5.0,-1.0,-1.0,2.0
-3,-5.0,0.0,-13.0,-17.0,5.0,-7.0,-2.0,2.0,3.0,-1.0,-6.0,6.0,-3.0,-3.0,-2.0,2.0
-5,-4.0,0.0,-13.0,-17.0,4.0,-7.0,-2.0,6.0,3.0,-2.0,-8.0,8.0,-1.0,-5.0,-3.0,2.0
-7,-1.0,-1.0,-14.0,-18.0,3.0,-5.0,-3.0,8.0,5.0,-4.0,-11.0,9.0,-1.0,-6.0,-4.0,2.0
-10,1.0,0.0,-14.0,-18.0,3.0,-4.0,-4.0,9.0,6.0,-5.0,-14.0,9.0,-2.0,-6.0,-6.0,2.0
-11,3.0,1.0,-12.0,-17.0,2.0,-1.0,-3.0,9.0,7.0,-6.0,-15.0,9.0,-3.0,-6.0,-6.0,2.0
-10,2.0,2.0,-8.0,-17.0,2.0,2.0,-2.0,7.0,6.0,-7.0,-13.0,8.0,-5.0,-6.0,-5.0,2.0
-11,3.0,-3.0,5.0,-20.0,7.0,7.0,-1.0,20.0,-8.0,-5.0,11.0,17.0,-10.0,3.0,8.0,2.0
-10,3.0,-2.0,5.0,-19.0,6.0,8.0,0.0,23.0,-9.0,-6.0,5.0,18.0,-8.0,-2.0,5.0,2.0
-9,1.0,-2.0,5.0,-18.0,6.0,6.0,1.0,20.0,-7.0,-6.0,-2.0,16.0,-6.0,-6.0,1.0,2.0
-7,-3.0,-3.0,6.0,-18.0,6.0,4.0,2.0,14.0,-4.0,-6.0,-6.0,12.0,-5.0,-8.0,-2.0,2.0
-6,-6.0,-4.0,5.0,-18.0,6.0,0.0,2.0,8.0,-1.0,-6.0,-7.0,8.0,-4.0,-8.0,-3.0,2.0
-4,-7.0,-5.0,3.0,-19.0,7.0,-3.0,2.0,1.0,2.0,-4.0,-5.0,6.0,-2.0,-8.0,-3.0,2.0
-3,-7.0,-7.0,1.0,-20.0,8.0,-6.0,0.0,-5.0,4.0,-2.0,-3.0,4.0,-2.0,-7.0,-1.0,2.0
-2,-5.0,-9.0,-2.0,-20.0,9.0,-7.0,-1.0,-9.0,6.0,-1.0,-1.0,3.0,-3.0,-5.0,0.0,2.0
-1,-2.0,-10.0,-4.0,-18.0,9.0,-7.0,-2.0,-9.0,7.0,-1.0,-1.0,4.0,-5.0,-4.0,1.0,2.0
0,1.0,-10.0,-7.0,-16.0,9.0,-6.0,-3.0,-5.0,7.0,-2.0,-4.0,7.0,-7.0,-4.0,1.0,2.0
0,4.0,-10.0,-9.0,-13.0,8.0,-6.0,-4.0,2.0,4.0,-4.0,-7.0,10.0,-8.0,-6.0,-1.0,2.0
1,6.0,-9.0,-9.0,-11.0,8.0,-5.0,-4.0,10.0,2.0,-5.0,-11.0,13.0,-7.0,-8.0,-2.0,2.0
0,7.0,-1.0,3.0,0.0,6.0,6.0,-4.0,7.0,-1.0,-2.0,0.0,5.0,-7.0,2.0,4.0,2.0
2,8.0,0.0,-1.0,2.0,8.0,6.0,-6.0,11.0,-2.0,-1.0,-1.0,10.0,-10.0,4.0,4.0,2.0
5,8.0,1.0,-3.0,4.0,10.0,5.0,-7.0,14.0,-2.0,0.0,-3.0,13.0,-10.0,4.0,3.0,2.0
8,8.0,0.0,-3.0,5.0,10.0,5.0,-7.0,16.0,-3.0,0.0,-5.0,14.0,-9.0,2.0,2.0,2.0
9,7.0,-1.0,-2.0,6.0,9.0,5.0,-6.0,16.0,-4.0,0.0,-6.0,13.0,-7.0,-1.0,1.0,2.0
9,7.0,-2.0,0.0,6.0,7.0,5.0,-4.0,13.0,-5.0,-1.0,-5.0,10.0,-4.0,-4.0,0.0,2.0
9,5.0,-6.0,9.0,9.0,0.0,4.0,5.0,8.0,-5.0,-4.0,6.0,10.0,-8.0,-3.0,5.0,2.0
9,3.0,-5.0,7.0,9.0,0.0,1.0,4.0,9.0,-4.0,-2.0,5.0,14.0,-7.0,-2.0,4.0,2.0
8,2.0,-4.0,4.0,8.0,-1.0,-1.0,2.0,9.0,-2.0,0.0,3.0,15.0,-6.0,-1.0,2.0,2.0
3,7.0,-1.0,-1.0,11.0,1.0,-3.0,-2.0,-4.0,12.0,4.0,1.0,10.0,3.0,1.0,-1.0,2.0
4,8.0,-2.0,2.0,13.0,3.0,-4.0,0.0,-6.0,12.0,3.0,1.0,8.0,2.0,0.0,-1.0,2.0
15,-4.0,-2.0,-3.0,13.0,0.0,-3.0,-3.0,15.0,0.0,1.0,-4.0,17.0,1.0,-4.0,-2.0,2.0
9,5.0,-2.0,-4.0,15.0,2.0,-1.0,-9.0,4.0,-1.0,1.0,2.0,14.0,-12.0,4.0,0.0,2.0
9,3.0,-4.0,0.0,14.0,0.0,0.0,-6.0,4.0,-4.0,0.0,3.0,14.0,-16.0,3.0,1.0,2.0
8,0.0,-5.0,4.0,11.0,-2.0,2.0,-3.0,5.0,-7.0,-1.0,4.0,15.0,-16.0,1.0,2.0,2.0
7,-4.0,-6.0,9.0,7.0,-4.0,3.0,0.0,5.0,-8.0,-1.0,5.0,15.0,-14.0,-3.0,3.0,2.0
6,-7.0,-7.0,13.0,4.0,-6.0,5.0,3.0,3.0,-8.0,-1.0,5.0,15.0,-12.0,-5.0,2.0,2.0
2,-9.0,-7.0,11.0,0.0,-6.0,2.0,2.0,3.0,-7.0,-1.0,5.0,14.0,-6.0,-7.0,-1.0,2.0
-1,0.0,-3.0,-4.0,12.0,-11.0,-10.0,0.0,2.0,6.0,-4.0,-2.0,16.0,2.0,-11.0,-4.0,2.0
-2,0.0,-2.0,-5.0,11.0,-10.0,-10.0,-1.0,2.0,6.0,-3.0,-4.0,15.0,0.0,-8.0,-5.0,2.0
-3,0.0,-1.0,-6.0,10.0,-10.0,-9.0,-1.0,0.0,5.0,-2.0,-6.0,13.0,-3.0,-5.0,-7.0,2.0
-4,0.0,0.0,-6.0,8.0,-8.0,-8.0,-2.0,-2.0,2.0,-1.0,-7.0,10.0,-8.0,-2.0,-8.0,2.0
-4,0.0,1.0,-7.0,6.0,-7.0,-6.0,-4.0,-3.0,-2.0,-1.0,-6.0,8.0,-12.0,1.0,-8.0,2.0
-4,0.0,1.0,-8.0,4.0,-5.0,-5.0,-5.0,-1.0,-6.0,-1.0,-4.0,6.0,-14.0,4.0,-8.0,2.0
-4,0.0,5.0,14.0,11.0,-7.0,8.0,3.0,0.0,8.0,-2.0,6.0,17.0,-3.0,-4.0,2.0,2.0
-5,-4.0,5.0,12.0,9.0,-9.0,7.0,2.0,-2.0,5.0,-3.0,7.0,14.0,-7.0,-2.0,2.0,2.0
-3,-8.0,-1.0,-3.0,-1.0,-10.0,-1.0,-2.0,4.0,-5.0,-4.0,-2.0,4.0,-4.0,-8.0,1.0,2.0
-2,-5.0,-1.0,-4.0,-1.0,-9.0,-1.0,-1.0,6.0,-6.0,-4.0,-4.0,6.0,-7.0,-7.0,0.0,2.0
0,-2.0,0.0,-3.0,0.0,-6.0,-1.0,1.0,5.0,-7.0,-3.0,-4.0,6.0,-8.0,-6.0,-1.0,2.0
2,1.0,0.0,-3.0,1.0,-4.0,-1.0,3.0,4.0,-7.0,-2.0,-4.0,5.0,-8.0,-5.0,-2.0,2.0
3,3.0,0.0,-4.0,0.0,-1.0,0.0,3.0,-3.0,-7.0,1.0,-1.0,-4.0,-5.0,0.0,-1.0,2.0
2,-2.0,1.0,2.0,-1.0,-5.0,6.0,2.0,8.0,1.0,-3.0,1.0,5.0,1.0,1.0,-1.0,2.0
2,0.0,2.0,3.0,2.0,-4.0,6.0,3.0,13.0,2.0,-3.0,1.0,11.0,3.0,-1.0,-1.0,2.0
2,3.0,3.0,2.0,3.0,-3.0,6.0,3.0,14.0,4.0,-3.0,0.0,12.0,6.0,-3.0,-1.0,2.0
3,2.0,8.0,-3.0,-1.0,3.0,7.0,-1.0,0.0,7.0,3.0,-2.0,-6.0,18.0,-2.0,-3.0,2.0
1,1.0,9.0,-4.0,-3.0,5.0,7.0,-1.0,-2.0,7.0,5.0,-3.0,-9.0,20.0,0.0,-3.0,2.0
0,1.0,9.0,-6.0,-5.0,6.0,7.0,-2.0,-1.0,7.0,6.0,-3.0,-9.0,20.0,1.0,-4.0,2.0
5,-3.0,3.0,-1.0,1.0,3.0,3.0,-2.0,1.0,5.0,1.0,2.0,-1.0,2.0,4.0,4.0,2.0
6,-5.0,2.0,1.0,0.0,2.0,3.0,-2.0,0.0,3.0,0.0,2.0,-1.0,-1.0,4.0,3.0,2.0
6,-6.0,1.0,3.0,1.0,0.0,4.0,-1.0,-1.0,1.0,-1.0,3.0,-3.0,-2.0,4.0,3.0,2.0
7,-6.0,-1.0,4.0,2.0,-2.0,5.0,0.0,-2.0,-2.0,-1.0,3.0,-5.0,-2.0,2.0,3.0,2.0
7,-4.0,-2.0,3.0,3.0,-2.0,4.0,0.0,-1.0,-4.0,-2.0,3.0,-6.0,1.0,-2.0,3.0,2.0
8,-2.0,-3.0,1.0,3.0,-1.0,2.0,-1.0,4.0,-5.0,-3.0,2.0,-5.0,5.0,-5.0,3.0,2.0
12,-8.0,-4.0,-3.0,5.0,0.0,-5.0,-3.0,2.0,8.0,1.0,-7.0,-3.0,7.0,2.0,-1.0,2.0
12,-10.0,-6.0,-4.0,2.0,0.0,-8.0,-3.0,3.0,6.0,1.0,-7.0,-3.0,5.0,2.0,-2.0,2.0
4,7.0,-2.0,-8.0,-2.0,11.0,-3.0,-6.0,30.0,-9.0,-1.0,-9.0,7.0,8.0,-1.0,-3.0,2.0
8,0.0,3.0,6.0,5.0,9.0,7.0,-5.0,-7.0,10.0,5.0,6.0,-6.0,11.0,5.0,4.0,2.0
7,-2.0,0.0,6.0,3.0,9.0,3.0,-4.0,-6.0,12.0,5.0,6.0,-5.0,10.0,7.0,4.0,2.0
-2,1.0,-5.0,-2.0,-6.0,7.0,-6.0,-2.0,12.0,8.0,3.0,-5.0,4.0,13.0,2.0,-2.0,2.0
-7,4.0,-4.0,-4.0,-8.0,5.0,-6.0,-2.0,13.0,5.0,2.0,-8.0,4.0,14.0,-2.0,-3.0,2.0
3,-1.0,-2.0,3.0,-1.0,1.0,2.0,0.0,9.0,-5.0,3.0,-2.0,-3.0,5.0,3.0,-1.0,2.0
-1,-2.0,-3.0,2.0,-2.0,-1.0,1.0,-1.0,9.0,-9.0,2.0,-2.0,-5.0,3.0,4.0,-1.0,2.0
-4,-1.0,-4.0,1.0,-4.0,-2.0,0.0,-2.0,6.0,-10.0,2.0,-2.0,-7.0,-1.0,6.0,-3.0,2.0
-10,7.0,-1.0,-1.0,-4.0,1.0,1.0,-3.0,-4.0,5.0,1.0,-2.0,-2.0,-3.0,7.0,-3.0,2.0
-9,8.0,0.0,1.0,-2.0,4.0,2.0,-4.0,-7.0,10.0,1.0,-2.0,-1.0,-1.0,6.0,-1.0,2.0
-6,8.0,1.0,3.0,-1.0,6.0,4.0,-3.0,-7.0,12.0,1.0,-3.0,-2.0,2.0,4.0,0.0,2.0
-3,3.0,3.0,6.0,8.0,-3.0,2.0,2.0,-5.0,8.0,2.0,8.0,2.0,7.0,2.0,1.0,2.0
-2,2.0,1.0,3.0,6.0,-2.0,1.0,1.0,-4.0,5.0,3.0,6.0,0.0,4.0,3.0,2.0,2.0
2,1.0,0.0,5.0,1.0,2.0,3.0,2.0,-5.0,14.0,-3.0,2.0,0.0,12.0,-2.0,-2.0,2.0
-1,1.0,-2.0,6.0,-1.0,1.0,2.0,3.0,-7.0,16.0,-1.0,6.0,0.0,14.0,-2.0,-1.0,2.0
-4,2.0,-3.0,6.0,-3.0,-1.0,1.0,3.0,-7.0,15.0,-1.0,8.0,1.0,13.0,-1.0,1.0,2.0
-6,-3.0,-4.0,0.0,-6.0,-4.0,-2.0,0.0,5.0,-5.0,-6.0,4.0,1.0,-1.0,-5.0,2.0,2.0
-5,-5.0,-3.0,-2.0,-5.0,-6.0,-3.0,-1.0,7.0,-10.0,-8.0,0.0,0.0,-6.0,-6.0,1.0,2.0
-2,-8.0,-2.0,-4.0,-4.0,-8.0,-3.0,-1.0,8.0,-13.0,-9.0,-3.0,-1.0,-10.0,-6.0,0.0,2.0
2,-10.0,-2.0,-5.0,-2.0,-10.0,-2.0,-1.0,7.0,-12.0,-9.0,-5.0,-2.0,-11.0,-5.0,-1.0,2.0
4,-12.0,-2.0,-6.0,-2.0,-11.0,-2.0,-1.0,4.0,-10.0,-7.0,-6.0,-3.0,-10.0,-5.0,-2.0,2.0
4,-13.0,-2.0,-5.0,-3.0,-11.0,-3.0,-1.0,1.0,-8.0,-5.0,-7.0,-5.0,-7.0,-5.0,-2.0,2.0
3,-14.0,-4.0,-5.0,-4.0,-11.0,-5.0,0.0,-1.0,-6.0,-3.0,-6.0,-5.0,-4.0,-5.0,-2.0,2.0
1,-13.0,-6.0,-6.0,-6.0,-10.0,-7.0,0.0,-2.0,-5.0,-2.0,-5.0,-6.0,-1.0,-6.0,-1.0,2.0
0,-5.0,-5.0,-10.0,-2.0,-13.0,-4.0,-2.0,-9.0,-11.0,-9.0,-7.0,-13.0,-16.0,-7.0,-1.0,2.0
4,-7.0,-5.0,-11.0,0.0,-13.0,-5.0,-2.0,-5.0,-7.0,-9.0,-8.0,-7.0,-10.0,-9.0,-2.0,2.0
8,-11.0,-6.0,-11.0,1.0,-10.0,-7.0,-4.0,-1.0,-2.0,-6.0,-8.0,-1.0,-1.0,-11.0,-3.0,2.0
5,-10.0,-7.0,-9.0,0.0,-8.0,-7.0,-5.0,-1.0,-2.0,-5.0,-6.0,-2.0,0.0,-9.0,-2.0,2.0
0,-8.0,-6.0,-6.0,-1.0,-7.0,-5.0,-5.0,-1.0,-5.0,-4.0,-2.0,-3.0,-2.0,-7.0,-1.0,2.0
-3,1.0,0.0,4.0,5.0,-6.0,2.0,1.0,-15.0,-7.0,-3.0,2.0,-12.0,-9.0,-4.0,1.0,2.0
1,0.0,-1.0,2.0,6.0,-5.0,1.0,0.0,-16.0,-3.0,-2.0,2.0,-11.0,-4.0,-6.0,1.0,2.0
4,-2.0,-2.0,-1.0,7.0,-5.0,-1.0,-2.0,-14.0,1.0,-1.0,2.0,-8.0,1.0,-8.0,2.0,2.0
7,-4.0,-3.0,-4.0,8.0,-6.0,-3.0,-3.0,-10.0,3.0,-1.0,1.0,-4.0,4.0,-9.0,2.0,2.0
2,2.0,4.0,-4.0,8.0,-1.0,-3.0,-1.0,9.0,-6.0,1.0,-5.0,4.0,1.0,-4.0,-2.0,2.0
1,3.0,5.0,-2.0,8.0,0.0,-1.0,0.0,10.0,-3.0,3.0,-3.0,7.0,3.0,-1.0,-3.0,2.0
11,4.0,0.0,3.0,18.0,2.0,2.0,-4.0,-6.0,8.0,5.0,9.0,-1.0,11.0,4.0,2.0,2.0
12,6.0,-1.0,5.0,19.0,2.0,3.0,-3.0,-5.0,6.0,4.0,9.0,-3.0,8.0,6.0,2.0,2.0
6,2.0,3.0,9.0,14.0,-1.0,9.0,-2.0,12.0,-3.0,1.0,14.0,12.0,0.0,9.0,4.0,2.0
6,-9.0,-1.0,5.0,4.0,-3.0,0.0,1.0,1.0,-1.0,-5.0,2.0,2.0,1.0,-7.0,0.0,2.0
9,-8.0,-2.0,3.0,7.0,-3.0,-2.0,0.0,8.0,-2.0,-5.0,1.0,7.0,1.0,-5.0,-1.0,2.0
10,-5.0,-2.0,1.0,9.0,-3.0,-4.0,0.0,15.0,-6.0,-5.0,0.0,11.0,0.0,-5.0,-3.0,2.0
8,-2.0,-2.0,-1.0,10.0,-3.0,-4.0,0.0,20.0,-10.0,-5.0,-1.0,13.0,-2.0,-4.0,-4.0,2.0
6,1.0,-1.0,-2.0,9.0,-2.0,-3.0,0.0,20.0,-12.0,-5.0,-3.0,13.0,-3.0,-3.0,-6.0,2.0
5,3.0,0.0,-3.0,8.0,-1.0,-3.0,0.0,17.0,-10.0,-4.0,-4.0,12.0,-4.0,-3.0,-7.0,2.0
1,11.0,8.0,9.0,6.0,13.0,11.0,-2.0,17.0,-5.0,2.0,12.0,12.0,3.0,9.0,2.0,2.0
3,9.0,8.0,11.0,7.0,13.0,9.0,1.0,17.0,-6.0,2.0,13.0,11.0,4.0,7.0,4.0,2.0
4,6.0,7.0,12.0,5.0,12.0,6.0,5.0,15.0,-6.0,3.0,13.0,9.0,6.0,5.0,5.0,2.0
1,1.0,3.0,9.0,-2.0,9.0,1.0,6.0,9.0,1.0,5.0,9.0,6.0,10.0,1.0,7.0,2.0
-2,1.0,2.0,5.0,-6.0,8.0,0.0,4.0,7.0,5.0,5.0,6.0,5.0,11.0,1.0,6.0,2.0
-4,3.0,2.0,2.0,-8.0,8.0,0.0,2.0,6.0,7.0,4.0,3.0,3.0,10.0,1.0,5.0,2.0
-5,5.0,1.0,0.0,-8.0,8.0,1.0,1.0,4.0,7.0,2.0,-2.0,0.0,8.0,1.0,3.0,2.0
-6,6.0,1.0,-1.0,-8.0,8.0,1.0,0.0,3.0,5.0,0.0,-6.0,-3.0,5.0,0.0,-1.0,2.0
-6,7.0,1.0,-2.0,-9.0,8.0,2.0,-1.0,4.0,2.0,-2.0,-8.0,-3.0,3.0,-1.0,-2.0,2.0
-6,6.0,1.0,-2.0,-10.0,7.0,2.0,-1.0,5.0,-1.0,-3.0,-7.0,-2.0,0.0,-1.0,-3.0,2.0
-6,4.0,0.0,-3.0,-10.0,6.0,1.0,-2.0,7.0,-2.0,-3.0,-5.0,1.0,-2.0,-1.0,-2.0,2.0
-4,3.0,-1.0,-4.0,-8.0,5.0,0.0,-4.0,8.0,-3.0,-3.0,-4.0,3.0,-3.0,0.0,-1.0,2.0
6,8.0,-5.0,-5.0,-4.0,12.0,-3.0,-2.0,24.0,-13.0,0.0,-11.0,6.0,5.0,-6.0,-5.0,2.0
7,9.0,-4.0,-2.0,-1.0,14.0,-2.0,-1.0,24.0,-15.0,1.0,-7.0,7.0,5.0,-3.0,-5.0,2.0
9,8.0,-2.0,2.0,1.0,16.0,-1.0,1.0,21.0,-14.0,2.0,-1.0,7.0,3.0,0.0,-3.0,2.0
10,6.0,-2.0,4.0,3.0,16.0,0.0,1.0,13.0,-12.0,3.0,6.0,6.0,1.0,3.0,0.0,2.0
11,4.0,-1.0,5.0,4.0,15.0,1.0,0.0,6.0,-9.0,3.0,12.0,3.0,-1.0,6.0,3.0,2.0
1,1.0,-2.0,3.0,-8.0,6.0,3.0,2.0,-6.0,2.0,-8.0,3.0,-6.0,-1.0,-4.0,1.0,2.0
2,1.0,-3.0,0.0,-9.0,7.0,2.0,1.0,-6.0,3.0,-7.0,0.0,-5.0,-1.0,-5.0,1.0,2.0
2,2.0,-3.0,-3.0,-9.0,8.0,0.0,0.0,-5.0,3.0,-6.0,-3.0,-5.0,-1.0,-5.0,0.0,2.0
3,3.0,-3.0,-4.0,-9.0,9.0,-1.0,0.0,-5.0,3.0,-4.0,-6.0,-4.0,-2.0,-7.0,1.0,2.0
3,4.0,-3.0,-5.0,-10.0,10.0,-2.0,0.0,-5.0,4.0,-3.0,-8.0,-3.0,-3.0,-8.0,1.0,2.0
3,4.0,-4.0,-5.0,-10.0,10.0,-3.0,1.0,-5.0,3.0,-3.0,-9.0,-3.0,-4.0,-9.0,2.0,2.0
2,3.0,-4.0,-4.0,-10.0,9.0,-4.0,2.0,-7.0,2.0,-3.0,-9.0,-4.0,-5.0,-9.0,2.0,2.0
1,2.0,-5.0,-2.0,-10.0,8.0,-5.0,2.0,-9.0,0.0,-3.0,-8.0,-5.0,-7.0,-9.0,1.0,2.0
1,1.0,-6.0,0.0,-10.0,8.0,-5.0,2.0,-11.0,-2.0,-3.0,-5.0,-7.0,-7.0,-8.0,1.0,2.0
2,0.0,-7.0,2.0,-9.0,8.0,-5.0,2.0,-11.0,-2.0,-4.0,-3.0,-7.0,-6.0,-7.0,0.0,2.0
3,-1.0,-8.0,4.0,-8.0,9.0,-4.0,2.0,-9.0,-2.0,-5.0,-2.0,-8.0,-4.0,-7.0,0.0,2.0
-4,-3.0,-9.0,-1.0,-10.0,-1.0,-6.0,0.0,-4.0,0.0,-6.0,-5.0,4.0,-6.0,-7.0,-6.0,2.0
-2,1.0,-8.0,2.0,-9.0,4.0,-3.0,1.0,-3.0,3.0,-5.0,-1.0,7.0,-3.0,-5.0,-4.0,2.0
0,4.0,-6.0,3.0,-8.0,8.0,0.0,1.0,-1.0,5.0,-3.0,2.0,7.0,1.0,-4.0,-2.0,2.0
2,8.0,-4.0,3.0,-7.0,12.0,3.0,2.0,1.0,7.0,-2.0,4.0,8.0,5.0,-3.0,0.0,2.0
4,11.0,-1.0,3.0,-5.0,15.0,5.0,2.0,2.0,9.0,1.0,4.0,7.0,9.0,-1.0,1.0,2.0
6,15.0,2.0,1.0,-4.0,18.0,8.0,2.0,3.0,12.0,3.0,3.0,7.0,12.0,1.0,2.0,2.0
6,18.0,4.0,-1.0,-4.0,19.0,11.0,2.0,4.0,15.0,5.0,1.0,6.0,15.0,2.0,3.0,2.0
6,21.0,7.0,-3.0,-4.0,20.0,13.0,2.0,5.0,17.0,7.0,-1.0,5.0,16.0,4.0,3.0,2.0
-1,17.0,10.0,-5.0,-6.0,10.0,14.0,3.0,0.0,16.0,5.0,0.0,0.0,12.0,6.0,3.0,2.0
-2,13.0,8.0,-3.0,-6.0,6.0,12.0,3.0,-1.0,14.0,3.0,3.0,-2.0,11.0,5.0,4.0,2.0
-2,11.0,5.0,-2.0,-7.0,4.0,10.0,4.0,-2.0,13.0,1.0,5.0,-2.0,9.0,5.0,5.0,2.0
-2,9.0,2.0,-1.0,-7.0,4.0,7.0,5.0,-1.0,12.0,0.0,6.0,-2.0,8.0,4.0,6.0,2.0
0,10.0,0.0,-2.0,-7.0,6.0,5.0,5.0,2.0,11.0,0.0,4.0,1.0,8.0,3.0,6.0,2.0
3,11.0,-2.0,-4.0,-7.0,8.0,3.0,5.0,5.0,11.0,1.0,1.0,4.0,7.0,2.0,5.0,2.0
7,8.0,-3.0,1.0,-7.0,23.0,3.0,-5.0,1.0,7.0,-3.0,6.0,4.0,9.0,-7.0,6.0,2.0
7,10.0,-1.0,2.0,-7.0,25.0,7.0,-6.0,-1.0,8.0,-2.0,8.0,4.0,9.0,-5.0,6.0,2.0
6,12.0,2.0,3.0,-7.0,27.0,10.0,-7.0,-2.0,9.0,0.0,8.0,3.0,9.0,-2.0,5.0,2.0
5,14.0,4.0,3.0,-8.0,27.0,13.0,-6.0,-1.0,10.0,2.0,8.0,3.0,10.0,1.0,5.0,2.0
5,16.0,6.0,2.0,-9.0,26.0,15.0,-3.0,-1.0,11.0,4.0,6.0,2.0,11.0,3.0,5.0,2.0
4,17.0,8.0,0.0,-11.0,24.0,15.0,0.0,1.0,11.0,6.0,4.0,2.0,12.0,4.0,5.0,2.0
3,15.0,9.0,-1.0,-13.0,22.0,14.0,4.0,2.0,10.0,8.0,3.0,2.0,12.0,4.0,5.0,2.0
1,12.0,10.0,-1.0,-15.0,18.0,12.0,8.0,3.0,9.0,8.0,3.0,3.0,10.0,4.0,6.0,2.0
0,8.0,10.0,0.0,-17.0,15.0,10.0,10.0,2.0,7.0,8.0,4.0,4.0,6.0,3.0,7.0,2.0
-1,4.0,10.0,1.0,-18.0,13.0,8.0,11.0,2.0,4.0,7.0,5.0,5.0,2.0,2.0,8.0,2.0
-2,2.0,9.0,1.0,-18.0,12.0,6.0,10.0,1.0,1.0,6.0,5.0,5.0,-2.0,0.0,9.0,2.0
-2,1.0,8.0,-1.0,-19.0,12.0,4.0,8.0,-1.0,-1.0,5.0,4.0,4.0,-5.0,-2.0,10.0,2.0
-3,2.0,7.0,-5.0,-20.0,12.0,2.0,6.0,-2.0,-3.0,4.0,3.0,3.0,-6.0,-4.0,10.0,2.0
-4,2.0,6.0,-9.0,-20.0,12.0,0.0,3.0,-2.0,-3.0,3.0,-1.0,1.0,-7.0,-6.0,9.0,2.0
-4,3.0,6.0,-13.0,-20.0,13.0,-3.0,1.0,-2.0,-3.0,2.0,-5.0,0.0,-7.0,-8.0,7.0,2.0
-4,2.0,6.0,-17.0,-19.0,12.0,-5.0,-1.0,-1.0,-2.0,1.0,-9.0,-1.0,-5.0,-10.0,4.0,2.0
-1,8.0,4.0,3.0,-6.0,13.0,11.0,-4.0,-4.0,3.0,7.0,6.0,6.0,-2.0,7.0,1.0,2.0
-3,1.0,3.0,3.0,-7.0,3.0,5.0,3.0,-4.0,4.0,6.0,6.0,7.0,-4.0,7.0,1.0,2.0
2,-8.0,-7.0,1.0,-7.0,6.0,-8.0,-4.0,-5.0,2.0,-5.0,2.0,-8.0,0.0,-1.0,3.0,2.0
3,-9.0,-7.0,0.0,-8.0,7.0,-7.0,-4.0,-4.0,1.0,-5.0,0.0,-8.0,-2.0,-3.0,4.0,2.0
4,-9.0,-5.0,-1.0,-9.0,7.0,-5.0,-4.0,-2.0,1.0,-5.0,-2.0,-7.0,-3.0,-3.0,5.0,2.0
4,-7.0,-4.0,-3.0,-10.0,7.0,-3.0,-4.0,1.0,1.0,-4.0,-4.0,-6.0,-3.0,-4.0,6.0,2.0
5,-5.0,-2.0,-4.0,-10.0,8.0,0.0,-5.0,2.0,1.0,-3.0,-5.0,-6.0,-2.0,-3.0,6.0,2.0
5,-2.0,0.0,-5.0,-9.0,10.0,3.0,-5.0,3.0,1.0,-1.0,-5.0,-6.0,0.0,-3.0,5.0,2.0
5,1.0,2.0,-4.0,-8.0,11.0,5.0,-5.0,2.0,1.0,0.0,-4.0,-6.0,2.0,-2.0,5.0,2.0
5,3.0,3.0,-2.0,-7.0,13.0,8.0,-5.0,1.0,1.0,1.0,-2.0,-6.0,2.0,-1.0,5.0,2.0
5,5.0,4.0,1.0,-6.0,14.0,10.0,-4.0,-1.0,1.0,3.0,1.0,-6.0,2.0,1.0,6.0,2.0
4,7.0,5.0,4.0,-5.0,15.0,13.0,-3.0,-4.0,0.0,4.0,4.0,-5.0,1.0,3.0,6.0,2.0
3,7.0,6.0,7.0,-5.0,15.0,15.0,-1.0,-6.0,0.0,6.0,6.0,-4.0,0.0,3.0,7.0,2.0
2,-11.0,1.0,-6.0,-4.0,-3.0,-10.0,2.0,-3.0,-8.0,-5.0,-2.0,-3.0,-12.0,-6.0,3.0,2.0
2,-10.0,0.0,-7.0,-5.0,-2.0,-10.0,1.0,-1.0,-8.0,-4.0,-3.0,-2.0,-11.0,-5.0,2.0,2.0
3,-9.0,1.0,-9.0,-5.0,-1.0,-9.0,0.0,2.0,-8.0,-3.0,-4.0,-1.0,-9.0,-4.0,1.0,2.0
2,-7.0,3.0,-9.0,-6.0,1.0,-8.0,1.0,4.0,-10.0,0.0,-4.0,-2.0,-6.0,-2.0,-1.0,2.0
1,-6.0,3.0,-9.0,-5.0,1.0,-8.0,1.0,4.0,-11.0,0.0,-3.0,-2.0,-7.0,-1.0,-1.0,2.0
0,-5.0,4.0,-11.0,-3.0,-3.0,-5.0,-1.0,5.0,-12.0,-6.0,-6.0,1.0,-14.0,-4.0,-1.0,2.0
2,-4.0,3.0,-10.0,-1.0,-2.0,-4.0,-2.0,8.0,-11.0,-6.0,-7.0,0.0,-11.0,-4.0,-2.0,2.0
4,-3.0,3.0,-9.0,1.0,-2.0,-2.0,-2.0,11.0,-11.0,-6.0,-6.0,0.0,-7.0,-3.0,-1.0,2.0
5,-3.0,2.0,-6.0,3.0,-2.0,-1.0,-1.0,14.0,-11.0,-5.0,-3.0,-1.0,-3.0,-2.0,0.0,2.0
5,-3.0,2.0,-3.0,6.0,-4.0,-1.0,0.0,15.0,-11.0,-4.0,-1.0,-2.0,-1.0,0.0,2.0,2.0
4,-4.0,2.0,2.0,8.0,-6.0,-1.0,2.0,15.0,-12.0,-3.0,2.0,-3.0,0.0,2.0,3.0,2.0
2,-4.0,1.0,5.0,9.0,-8.0,0.0,4.0,15.0,-12.0,-3.0,4.0,-3.0,1.0,2.0,4.0,2.0
1,-4.0,1.0,9.0,11.0,-10.0,1.0,6.0,17.0,-12.0,-3.0,5.0,-3.0,3.0,2.0,4.0,2.0
1,-4.0,0.0,12.0,12.0,-11.0,1.0,7.0,19.0,-12.0,-2.0,6.0,-2.0,7.0,1.0,5.0,2.0
2,-4.0,0.0,14.0,14.0,-12.0,2.0,8.0,20.0,-12.0,-2.0,8.0,-1.0,8.0,1.0,6.0,2.0
2,-4.0,-1.0,14.0,14.0,-12.0,2.0,8.0,19.0,-14.0,-2.0,10.0,-2.0,6.0,1.0,7.0,2.0
1,-4.0,-1.0,13.0,13.0,-13.0,1.0,8.0,18.0,-17.0,-2.0,10.0,-2.0,3.0,2.0,7.0,2.0
1,-4.0,-1.0,11.0,12.0,-13.0,0.0,7.0,16.0,-18.0,-2.0,9.0,-3.0,0.0,3.0,6.0,2.0
1,-4.0,-1.0,8.0,11.0,-12.0,-2.0,7.0,16.0,-18.0,-1.0,7.0,-3.0,-2.0,4.0,5.0,2.0
2,-3.0,-1.0,3.0,10.0,-11.0,-4.0,6.0,16.0,-18.0,0.0,3.0,-3.0,-1.0,3.0,3.0,2.0
3,-2.0,0.0,-3.0,9.0,-11.0,-6.0,5.0,18.0,-17.0,1.0,-2.0,-3.0,2.0,1.0,0.0,2.0
4,-2.0,1.0,-9.0,8.0,-10.0,-7.0,3.0,19.0,-16.0,0.0,-7.0,-2.0,4.0,-2.0,-3.0,2.0
5,6.0,1.0,-12.0,10.0,-4.0,-5.0,-2.0,14.0,-13.0,2.0,-8.0,-3.0,0.0,5.0,-5.0,2.0
4,6.0,1.0,-11.0,10.0,-4.0,-3.0,-2.0,12.0,-13.0,2.0,-5.0,-6.0,0.0,5.0,-4.0,2.0
3,7.0,1.0,-9.0,9.0,-4.0,-1.0,-2.0,10.0,-14.0,2.0,-3.0,-8.0,0.0,5.0,-3.0,2.0
2,7.0,2.0,-6.0,9.0,-4.0,2.0,-1.0,9.0,-14.0,2.0,-2.0,-9.0,1.0,5.0,-2.0,2.0
1,7.0,3.0,-2.0,8.0,-4.0,3.0,1.0,8.0,-14.0,2.0,0.0,-9.0,1.0,5.0,-1.0,2.0
-1,6.0,3.0,2.0,6.0,-3.0,4.0,3.0,7.0,-14.0,3.0,1.0,-8.0,1.0,5.0,-1.0,2.0
-2,4.0,2.0,6.0,5.0,-3.0,4.0,4.0,8.0,-14.0,4.0,1.0,-7.0,0.0,5.0,0.0,2.0
-4,1.0,-1.0,8.0,1.0,-5.0,2.0,6.0,9.0,-14.0,3.0,1.0,-4.0,1.0,1.0,0.0,2.0
-5,-1.0,-2.0,6.0,-1.0,-6.0,-1.0,7.0,8.0,-14.0,2.0,-1.0,-4.0,2.0,-2.0,-1.0,2.0
-6,-1.0,-3.0,3.0,-3.0,-7.0,-4.0,6.0,7.0,-13.0,2.0,-4.0,-5.0,1.0,-2.0,-2.0,2.0
-8,-2.0,1.0,-8.0,-10.0,-5.0,-1.0,0.0,6.0,-10.0,-2.0,-8.0,-10.0,-3.0,-1.0,-1.0,2.0
-7,-2.0,2.0,-6.0,-9.0,-5.0,0.0,1.0,5.0,-11.0,-1.0,-6.0,-8.0,-3.0,-1.0,-1.0,2.0
-8,-2.0,2.0,-3.0,-9.0,-4.0,1.0,2.0,5.0,-12.0,0.0,-4.0,-7.0,-3.0,0.0,-1.0,2.0
-8,-2.0,1.0,-1.0,-9.0,-4.0,1.0,3.0,4.0,-12.0,1.0,-2.0,-6.0,-3.0,1.0,-2.0,2.0
0,3.0,2.0,6.0,1.0,-5.0,8.0,8.0,-6.0,10.0,3.0,-3.0,-1.0,2.0,6.0,-3.0,2.0
-2,-5.0,-4.0,-1.0,0.0,-4.0,-2.0,-5.0,-2.0,4.0,2.0,-4.0,0.0,-6.0,3.0,2.0,2.0
-3,-7.0,-5.0,-1.0,-1.0,-5.0,-4.0,-5.0,-2.0,2.0,0.0,-3.0,-1.0,-7.0,2.0,2.0,2.0
-1,-2.0,3.0,-4.0,1.0,-2.0,-3.0,0.0,-5.0,6.0,0.0,-1.0,4.0,-1.0,-2.0,-2.0,2.0
-1,-1.0,3.0,-3.0,1.0,0.0,-3.0,0.0,-6.0,5.0,1.0,-1.0,4.0,0.0,-3.0,-2.0,2.0
-1,-1.0,3.0,-2.0,0.0,1.0,-2.0,0.0,-7.0,5.0,1.0,0.0,3.0,1.0,-4.0,-1.0,2.0
-1,0.0,4.0,-2.0,0.0,3.0,-1.0,0.0,-7.0,6.0,1.0,1.0,3.0,2.0,-4.0,-1.0,2.0
-1,1.0,5.0,-1.0,-1.0,4.0,0.0,0.0,-7.0,7.0,2.0,2.0,4.0,3.0,-3.0,0.0,2.0
-1,1.0,5.0,1.0,-1.0,5.0,1.0,1.0,-6.0,8.0,2.0,2.0,4.0,3.0,-2.0,0.0,2.0
-1,1.0,5.0,3.0,-2.0,6.0,2.0,2.0,-5.0,8.0,2.0,3.0,5.0,3.0,0.0,1.0,2.0
-1,1.0,5.0,6.0,-3.0,8.0,4.0,3.0,-3.0,8.0,2.0,5.0,7.0,1.0,2.0,1.0,2.0
9,-5.0,1.0,8.0,11.0,-1.0,0.0,3.0,-2.0,5.0,-4.0,3.0,5.0,2.0,-3.0,-1.0,2.0
7,-6.0,8.0,9.0,9.0,0.0,3.0,6.0,-2.0,6.0,1.0,11.0,12.0,0.0,-2.0,6.0,2.0
-5,-1.0,3.0,2.0,7.0,-12.0,-3.0,7.0,0.0,2.0,-5.0,3.0,6.0,-8.0,0.0,3.0,2.0
-5,0.0,1.0,4.0,7.0,-11.0,-4.0,7.0,0.0,2.0,-4.0,4.0,6.0,-8.0,1.0,4.0,2.0
-5,1.0,-2.0,6.0,8.0,-10.0,-4.0,7.0,-1.0,2.0,-4.0,6.0,6.0,-8.0,2.0,4.0,2.0
-5,2.0,-3.0,7.0,8.0,-9.0,-4.0,7.0,-1.0,2.0,-3.0,7.0,7.0,-6.0,1.0,4.0,2.0
-2,3.0,-6.0,6.0,7.0,-4.0,-5.0,2.0,-1.0,1.0,-2.0,7.0,7.0,-7.0,3.0,3.0,2.0
-1,4.0,-7.0,5.0,7.0,-3.0,-4.0,1.0,-1.0,1.0,-2.0,6.0,7.0,-8.0,3.0,2.0,2.0
-1,5.0,-8.0,5.0,6.0,-2.0,-4.0,0.0,-1.0,1.0,-2.0,6.0,7.0,-9.0,3.0,2.0,2.0
-1,6.0,-9.0,6.0,6.0,-1.0,-3.0,-1.0,-1.0,0.0,-2.0,6.0,9.0,-11.0,2.0,3.0,2.0
-1,8.0,-10.0,7.0,6.0,1.0,-1.0,-2.0,0.0,0.0,-2.0,6.0,11.0,-12.0,2.0,4.0,2.0
-2,10.0,-11.0,9.0,6.0,2.0,1.0,-2.0,0.0,0.0,-1.0,6.0,12.0,-13.0,2.0,4.0,2.0
-3,11.0,-10.0,11.0,6.0,2.0,3.0,-1.0,-1.0,1.0,-1.0,6.0,12.0,-14.0,2.0,5.0,2.0
-4,11.0,-7.0,11.0,6.0,1.0,5.0,0.0,-2.0,2.0,0.0,5.0,12.0,-14.0,2.0,6.0,2.0
-5,11.0,-5.0,11.0,6.0,-1.0,6.0,1.0,-2.0,4.0,-1.0,3.0,11.0,-13.0,1.0,6.0,2.0
-5,11.0,-3.0,9.0,5.0,-2.0,6.0,2.0,-2.0,6.0,-2.0,0.0,10.0,-10.0,-2.0,5.0,2.0
-6,10.0,-2.0,8.0,4.0,-3.0,6.0,3.0,-1.0,9.0,-4.0,-3.0,10.0,-8.0,-4.0,3.0,2.0
-2,11.0,-5.0,2.0,-1.0,8.0,-2.0,1.0,-3.0,3.0,2.0,-2.0,5.0,-7.0,2.0,0.0,2.0
-3,11.0,-4.0,1.0,-2.0,8.0,-2.0,1.0,-3.0,3.0,3.0,-4.0,6.0,-10.0,3.0,-1.0,2.0
-4,11.0,-4.0,1.0,-2.0,7.0,-2.0,2.0,-4.0,2.0,4.0,-5.0,6.0,-11.0,3.0,-1.0,2.0
-4,11.0,-3.0,2.0,-3.0,7.0,-1.0,3.0,-4.0,3.0,5.0,-6.0,7.0,-10.0,3.0,-1.0,2.0
-3,12.0,-3.0,3.0,-3.0,8.0,1.0,3.0,-2.0,4.0,6.0,-6.0,7.0,-7.0,2.0,-1.0,2.0
3,8.0,0.0,7.0,-2.0,13.0,8.0,0.0,7.0,5.0,10.0,-2.0,-2.0,20.0,4.0,-2.0,2.0
3,7.0,-1.0,7.0,-3.0,11.0,7.0,1.0,6.0,5.0,9.0,-1.0,-3.0,19.0,5.0,-2.0,2.0
2,7.0,-3.0,4.0,-4.0,10.0,4.0,0.0,5.0,4.0,8.0,0.0,-4.0,18.0,5.0,-2.0,2.0
-1,-2.0,-1.0,0.0,-14.0,6.0,1.0,4.0,1.0,-10.0,3.0,4.0,-9.0,3.0,2.0,2.0,2.0
1,-2.0,0.0,-2.0,-14.0,6.0,3.0,2.0,1.0,-8.0,3.0,3.0,-9.0,5.0,1.0,2.0,2.0
1,-1.0,1.0,-3.0,-13.0,6.0,4.0,1.0,0.0,-6.0,3.0,2.0,-9.0,7.0,-1.0,2.0,2.0
2,-1.0,2.0,-5.0,-11.0,6.0,5.0,-1.0,0.0,-4.0,4.0,1.0,-9.0,9.0,-2.0,2.0,2.0
3,-1.0,3.0,-6.0,-9.0,5.0,5.0,-1.0,0.0,-3.0,4.0,2.0,-8.0,11.0,-2.0,2.0,2.0
3,-1.0,3.0,-6.0,-7.0,3.0,6.0,-2.0,1.0,-1.0,6.0,2.0,-7.0,12.0,-1.0,2.0,2.0
2,-3.0,3.0,-2.0,-3.0,9.0,2.0,-7.0,-6.0,-8.0,7.0,7.0,-5.0,3.0,2.0,2.0,2.0
2,-4.0,2.0,-2.0,-5.0,9.0,1.0,-6.0,-6.0,-7.0,6.0,5.0,-5.0,3.0,0.0,1.0,2.0
3,-5.0,1.0,-3.0,-7.0,8.0,-1.0,-5.0,-5.0,-6.0,4.0,3.0,-5.0,2.0,-2.0,1.0,2.0
3,-5.0,0.0,-4.0,-9.0,8.0,-1.0,-5.0,-3.0,-6.0,4.0,2.0,-4.0,1.0,-3.0,1.0,2.0
3,-5.0,-2.0,-5.0,-10.0,7.0,-2.0,-4.0,-1.0,-6.0,3.0,-1.0,-3.0,1.0,-3.0,1.0,2.0
3,-3.0,-3.0,-6.0,-10.0,7.0,-2.0,-4.0,0.0,-6.0,3.0,-2.0,-2.0,0.0,-3.0,0.0,2.0
4,-2.0,-3.0,-5.0,-9.0,7.0,-2.0,-3.0,0.0,-6.0,3.0,-3.0,-1.0,0.0,-4.0,-1.0,2.0
4,0.0,-4.0,-4.0,-7.0,8.0,-3.0,-3.0,0.0,-6.0,3.0,-3.0,-1.0,0.0,-5.0,-1.0,2.0
5,1.0,-4.0,-3.0,-5.0,9.0,-3.0,-3.0,-1.0,-6.0,3.0,-2.0,-1.0,0.0,-5.0,0.0,2.0
5,-2.0,-3.0,4.0,-1.0,8.0,-1.0,-2.0,0.0,-5.0,-2.0,8.0,-2.0,6.0,-3.0,0.0,2.0
5,-2.0,-3.0,3.0,-2.0,8.0,-1.0,-2.0,0.0,-6.0,-2.0,7.0,-3.0,5.0,-4.0,0.0,2.0
6,-1.0,-3.0,1.0,-2.0,7.0,-1.0,-2.0,0.0,-6.0,-2.0,5.0,-4.0,5.0,-4.0,0.0,2.0
6,-1.0,-3.0,-1.0,-3.0,8.0,-1.0,-3.0,0.0,-6.0,-1.0,2.0,-5.0,5.0,-5.0,0.0,2.0
6,0.0,-3.0,-2.0,-4.0,9.0,-1.0,-3.0,1.0,-4.0,0.0,0.0,-5.0,6.0,-5.0,0.0,2.0
7,3.0,-1.0,0.0,-2.0,12.0,3.0,-4.0,-4.0,1.0,-1.0,3.0,-6.0,10.0,-5.0,-1.0,2.0
7,2.0,0.0,-1.0,-2.0,12.0,2.0,-4.0,-4.0,1.0,-1.0,2.0,-7.0,11.0,-5.0,-1.0,2.0
6,0.0,1.0,-1.0,-3.0,11.0,2.0,-4.0,-4.0,2.0,1.0,1.0,-7.0,12.0,-5.0,-2.0,2.0
6,-2.0,2.0,-1.0,-3.0,11.0,2.0,-4.0,-3.0,2.0,1.0,-1.0,-6.0,13.0,-6.0,-2.0,2.0
6,-3.0,1.0,-1.0,-4.0,10.0,1.0,-4.0,-3.0,3.0,2.0,-2.0,-6.0,12.0,-6.0,-2.0,2.0
5,-6.0,0.0,1.0,-5.0,8.0,0.0,-4.0,-3.0,1.0,1.0,0.0,-4.0,9.0,-5.0,-1.0,2.0
5,-7.0,-1.0,2.0,-5.0,7.0,0.0,-3.0,-4.0,-1.0,0.0,3.0,-5.0,7.0,-4.0,0.0,2.0
4,-8.0,-1.0,3.0,-5.0,6.0,0.0,-3.0,-5.0,-2.0,0.0,5.0,-8.0,7.0,-3.0,1.0,2.0
3,-8.0,-2.0,4.0,-5.0,5.0,0.0,-2.0,-7.0,-4.0,0.0,6.0,-11.0,8.0,-4.0,1.0,2.0
2,-9.0,-2.0,6.0,-6.0,4.0,0.0,-2.0,-9.0,-6.0,0.0,6.0,-15.0,11.0,-6.0,1.0,2.0
0,-10.0,-2.0,6.0,-6.0,3.0,0.0,-2.0,-10.0,-6.0,0.0,5.0,-17.0,12.0,-7.0,0.0,2.0
-1,-10.0,-2.0,7.0,-6.0,2.0,-1.0,-2.0,-10.0,-7.0,-1.0,5.0,-17.0,11.0,-6.0,-1.0,2.0
-2,-11.0,-2.0,7.0,-6.0,2.0,-1.0,-2.0,-10.0,-7.0,-1.0,4.0,-17.0,8.0,-3.0,-3.0,2.0
3,-2.0,2.0,-4.0,-4.0,8.0,4.0,-9.0,-8.0,0.0,1.0,0.0,-14.0,3.0,8.0,-3.0,2.0
1,-1.0,2.0,-3.0,-5.0,7.0,5.0,-8.0,-7.0,-1.0,2.0,1.0,-13.0,3.0,7.0,-3.0,2.0
-2,-9.0,2.0,3.0,-13.0,6.0,3.0,-3.0,-3.0,-8.0,-3.0,5.0,-9.0,-1.0,6.0,-5.0,2.0
-2,-7.0,1.0,1.0,-14.0,8.0,3.0,-4.0,-2.0,-6.0,-4.0,1.0,-9.0,-2.0,6.0,-7.0,2.0
-1,-5.0,1.0,-2.0,-15.0,9.0,2.0,-4.0,-2.0,-4.0,-4.0,-4.0,-8.0,-2.0,6.0,-9.0,2.0
-1,-4.0,2.0,-4.0,-15.0,10.0,2.0,-4.0,-1.0,-1.0,-3.0,-7.0,-8.0,-1.0,6.0,-10.0,2.0
1,-4.0,3.0,-5.0,-15.0,11.0,2.0,-3.0,-1.0,0.0,-2.0,-10.0,-9.0,1.0,6.0,-11.0,2.0
2,-3.0,4.0,-6.0,-15.0,11.0,2.0,-3.0,-1.0,1.0,-1.0,-11.0,-9.0,2.0,7.0,-11.0,2.0
2,-3.0,5.0,-7.0,-15.0,13.0,2.0,-3.0,0.0,1.0,0.0,-10.0,-8.0,3.0,8.0,-11.0,2.0
3,-2.0,5.0,-6.0,-16.0,14.0,2.0,-2.0,0.0,1.0,1.0,-8.0,-7.0,3.0,8.0,-11.0,2.0
3,-1.0,4.0,-6.0,-16.0,16.0,2.0,-2.0,0.0,1.0,1.0,-6.0,-5.0,3.0,8.0,-11.0,2.0
3,0.0,3.0,-5.0,-17.0,17.0,3.0,-2.0,0.0,0.0,0.0,-3.0,-3.0,3.0,8.0,-10.0,2.0
4,1.0,2.0,-4.0,-17.0,18.0,4.0,-2.0,1.0,-2.0,0.0,0.0,-2.0,3.0,8.0,-10.0,2.0
3,1.0,2.0,-3.0,-18.0,18.0,5.0,-3.0,1.0,-4.0,0.0,2.0,-2.0,3.0,8.0,-9.0,2.0
3,1.0,1.0,-3.0,-19.0,19.0,5.0,-3.0,1.0,-5.0,0.0,3.0,-3.0,3.0,7.0,-9.0,2.0
2,0.0,0.0,-3.0,-20.0,19.0,5.0,-4.0,0.0,-6.0,-1.0,2.0,-4.0,2.0,7.0,-9.0,2.0
2,-2.0,0.0,-2.0,-21.0,19.0,4.0,-5.0,-1.0,-7.0,-2.0,1.0,-6.0,0.0,7.0,-9.0,2.0
1,-4.0,0.0,-1.0,-21.0,18.0,4.0,-4.0,-2.0,-7.0,-2.0,0.0,-6.0,-3.0,7.0,-9.0,2.0
1,-6.0,0.0,2.0,-21.0,17.0,4.0,-3.0,-3.0,-7.0,-3.0,-1.0,-7.0,-5.0,7.0,-9.0,2.0
1,-7.0,0.0,5.0,-20.0,16.0,4.0,-1.0,-2.0,-7.0,-2.0,-1.0,-6.0,-5.0,7.0,-8.0,2.0
1,-8.0,0.0,9.0,-19.0,14.0,5.0,1.0,-1.0,-7.0,-2.0,-1.0,-6.0,-5.0,7.0,-8.0,2.0
1,-8.0,0.0,11.0,-18.0,13.0,5.0,3.0,-1.0,-6.0,-1.0,-1.0,-4.0,-3.0,6.0,-7.0,2.0
-1,-7.0,-3.0,7.0,-16.0,8.0,-1.0,5.0,-1.0,1.0,0.0,-9.0,-2.0,2.0,-1.0,-8.0,2.0
-1,-8.0,-3.0,4.0,-17.0,8.0,-2.0,4.0,-2.0,0.0,0.0,-11.0,-5.0,1.0,-1.0,-8.0,2.0
0,-7.0,-3.0,0.0,-18.0,9.0,-3.0,2.0,-2.0,-1.0,0.0,-12.0,-6.0,1.0,-2.0,-8.0,2.0
0,-6.0,-2.0,-3.0,-18.0,11.0,-4.0,0.0,-2.0,-2.0,0.0,-13.0,-7.0,2.0,-2.0,-9.0,2.0
0,-4.0,-2.0,-6.0,-18.0,13.0,-4.0,-2.0,-1.0,-1.0,1.0,-14.0,-6.0,2.0,-1.0,-10.0,2.0
2,-2.0,-1.0,-8.0,-17.0,15.0,-4.0,-4.0,1.0,-1.0,1.0,-15.0,-4.0,1.0,0.0,-11.0,2.0
9,-2.0,4.0,-9.0,-10.0,16.0,0.0,-5.0,2.0,3.0,2.0,-9.0,-4.0,6.0,3.0,-8.0,2.0
8,-3.0,5.0,-6.0,-10.0,16.0,2.0,-4.0,1.0,3.0,2.0,-6.0,-5.0,10.0,3.0,-7.0,2.0
6,-4.0,7.0,-3.0,-10.0,16.0,4.0,-2.0,0.0,3.0,3.0,-3.0,-5.0,11.0,3.0,-6.0,2.0
5,-4.0,8.0,-1.0,-10.0,15.0,5.0,-1.0,-1.0,3.0,4.0,0.0,-5.0,10.0,5.0,-5.0,2.0
4,-5.0,9.0,0.0,-10.0,15.0,5.0,-1.0,-1.0,2.0,4.0,2.0,-4.0,8.0,6.0,-3.0,2.0
4,-5.0,9.0,0.0,-11.0,14.0,5.0,0.0,-1.0,1.0,4.0,3.0,-3.0,6.0,7.0,-3.0,2.0
4,-5.0,9.0,-1.0,-11.0,14.0,4.0,0.0,0.0,1.0,3.0,2.0,-3.0,5.0,6.0,-2.0,2.0
4,-6.0,8.0,-2.0,-12.0,13.0,4.0,1.0,1.0,1.0,2.0,1.0,-3.0,4.0,4.0,-2.0,2.0
3,-6.0,7.0,-3.0,-13.0,12.0,3.0,0.0,1.0,1.0,0.0,0.0,-3.0,4.0,1.0,-2.0,2.0
3,-6.0,7.0,-3.0,-13.0,10.0,2.0,0.0,0.0,1.0,-2.0,-1.0,-2.0,2.0,0.0,-2.0,2.0
2,-7.0,6.0,-3.0,-12.0,8.0,1.0,1.0,-1.0,1.0,-4.0,-2.0,-2.0,-1.0,-1.0,-3.0,2.0
1,-7.0,6.0,-3.0,-11.0,7.0,0.0,1.0,-2.0,3.0,-6.0,-2.0,-1.0,-2.0,-2.0,-3.0,2.0
0,-5.0,5.0,-7.0,-11.0,6.0,-4.0,2.0,-3.0,3.0,-6.0,-3.0,-2.0,2.0,-5.0,-4.0,2.0
0,-4.0,5.0,-9.0,-11.0,6.0,-5.0,2.0,-3.0,3.0,-6.0,-4.0,-3.0,2.0,-5.0,-5.0,2.0
0,-3.0,4.0,-10.0,-12.0,7.0,-5.0,1.0,-3.0,2.0,-5.0,-5.0,-2.0,1.0,-5.0,-6.0,2.0
1,-2.0,4.0,-11.0,-12.0,7.0,-4.0,0.0,-3.0,1.0,-4.0,-6.0,-2.0,0.0,-4.0,-6.0,2.0
1,-2.0,4.0,-11.0,-12.0,7.0,-3.0,-1.0,-2.0,1.0,-3.0,-5.0,-2.0,-2.0,-2.0,-5.0,2.0
2,-1.0,7.0,-9.0,-11.0,9.0,3.0,-4.0,-5.0,-1.0,-1.0,1.0,-6.0,-5.0,6.0,-2.0,2.0
1,-1.0,7.0,-7.0,-10.0,10.0,4.0,-3.0,-6.0,-2.0,1.0,2.0,-7.0,-3.0,6.0,-2.0,2.0
1,-2.0,8.0,-6.0,-10.0,11.0,3.0,-2.0,-6.0,-3.0,2.0,2.0,-7.0,0.0,5.0,-2.0,2.0
2,-2.0,8.0,-5.0,-9.0,12.0,2.0,-2.0,-5.0,-3.0,3.0,1.0,-8.0,2.0,5.0,-3.0,2.0
2,-2.0,8.0,-6.0,-8.0,12.0,2.0,-2.0,-4.0,-4.0,3.0,1.0,-7.0,1.0,5.0,-3.0,2.0
2,2.0,4.0,-5.0,-7.0,14.0,0.0,-3.0,1.0,-1.0,1.0,-4.0,2.0,-3.0,2.0,-4.0,2.0
2,1.0,3.0,-3.0,-8.0,13.0,1.0,-2.0,0.0,0.0,1.0,-5.0,3.0,-2.0,-1.0,-3.0,2.0
1,-1.0,3.0,-1.0,-9.0,12.0,1.0,-1.0,-1.0,0.0,1.0,-4.0,3.0,-2.0,-2.0,-3.0,2.0
1,-3.0,3.0,0.0,-11.0,10.0,1.0,1.0,-2.0,0.0,0.0,-4.0,3.0,-3.0,-3.0,-3.0,2.0
0,-4.0,3.0,0.0,-12.0,8.0,0.0,2.0,-2.0,-1.0,-2.0,-4.0,2.0,-4.0,-3.0,-4.0,2.0
-1,-5.0,3.0,-2.0,-12.0,6.0,-1.0,3.0,-1.0,-2.0,-3.0,-5.0,1.0,-4.0,-2.0,-4.0,2.0
-1,-5.0,2.0,-4.0,-13.0,4.0,-1.0,3.0,0.0,-3.0,-3.0,-6.0,-1.0,-5.0,-1.0,-5.0,2.0
-1,-5.0,1.0,-6.0,-13.0,2.0,-2.0,2.0,0.0,-4.0,-3.0,-7.0,-2.0,-6.0,-1.0,-6.0,2.0
-1,-3.0,-1.0,-10.0,-12.0,0.0,-3.0,-1.0,1.0,-7.0,-1.0,-7.0,-1.0,-7.0,-1.0,-5.0,2.0
7,-14.0,1.0,10.0,4.0,-10.0,-1.0,12.0,11.0,-4.0,-6.0,-1.0,14.0,-2.0,0.0,-10.0,2.0
9,-13.0,0.0,9.0,5.0,-10.0,-2.0,11.0,13.0,-3.0,-5.0,-2.0,16.0,-1.0,0.0,-10.0,2.0
11,-10.0,0.0,7.0,7.0,-9.0,-2.0,11.0,15.0,-1.0,-4.0,-3.0,17.0,-1.0,2.0,-10.0,2.0
18,4.0,2.0,10.0,23.0,-3.0,2.0,10.0,18.0,11.0,6.0,7.0,24.0,12.0,9.0,-2.0,2.0
18,3.0,0.0,12.0,24.0,-3.0,1.0,11.0,18.0,11.0,6.0,9.0,24.0,12.0,8.0,-1.0,2.0
12,-5.0,6.0,-2.0,11.0,4.0,3.0,-5.0,15.0,0.0,-2.0,7.0,11.0,7.0,2.0,1.0,2.0
12,-6.0,6.0,-2.0,10.0,4.0,1.0,-6.0,15.0,-1.0,-2.0,8.0,11.0,3.0,3.0,2.0,2.0
11,-8.0,6.0,-2.0,10.0,3.0,0.0,-6.0,15.0,-2.0,-2.0,8.0,12.0,2.0,2.0,2.0,2.0
11,-9.0,6.0,-2.0,11.0,3.0,0.0,-7.0,16.0,-2.0,-3.0,8.0,13.0,3.0,1.0,3.0,2.0
11,-9.0,6.0,-2.0,11.0,3.0,0.0,-8.0,17.0,-2.0,-2.0,8.0,13.0,5.0,1.0,3.0,2.0
11,-9.0,6.0,-2.0,11.0,2.0,0.0,-8.0,18.0,-2.0,-2.0,8.0,12.0,6.0,1.0,3.0,2.0
11,-9.0,5.0,-1.0,12.0,2.0,0.0,-8.0,17.0,-3.0,-1.0,7.0,10.0,7.0,2.0,2.0,2.0
11,-9.0,5.0,-1.0,12.0,1.0,0.0,-8.0,17.0,-2.0,0.0,6.0,9.0,8.0,2.0,1.0,2.0
11,-9.0,5.0,-2.0,12.0,2.0,-1.0,-8.0,16.0,-2.0,1.0,3.0,8.0,9.0,0.0,1.0,2.0
11,-8.0,5.0,-3.0,12.0,2.0,-1.0,-8.0,15.0,-1.0,2.0,1.0,8.0,10.0,-3.0,2.0,2.0
4,-8.0,6.0,-3.0,7.0,-1.0,0.0,-7.0,7.0,-3.0,4.0,-1.0,2.0,4.0,-5.0,5.0,2.0
3,-8.0,5.0,-2.0,6.0,-2.0,0.0,-5.0,7.0,-4.0,4.0,-1.0,2.0,3.0,-3.0,5.0,2.0
3,-8.0,5.0,-1.0,5.0,-2.0,0.0,-3.0,8.0,-3.0,3.0,1.0,4.0,2.0,-1.0,4.0,2.0
3,-8.0,6.0,0.0,4.0,-3.0,0.0,-2.0,9.0,-3.0,3.0,2.0,6.0,2.0,0.0,3.0,2.0
2,-8.0,5.0,1.0,3.0,-3.0,0.0,0.0,9.0,-2.0,2.0,5.0,8.0,4.0,-1.0,3.0,2.0
1,-9.0,5.0,2.0,2.0,-3.0,0.0,1.0,8.0,-2.0,1.0,7.0,8.0,5.0,-3.0,3.0,2.0
-8,-3.0,-2.0,-5.0,-3.0,-10.0,-5.0,-1.0,-8.0,0.0,-6.0,-3.0,-11.0,-3.0,-1.0,-4.0,2.0
-7,-2.0,-3.0,-6.0,-2.0,-8.0,-6.0,-3.0,-9.0,0.0,-7.0,-2.0,-11.0,-1.0,-2.0,-4.0,2.0
-7,-2.0,-5.0,-4.0,-2.0,-7.0,-6.0,-3.0,-8.0,0.0,-7.0,0.0,-10.0,1.0,-4.0,-3.0,2.0
-6,-2.0,-6.0,-3.0,-1.0,-6.0,-6.0,-3.0,-8.0,0.0,-8.0,2.0,-9.0,3.0,-4.0,-3.0,2.0
-1,-1.0,-11.0,-7.0,4.0,-4.0,-11.0,-11.0,-8.0,-9.0,-5.0,2.0,-6.0,-12.0,-4.0,2.0,2.0
-3,1.0,-9.0,1.0,6.0,-9.0,-8.0,0.0,-10.0,-6.0,-1.0,2.0,-8.0,-5.0,-6.0,2.0,2.0
-4,1.0,-7.0,1.0,6.0,-9.0,-6.0,0.0,-11.0,-6.0,-1.0,3.0,-8.0,-2.0,-7.0,2.0,2.0
-5,3.0,-6.0,1.0,6.0,-9.0,-4.0,0.0,-11.0,-5.0,1.0,4.0,-7.0,1.0,-8.0,3.0,2.0
-5,4.0,-5.0,1.0,6.0,-9.0,-2.0,0.0,-11.0,-3.0,2.0,5.0,-6.0,4.0,-8.0,3.0,2.0
-5,5.0,-4.0,1.0,6.0,-8.0,-1.0,0.0,-11.0,-1.0,3.0,6.0,-6.0,6.0,-7.0,4.0,2.0
-5,7.0,-3.0,1.0,6.0,-8.0,0.0,0.0,-11.0,1.0,4.0,6.0,-7.0,6.0,-4.0,4.0,2.0
-6,8.0,-2.0,0.0,6.0,-8.0,1.0,1.0,-11.0,2.0,5.0,5.0,-7.0,6.0,-1.0,3.0,2.0
-6,8.0,-1.0,-1.0,5.0,-8.0,1.0,1.0,-10.0,3.0,5.0,4.0,-8.0,5.0,1.0,3.0,2.0
-7,8.0,-1.0,-1.0,4.0,-7.0,1.0,2.0,-9.0,3.0,4.0,3.0,-9.0,5.0,2.0,2.0,2.0
-7,8.0,-2.0,-2.0,3.0,-7.0,1.0,2.0,-9.0,2.0,2.0,2.0,-9.0,4.0,1.0,1.0,2.0
-7,8.0,-3.0,-2.0,1.0,-6.0,0.0,2.0,-8.0,1.0,0.0,1.0,-9.0,2.0,0.0,1.0,2.0
-6,8.0,-4.0,-3.0,-1.0,-6.0,-1.0,2.0,-7.0,-1.0,-3.0,0.0,-10.0,-1.0,1.0,-1.0,2.0
-6,7.0,-5.0,-4.0,-4.0,-6.0,-1.0,2.0,-6.0,-2.0,-6.0,-1.0,-11.0,-5.0,5.0,-5.0,2.0
-7,-2.0,-4.0,-5.0,-7.0,2.0,-11.0,-3.0,-11.0,-8.0,-2.0,-2.0,-5.0,-13.0,1.0,-6.0,2.0
-7,-1.0,-4.0,-7.0,-7.0,4.0,-10.0,-5.0,-9.0,-8.0,-2.0,-3.0,-5.0,-12.0,1.0,-5.0,2.0
-7,1.0,-3.0,-7.0,-7.0,5.0,-9.0,-6.0,-7.0,-8.0,-2.0,-4.0,-6.0,-11.0,0.0,-4.0,2.0
-8,1.0,-3.0,-6.0,-8.0,4.0,-7.0,-6.0,-7.0,-7.0,-3.0,-6.0,-8.0,-9.0,-1.0,-4.0,2.0
-8,0.0,-3.0,-5.0,-8.0,3.0,-6.0,-6.0,-8.0,-6.0,-3.0,-7.0,-10.0,-8.0,-2.0,-4.0,2.0
-8,0.0,-4.0,-4.0,-7.0,2.0,-6.0,-5.0,-9.0,-5.0,-4.0,-8.0,-11.0,-8.0,-3.0,-4.0,2.0
-8,0.0,-4.0,-4.0,-6.0,0.0,-6.0,-4.0,-10.0,-4.0,-4.0,-10.0,-12.0,-9.0,-4.0,-4.0,2.0
-1,2.0,3.0,-6.0,-2.0,2.0,1.0,-3.0,-5.0,4.0,-1.0,0.0,-9.0,6.0,-2.0,3.0,2.0
-1,2.0,3.0,-3.0,-2.0,3.0,2.0,-2.0,-6.0,3.0,-1.0,3.0,-9.0,7.0,-3.0,4.0,2.0
-1,1.0,3.0,1.0,-2.0,3.0,3.0,-2.0,-6.0,1.0,-1.0,6.0,-9.0,7.0,-3.0,5.0,2.0
-4,2.0,1.0,-10.0,-8.0,1.0,-2.0,-3.0,-2.0,1.0,-2.0,-11.0,-12.0,4.0,-5.0,-1.0,2.0
-3,1.0,1.0,-13.0,-8.0,1.0,-3.0,-4.0,-3.0,-1.0,-3.0,-12.0,-14.0,2.0,-5.0,-2.0,2.0
-6,-4.0,6.0,0.0,3.0,-7.0,2.0,-1.0,-7.0,0.0,4.0,-1.0,-6.0,7.0,-4.0,0.0,2.0
-6,-4.0,5.0,1.0,4.0,-8.0,2.0,-1.0,-7.0,0.0,3.0,2.0,-6.0,6.0,-3.0,1.0,2.0
1,2.0,-4.0,10.0,7.0,-1.0,0.0,3.0,-3.0,-5.0,2.0,5.0,12.0,-11.0,3.0,-5.0,2.0
1,3.0,-4.0,10.0,7.0,0.0,0.0,3.0,-3.0,-4.0,2.0,6.0,13.0,-11.0,2.0,-4.0,2.0
-1,3.0,-4.0,10.0,6.0,1.0,0.0,2.0,-4.0,-4.0,1.0,6.0,13.0,-11.0,2.0,-4.0,2.0
-2,3.0,-4.0,9.0,4.0,1.0,-1.0,2.0,-4.0,-5.0,0.0,7.0,12.0,-11.0,1.0,-3.0,2.0
-3,4.0,-3.0,8.0,3.0,2.0,-1.0,2.0,-4.0,-5.0,-1.0,8.0,11.0,-11.0,0.0,-3.0,2.0
-4,5.0,-3.0,7.0,1.0,3.0,-1.0,2.0,-3.0,-5.0,-1.0,7.0,10.0,-9.0,-1.0,-3.0,2.0
-5,6.0,-4.0,6.0,-1.0,4.0,0.0,2.0,-2.0,-5.0,-1.0,6.0,11.0,-6.0,-2.0,-3.0,2.0
-5,8.0,-4.0,5.0,-2.0,5.0,2.0,1.0,0.0,-4.0,1.0,5.0,11.0,-5.0,-2.0,-3.0,2.0
-5,10.0,-4.0,5.0,-4.0,6.0,3.0,1.0,0.0,-3.0,3.0,4.0,10.0,-5.0,1.0,-2.0,2.0
-6,12.0,-3.0,4.0,-5.0,6.0,5.0,1.0,1.0,-3.0,4.0,3.0,8.0,-6.0,3.0,0.0,2.0
-6,13.0,-3.0,4.0,-6.0,6.0,6.0,1.0,1.0,-2.0,3.0,3.0,6.0,-7.0,4.0,1.0,2.0
-6,14.0,-3.0,4.0,-6.0,7.0,7.0,2.0,0.0,-1.0,2.0,2.0,5.0,-8.0,4.0,2.0,2.0
-5,15.0,-3.0,5.0,-6.0,8.0,8.0,2.0,0.0,0.0,1.0,1.0,4.0,-8.0,3.0,3.0,2.0
-4,16.0,-3.0,6.0,-4.0,9.0,8.0,3.0,0.0,1.0,0.0,1.0,4.0,-8.0,3.0,3.0,2.0
-3,17.0,-2.0,8.0,-2.0,9.0,10.0,3.0,-1.0,2.0,0.0,1.0,5.0,-8.0,3.0,2.0,2.0
-2,18.0,-2.0,9.0,0.0,9.0,12.0,4.0,-1.0,2.0,1.0,2.0,6.0,-7.0,4.0,1.0,2.0
-2,19.0,-1.0,11.0,1.0,9.0,13.0,4.0,-1.0,3.0,1.0,3.0,8.0,-7.0,5.0,0.0,2.0
-2,18.0,0.0,12.0,1.0,9.0,14.0,5.0,-1.0,3.0,2.0,5.0,9.0,-6.0,7.0,-1.0,2.0
-3,17.0,1.0,13.0,0.0,8.0,15.0,5.0,0.0,3.0,2.0,7.0,11.0,-5.0,7.0,-1.0,2.0
-3,14.0,2.0,14.0,0.0,7.0,14.0,6.0,0.0,2.0,2.0,10.0,12.0,-5.0,8.0,-1.0,2.0
-5,1.0,-9.0,1.0,-3.0,-1.0,-9.0,1.0,-8.0,-8.0,-1.0,-4.0,-3.0,-13.0,-2.0,-4.0,2.0
-2,-2.0,-12.0,-10.0,-2.0,-4.0,-15.0,-6.0,-2.0,-11.0,-4.0,-16.0,3.0,-18.0,-12.0,-5.0,2.0
-1,-1.0,-12.0,-9.0,-2.0,-2.0,-14.0,-5.0,1.0,-10.0,-2.0,-15.0,6.0,-16.0,-12.0,-5.0,2.0
-1,5.0,-7.0,3.0,-5.0,6.0,-4.0,3.0,5.0,-3.0,3.0,-6.0,6.0,-9.0,4.0,-2.0,2.0
1,-9.0,2.0,9.0,3.0,-2.0,10.0,-7.0,2.0,-3.0,1.0,7.0,4.0,11.0,-5.0,-3.0,2.0
6,-7.0,-5.0,3.0,-1.0,1.0,-2.0,0.0,8.0,0.0,6.0,-4.0,-8.0,17.0,-8.0,10.0,2.0
7,-5.0,-4.0,3.0,1.0,3.0,-1.0,-2.0,8.0,1.0,5.0,-3.0,-9.0,18.0,-8.0,11.0,2.0
8,-3.0,-3.0,1.0,2.0,4.0,1.0,-3.0,9.0,2.0,5.0,-3.0,-9.0,18.0,-8.0,12.0,2.0
9,-2.0,-2.0,-1.0,2.0,5.0,2.0,-4.0,10.0,3.0,5.0,-3.0,-9.0,17.0,-8.0,12.0,2.0
9,0.0,-2.0,-3.0,3.0,6.0,2.0,-6.0,10.0,4.0,4.0,-4.0,-8.0,15.0,-7.0,13.0,2.0
4,-15.0,-3.0,3.0,7.0,-13.0,-8.0,4.0,0.0,-1.0,0.0,1.0,-11.0,9.0,-11.0,14.0,2.0
4,-14.0,-4.0,-1.0,6.0,-13.0,-11.0,3.0,-2.0,-1.0,0.0,-1.0,-14.0,9.0,-12.0,13.0,2.0
3,-13.0,-4.0,-4.0,5.0,-12.0,-12.0,1.0,-4.0,-2.0,1.0,-2.0,-16.0,9.0,-12.0,12.0,2.0
4,-12.0,-4.0,-7.0,6.0,-11.0,-14.0,0.0,-5.0,-2.0,1.0,-3.0,-17.0,8.0,-12.0,12.0,2.0
4,-10.0,-4.0,-8.0,7.0,-10.0,-14.0,-1.0,-5.0,-2.0,2.0,-3.0,-16.0,7.0,-11.0,12.0,2.0
4,-9.0,-4.0,-8.0,7.0,-9.0,-13.0,-2.0,-4.0,-2.0,2.0,-4.0,-15.0,6.0,-11.0,13.0,2.0
4,-7.0,-4.0,-7.0,7.0,-8.0,-12.0,-2.0,-3.0,-2.0,3.0,-4.0,-13.0,5.0,-10.0,13.0,2.0
4,-4.0,-4.0,-7.0,6.0,-5.0,-10.0,-2.0,-2.0,-1.0,4.0,-5.0,-12.0,5.0,-10.0,13.0,2.0
4,-1.0,-3.0,-6.0,5.0,-2.0,-7.0,-2.0,-2.0,0.0,5.0,-5.0,-11.0,7.0,-10.0,13.0,2.0
5,2.0,-1.0,-6.0,3.0,2.0,-5.0,-1.0,-1.0,1.0,5.0,-5.0,-11.0,9.0,-10.0,12.0,2.0
5,5.0,1.0,-7.0,2.0,6.0,-2.0,-1.0,-1.0,3.0,6.0,-4.0,-10.0,11.0,-10.0,12.0,2.0
-1,4.0,-3.0,-1.0,1.0,-1.0,-3.0,1.0,-5.0,-5.0,-3.0,2.0,-4.0,-9.0,-6.0,7.0,2.0
-2,4.0,-4.0,-4.0,-1.0,-2.0,-4.0,1.0,-6.0,-7.0,-4.0,0.0,-6.0,-9.0,-8.0,6.0,2.0
-3,4.0,-4.0,-5.0,-2.0,-3.0,-5.0,1.0,-7.0,-8.0,-4.0,-2.0,-7.0,-9.0,-9.0,5.0,2.0
-7,2.0,-3.0,-5.0,-5.0,-5.0,-4.0,1.0,-9.0,-9.0,-6.0,-1.0,-10.0,-9.0,-10.0,4.0,2.0
-2,7.0,-2.0,5.0,-4.0,6.0,4.0,2.0,-2.0,-3.0,-2.0,6.0,3.0,-8.0,-5.0,8.0,2.0
-3,7.0,-1.0,0.0,-5.0,6.0,4.0,-1.0,-2.0,-3.0,-2.0,5.0,2.0,-9.0,-4.0,8.0,2.0
-4,7.0,0.0,-5.0,-7.0,6.0,2.0,-3.0,-2.0,-4.0,-2.0,3.0,1.0,-9.0,-4.0,7.0,2.0
1,-9.0,1.0,-10.0,4.0,-11.0,-6.0,-4.0,-2.0,3.0,-8.0,-3.0,6.0,-7.0,-11.0,2.0,2.0
1,-9.0,1.0,-8.0,5.0,-11.0,-6.0,-4.0,-1.0,2.0,-8.0,-2.0,6.0,-8.0,-9.0,2.0,2.0
-1,-9.0,0.0,-6.0,6.0,-11.0,-6.0,-5.0,0.0,0.0,-7.0,-1.0,7.0,-8.0,-8.0,2.0,2.0
-1,-8.0,-1.0,-5.0,7.0,-11.0,-5.0,-5.0,1.0,-2.0,-6.0,-1.0,7.0,-7.0,-9.0,2.0,2.0
-2,-7.0,-2.0,-5.0,7.0,-11.0,-5.0,-7.0,1.0,-4.0,-5.0,-1.0,5.0,-5.0,-10.0,2.0,2.0
-2,-6.0,-2.0,-5.0,7.0,-11.0,-4.0,-8.0,0.0,-5.0,-5.0,-2.0,3.0,-5.0,-11.0,2.0,2.0
-3,-5.0,-2.0,-5.0,8.0,-12.0,-3.0,-8.0,-2.0,-5.0,-4.0,-2.0,1.0,-5.0,-11.0,3.0,2.0
-3,-5.0,-2.0,-6.0,9.0,-13.0,-2.0,-9.0,-3.0,-6.0,-3.0,-2.0,-1.0,-6.0,-10.0,3.0,2.0
-3,-5.0,-1.0,-6.0,9.0,-13.0,0.0,-9.0,-4.0,-6.0,-2.0,-1.0,-3.0,-6.0,-7.0,4.0,2.0
-3,-4.0,1.0,-5.0,10.0,-12.0,2.0,-10.0,-2.0,-5.0,-1.0,0.0,-3.0,-5.0,-4.0,5.0,2.0
3,1.0,5.0,2.0,7.0,-2.0,8.0,-3.0,9.0,-6.0,3.0,9.0,10.0,-2.0,1.0,5.0,2.0
3,-1.0,3.0,1.0,7.0,-4.0,5.0,-2.0,7.0,-7.0,2.0,9.0,11.0,-4.0,-1.0,5.0,2.0
2,-3.0,1.0,0.0,7.0,-6.0,1.0,-1.0,5.0,-8.0,3.0,7.0,11.0,-6.0,-3.0,5.0,2.0
2,-4.0,0.0,-2.0,7.0,-8.0,-2.0,-1.0,4.0,-7.0,4.0,4.0,11.0,-8.0,-5.0,5.0,2.0
3,-5.0,-1.0,-5.0,7.0,-9.0,-5.0,-2.0,3.0,-6.0,5.0,0.0,12.0,-8.0,-7.0,5.0,2.0
3,-5.0,-2.0,-7.0,7.0,-9.0,-6.0,-3.0,2.0,-3.0,6.0,-4.0,13.0,-8.0,-9.0,4.0,2.0
1,-6.0,5.0,-10.0,4.0,-2.0,-4.0,-7.0,3.0,-2.0,4.0,-4.0,20.0,-11.0,-6.0,-3.0,2.0
1,-6.0,5.0,-8.0,3.0,0.0,-3.0,-8.0,3.0,-4.0,5.0,-1.0,20.0,-13.0,-3.0,-2.0,2.0
1,-7.0,5.0,-6.0,2.0,2.0,-2.0,-9.0,2.0,-5.0,5.0,2.0,18.0,-14.0,1.0,-1.0,2.0
2,-8.0,5.0,-5.0,2.0,3.0,-2.0,-9.0,1.0,-6.0,4.0,5.0,16.0,-15.0,3.0,0.0,2.0
3,-9.0,5.0,-3.0,2.0,3.0,-2.0,-8.0,-1.0,-7.0,4.0,8.0,13.0,-15.0,4.0,2.0,2.0
3,-11.0,4.0,-2.0,3.0,2.0,-4.0,-8.0,-4.0,-7.0,3.0,10.0,12.0,-16.0,4.0,3.0,2.0
-2,-6.0,-2.0,-3.0,-2.0,-4.0,-6.0,0.0,4.0,-1.0,-1.0,-2.0,4.0,-3.0,-6.0,6.0,2.0
-2,-7.0,-2.0,-2.0,-2.0,-2.0,-7.0,-1.0,2.0,-3.0,1.0,2.0,1.0,1.0,-4.0,5.0,2.0
-2,3.0,6.0,1.0,-3.0,8.0,3.0,1.0,1.0,1.0,8.0,7.0,2.0,4.0,2.0,8.0,2.0
-1,6.0,6.0,0.0,-3.0,9.0,4.0,1.0,1.0,2.0,8.0,5.0,2.0,5.0,1.0,9.0,2.0
0,9.0,6.0,-2.0,-3.0,11.0,5.0,1.0,1.0,3.0,9.0,3.0,2.0,6.0,-1.0,10.0,2.0
-2,-9.0,-3.0,1.0,2.0,-12.0,-5.0,2.0,-1.0,-3.0,0.0,-5.0,3.0,-7.0,-11.0,6.0,2.0
0,11.0,3.0,-5.0,10.0,5.0,0.0,-6.0,-7.0,4.0,10.0,-3.0,-6.0,9.0,-3.0,4.0,2.0
0,12.0,4.0,0.0,11.0,4.0,4.0,-4.0,-8.0,4.0,10.0,-2.0,-6.0,7.0,-1.0,4.0,2.0
0,11.0,3.0,6.0,11.0,4.0,8.0,-2.0,-9.0,3.0,10.0,1.0,-5.0,5.0,-1.0,5.0,2.0
1,10.0,1.0,-1.0,2.0,6.0,6.0,-2.0,-8.0,1.0,1.0,0.0,-5.0,-1.0,-4.0,4.0,2.0
-1,9.0,-1.0,-9.0,4.0,-1.0,-4.0,-1.0,-2.0,0.0,-10.0,-4.0,-11.0,1.0,-9.0,3.0,2.0
-1,9.0,-1.0,-9.0,4.0,-1.0,-4.0,-2.0,-3.0,-1.0,-11.0,-2.0,-12.0,1.0,-10.0,4.0,2.0
-1,8.0,-1.0,-9.0,4.0,0.0,-4.0,-3.0,-4.0,-2.0,-12.0,-1.0,-13.0,1.0,-10.0,5.0,2.0
-1,7.0,0.0,-8.0,4.0,0.0,-3.0,-3.0,-4.0,-2.0,-13.0,1.0,-14.0,1.0,-10.0,6.0,2.0
-3,-4.0,-6.0,-1.0,-14.0,2.0,-5.0,2.0,2.0,5.0,-6.0,-8.0,-3.0,1.0,-2.0,-3.0,2.0
-2,-3.0,-7.0,-3.0,-14.0,4.0,-5.0,1.0,3.0,6.0,-7.0,-8.0,-4.0,1.0,-2.0,-2.0,2.0
-1,-1.0,-9.0,-4.0,-14.0,6.0,-5.0,0.0,4.0,5.0,-8.0,-7.0,-5.0,2.0,-2.0,-1.0,2.0
-1,1.0,-10.0,-4.0,-14.0,6.0,-6.0,0.0,4.0,3.0,-8.0,-7.0,-5.0,1.0,-3.0,0.0,2.0
-1,2.0,-11.0,-5.0,-16.0,7.0,-6.0,0.0,3.0,1.0,-7.0,-7.0,-6.0,-2.0,-3.0,0.0,2.0
-1,3.0,-11.0,-5.0,-16.0,7.0,-7.0,1.0,3.0,-1.0,-6.0,-6.0,-7.0,-3.0,-1.0,0.0,2.0
-1,3.0,-11.0,-5.0,-16.0,7.0,-7.0,2.0,2.0,-3.0,-6.0,-6.0,-7.0,-4.0,0.0,-1.0,2.0
-1,3.0,-11.0,-6.0,-15.0,6.0,-8.0,2.0,2.0,-4.0,-6.0,-5.0,-7.0,-5.0,2.0,-2.0,2.0
0,4.0,-11.0,-6.0,-13.0,6.0,-8.0,2.0,2.0,-4.0,-6.0,-4.0,-7.0,-4.0,2.0,-3.0,2.0
-1,2.0,-8.0,5.0,-9.0,6.0,1.0,-1.0,-1.0,-3.0,-7.0,-1.0,-7.0,-3.0,-1.0,-2.0,2.0
-9,-16.0,-8.0,-5.0,-13.0,-11.0,-12.0,-1.0,-6.0,2.0,-14.0,-13.0,-9.0,-4.0,-7.0,-11.0,2.0
-9,-14.0,-8.0,-4.0,-13.0,-11.0,-11.0,0.0,-7.0,2.0,-13.0,-7.0,-7.0,-5.0,-4.0,-10.0,2.0
-8,-12.0,-6.0,-3.0,-11.0,-9.0,-9.0,0.0,-7.0,3.0,-11.0,-1.0,-4.0,-5.0,0.0,-8.0,2.0
-1,4.0,0.0,-5.0,-9.0,6.0,5.0,-4.0,6.0,-2.0,-1.0,1.0,-2.0,2.0,3.0,0.0,2.0
-1,2.0,-1.0,-3.0,-9.0,5.0,4.0,-3.0,5.0,-2.0,-4.0,2.0,-3.0,2.0,1.0,0.0,2.0
-1,0.0,-1.0,-4.0,-8.0,3.0,2.0,-3.0,4.0,-1.0,-6.0,2.0,-3.0,4.0,-3.0,0.0,2.0
-1,-1.0,-1.0,-5.0,-7.0,2.0,0.0,-3.0,5.0,-1.0,-7.0,1.0,-2.0,6.0,-6.0,1.0,2.0
-5,1.0,-2.0,-1.0,-11.0,2.0,4.0,-2.0,5.0,-1.0,-3.0,-3.0,-4.0,0.0,2.0,-1.0,2.0
-4,3.0,-1.0,-3.0,-12.0,6.0,5.0,-4.0,6.0,0.0,-2.0,-5.0,-4.0,2.0,2.0,-1.0,2.0
-3,5.0,-1.0,-5.0,-12.0,9.0,6.0,-6.0,6.0,1.0,-1.0,-6.0,-3.0,4.0,1.0,-2.0,2.0
-2,7.0,0.0,-7.0,-13.0,11.0,7.0,-7.0,5.0,1.0,0.0,-7.0,-4.0,5.0,1.0,-3.0,2.0
-3,7.0,1.0,-7.0,-14.0,12.0,8.0,-8.0,3.0,0.0,0.0,-6.0,-5.0,6.0,0.0,-3.0,2.0
-4,7.0,2.0,-7.0,-15.0,11.0,9.0,-7.0,1.0,-1.0,1.0,-4.0,-7.0,9.0,-2.0,-3.0,2.0
-5,6.0,4.0,-7.0,-16.0,10.0,9.0,-5.0,-1.0,-2.0,3.0,-3.0,-9.0,11.0,-2.0,-2.0,2.0
-6,5.0,5.0,-6.0,-16.0,8.0,8.0,-3.0,-2.0,-2.0,4.0,-1.0,-10.0,12.0,-1.0,-2.0,2.0
-7,5.0,6.0,-6.0,-16.0,7.0,7.0,-1.0,-2.0,-2.0,5.0,-1.0,-10.0,11.0,2.0,-1.0,2.0
-6,4.0,6.0,-6.0,-14.0,6.0,6.0,1.0,-2.0,-2.0,6.0,-2.0,-9.0,7.0,5.0,-2.0,2.0
-7,-1.0,3.0,3.0,-14.0,10.0,9.0,-7.0,-8.0,7.0,1.0,-1.0,-9.0,2.0,7.0,-1.0,2.0
-4,8.0,4.0,8.0,-4.0,18.0,8.0,-5.0,-5.0,6.0,1.0,17.0,-6.0,7.0,11.0,7.0,2.0
-3,10.0,5.0,8.0,-5.0,20.0,10.0,-6.0,-5.0,4.0,1.0,15.0,-8.0,7.0,9.0,7.0,2.0
-3,11.0,7.0,6.0,-6.0,21.0,12.0,-7.0,-5.0,2.0,1.0,12.0,-10.0,6.0,6.0,7.0,2.0
-3,11.0,8.0,3.0,-8.0,20.0,13.0,-7.0,-5.0,0.0,0.0,9.0,-12.0,6.0,3.0,7.0,2.0
-3,10.0,8.0,-1.0,-10.0,18.0,12.0,-6.0,-3.0,-1.0,-2.0,5.0,-13.0,6.0,0.0,6.0,2.0
-3,8.0,7.0,-3.0,-11.0,14.0,10.0,-4.0,-1.0,-2.0,-4.0,2.0,-13.0,5.0,-2.0,5.0,2.0
-3,4.0,5.0,-5.0,-12.0,9.0,5.0,-1.0,0.0,-2.0,-6.0,-1.0,-13.0,3.0,-3.0,4.0,2.0
-3,-1.0,3.0,-5.0,-13.0,4.0,0.0,2.0,1.0,-3.0,-8.0,-2.0,-11.0,2.0,-5.0,3.0,2.0
-3,-9.0,3.0,-1.0,0.0,-7.0,-5.0,3.0,-1.0,-2.0,0.0,2.0,-3.0,4.0,0.0,-1.0,2.0
-4,-12.0,7.0,0.0,8.0,-16.0,-4.0,3.0,-5.0,2.0,-2.0,3.0,3.0,-4.0,-3.0,2.0,2.0
-4,-13.0,5.0,5.0,7.0,-16.0,-4.0,5.0,-4.0,4.0,-3.0,5.0,5.0,-2.0,-4.0,2.0,2.0
-1,-4.0,2.0,11.0,4.0,1.0,1.0,3.0,-1.0,3.0,-3.0,7.0,12.0,-5.0,0.0,0.0,2.0
-2,-3.0,3.0,8.0,3.0,2.0,0.0,2.0,-2.0,2.0,-4.0,6.0,11.0,-7.0,-1.0,-1.0,2.0
-3,-2.0,3.0,5.0,1.0,2.0,-1.0,1.0,-3.0,1.0,-5.0,5.0,9.0,-8.0,-3.0,-2.0,2.0
-4,-3.0,2.0,2.0,-2.0,1.0,-3.0,1.0,-3.0,-2.0,-6.0,5.0,8.0,-9.0,-4.0,-2.0,2.0
-5,-4.0,1.0,-1.0,-4.0,-1.0,-5.0,0.0,-3.0,-5.0,-7.0,5.0,7.0,-10.0,-6.0,-1.0,2.0
-6,-5.0,-1.0,-2.0,-4.0,-3.0,-6.0,0.0,-3.0,-7.0,-7.0,5.0,6.0,-11.0,-7.0,0.0,2.0
-5,-5.0,-2.0,-3.0,-5.0,-4.0,-6.0,-1.0,-2.0,-9.0,-6.0,3.0,5.0,-12.0,-7.0,1.0,2.0
-4,-5.0,-2.0,-4.0,-5.0,-4.0,-7.0,-1.0,-2.0,-9.0,-4.0,1.0,4.0,-12.0,-8.0,1.0,2.0
-3,-5.0,-2.0,-5.0,-4.0,-4.0,-7.0,-1.0,-1.0,-8.0,-3.0,-2.0,4.0,-11.0,-8.0,1.0,2.0
-2,-3.0,-2.0,-7.0,-3.0,-3.0,-6.0,-1.0,0.0,-6.0,-2.0,-5.0,4.0,-11.0,-7.0,1.0,2.0
-1,1.0,-1.0,-8.0,-3.0,-2.0,-5.0,-1.0,1.0,-5.0,-1.0,-6.0,4.0,-12.0,-6.0,1.0,2.0
-1,5.0,0.0,-10.0,-3.0,0.0,-4.0,0.0,0.0,-4.0,-1.0,-7.0,4.0,-12.0,-5.0,2.0,2.0
-4,10.0,5.0,-11.0,-6.0,3.0,4.0,1.0,-4.0,-5.0,-1.0,-7.0,-2.0,-12.0,-5.0,2.0,2.0
-4,7.0,6.0,-7.0,-6.0,1.0,5.0,2.0,-4.0,-5.0,-2.0,-4.0,-1.0,-14.0,-4.0,4.0,2.0
-1,0.0,-4.0,4.0,-8.0,5.0,3.0,-1.0,-3.0,-1.0,-1.0,-8.0,1.0,-5.0,-8.0,-1.0,2.0
-1,0.0,-5.0,2.0,-8.0,4.0,2.0,-2.0,-2.0,-1.0,-1.0,-8.0,2.0,-6.0,-7.0,-2.0,2.0
-1,-1.0,-6.0,1.0,-9.0,4.0,1.0,-3.0,-2.0,-2.0,-2.0,-7.0,2.0,-7.0,-6.0,-2.0,2.0
-1,-2.0,-6.0,0.0,-9.0,4.0,-1.0,-4.0,-2.0,-3.0,-4.0,-5.0,1.0,-7.0,-5.0,-3.0,2.0
-1,-3.0,-7.0,-1.0,-10.0,4.0,-2.0,-4.0,-1.0,-5.0,-5.0,-4.0,-1.0,-6.0,-6.0,-3.0,2.0
-2,-4.0,-7.0,-3.0,-10.0,3.0,-4.0,-5.0,-1.0,-6.0,-6.0,-4.0,-3.0,-4.0,-8.0,-3.0,2.0
-2,-5.0,-7.0,-5.0,-11.0,2.0,-5.0,-5.0,-1.0,-7.0,-6.0,-7.0,-5.0,-3.0,-9.0,-3.0,2.0
-1,-5.0,-6.0,-7.0,-11.0,2.0,-6.0,-5.0,-1.0,-7.0,-5.0,-10.0,-7.0,-3.0,-9.0,-3.0,2.0
-7,7.0,-10.0,4.0,-12.0,9.0,-3.0,0.0,-9.0,-5.0,4.0,0.0,-13.0,0.0,2.0,0.0,2.0
-8,6.0,-9.0,2.0,-13.0,9.0,-4.0,-1.0,-9.0,-4.0,3.0,-3.0,-13.0,0.0,2.0,-1.0,2.0
-8,5.0,-7.0,1.0,-13.0,8.0,-4.0,0.0,-8.0,-1.0,1.0,-5.0,-12.0,1.0,1.0,-3.0,2.0
-8,4.0,-5.0,0.0,-13.0,8.0,-4.0,0.0,-7.0,1.0,-1.0,-7.0,-10.0,1.0,-1.0,-4.0,2.0
-8,2.0,-4.0,1.0,-12.0,7.0,-4.0,1.0,-7.0,1.0,-1.0,-8.0,-9.0,1.0,-2.0,-4.0,2.0
-8,2.0,-2.0,1.0,-10.0,6.0,-4.0,1.0,-6.0,1.0,-1.0,-8.0,-9.0,0.0,-2.0,-4.0,2.0
-8,1.0,-1.0,1.0,-9.0,4.0,-4.0,1.0,-6.0,0.0,-1.0,-8.0,-10.0,-1.0,-1.0,-3.0,2.0
-9,1.0,-1.0,0.0,-8.0,3.0,-4.0,1.0,-6.0,-1.0,-1.0,-9.0,-12.0,-1.0,-1.0,-3.0,2.0
-10,1.0,-1.0,-1.0,-8.0,1.0,-4.0,1.0,-6.0,-2.0,0.0,-11.0,-13.0,-1.0,-2.0,-3.0,2.0
-10,9.0,-3.0,5.0,-6.0,5.0,-1.0,2.0,-7.0,3.0,1.0,-5.0,-3.0,-2.0,1.0,-3.0,2.0
-10,10.0,-4.0,5.0,-4.0,4.0,-1.0,2.0,-9.0,4.0,1.0,-2.0,-3.0,-2.0,2.0,-3.0,2.0
-10,10.0,-4.0,4.0,-3.0,3.0,-1.0,3.0,-10.0,5.0,1.0,0.0,-3.0,-1.0,2.0,-2.0,2.0
-9,10.0,-4.0,4.0,-3.0,2.0,-1.0,3.0,-10.0,6.0,1.0,2.0,-3.0,1.0,1.0,-2.0,2.0
-8,10.0,-4.0,3.0,-3.0,1.0,-1.0,3.0,-10.0,6.0,0.0,2.0,-1.0,1.0,0.0,-2.0,2.0
-7,9.0,-5.0,2.0,-4.0,2.0,-2.0,3.0,-9.0,5.0,0.0,2.0,0.0,2.0,-2.0,-2.0,2.0
-7,9.0,-6.0,2.0,-4.0,2.0,-2.0,3.0,-8.0,4.0,1.0,1.0,1.0,2.0,-3.0,-2.0,2.0
-6,10.0,-7.0,2.0,-5.0,2.0,-2.0,4.0,-8.0,2.0,2.0,0.0,1.0,2.0,-3.0,-3.0,2.0
-4,9.0,-7.0,4.0,-4.0,-3.0,1.0,7.0,-8.0,1.0,3.0,-1.0,-1.0,-6.0,4.0,-3.0,2.0
-5,10.0,-2.0,-3.0,-3.0,6.0,1.0,-2.0,-5.0,2.0,4.0,2.0,-3.0,-4.0,7.0,2.0,2.0
-6,10.0,-2.0,-1.0,-4.0,6.0,2.0,-1.0,-6.0,1.0,4.0,4.0,-5.0,-4.0,9.0,4.0,2.0
-7,10.0,-2.0,1.0,-5.0,6.0,3.0,-1.0,-6.0,1.0,4.0,5.0,-6.0,-4.0,9.0,5.0,2.0
-8,10.0,-2.0,2.0,-6.0,4.0,4.0,0.0,-6.0,0.0,4.0,4.0,-6.0,-4.0,7.0,5.0,2.0
-9,9.0,-2.0,3.0,-7.0,3.0,5.0,0.0,-6.0,0.0,4.0,4.0,-5.0,-3.0,5.0,5.0,2.0
-10,7.0,-2.0,4.0,-7.0,0.0,6.0,1.0,-5.0,-1.0,3.0,3.0,-4.0,-4.0,3.0,5.0,2.0
-10,6.0,-2.0,4.0,-7.0,-2.0,6.0,1.0,-5.0,-1.0,2.0,2.0,-4.0,-5.0,3.0,4.0,2.0
-11,6.0,-2.0,4.0,-7.0,-3.0,6.0,1.0,-5.0,-1.0,0.0,1.0,-4.0,-7.0,3.0,3.0,2.0
-12,5.0,-2.0,4.0,-7.0,-5.0,5.0,1.0,-5.0,-1.0,-2.0,0.0,-5.0,-7.0,2.0,2.0,2.0
-4,1.0,-3.0,0.0,-3.0,-4.0,-1.0,1.0,-3.0,0.0,-1.0,-1.0,-1.0,-3.0,-1.0,-1.0,2.0
-1,2.0,-4.0,-3.0,2.0,-1.0,-1.0,-6.0,-7.0,-2.0,2.0,-4.0,-5.0,-4.0,-1.0,0.0,2.0
-6,-2.0,-3.0,0.0,2.0,-13.0,1.0,0.0,-8.0,-3.0,-2.0,1.0,-3.0,-9.0,-4.0,3.0,2.0
-5,-1.0,-3.0,-1.0,2.0,-13.0,1.0,0.0,-7.0,-2.0,-1.0,-1.0,-2.0,-7.0,-5.0,3.0,2.0
-4,-1.0,-4.0,-3.0,2.0,-11.0,0.0,-1.0,-5.0,-2.0,0.0,-3.0,-2.0,-5.0,-6.0,3.0,2.0
-3,0.0,-4.0,-4.0,2.0,-10.0,-1.0,-2.0,-3.0,-2.0,2.0,-4.0,-2.0,-3.0,-6.0,3.0,2.0
-7,3.0,-5.0,-12.0,-8.0,-4.0,-2.0,-7.0,-4.0,-13.0,1.0,-6.0,-10.0,-10.0,-5.0,3.0,2.0
-7,3.0,-5.0,-12.0,-8.0,-3.0,-2.0,-7.0,-3.0,-14.0,1.0,-8.0,-11.0,-9.0,-6.0,3.0,2.0
-6,2.0,-4.0,-12.0,-8.0,-3.0,-2.0,-7.0,-1.0,-13.0,1.0,-9.0,-11.0,-7.0,-7.0,3.0,2.0
-4,-4.0,4.0,8.0,4.0,-6.0,4.0,3.0,-4.0,-1.0,5.0,3.0,-3.0,9.0,-4.0,1.0,2.0
-3,-4.0,4.0,6.0,5.0,-7.0,2.0,3.0,-4.0,-1.0,6.0,2.0,-3.0,8.0,-4.0,2.0,2.0
-1,-4.0,4.0,4.0,6.0,-6.0,0.0,2.0,-4.0,-2.0,6.0,1.0,-4.0,6.0,-3.0,2.0,2.0
-1,-4.0,4.0,1.0,7.0,-5.0,-3.0,1.0,-3.0,-1.0,5.0,0.0,-4.0,3.0,0.0,2.0,2.0
0,-3.0,3.0,-1.0,8.0,-4.0,-4.0,-1.0,-3.0,-1.0,5.0,1.0,-4.0,1.0,3.0,2.0,2.0
-1,-8.0,1.0,1.0,8.0,-1.0,-8.0,-5.0,-6.0,-2.0,7.0,0.0,-8.0,5.0,-1.0,2.0,2.0
-1,-9.0,1.0,2.0,8.0,-2.0,-8.0,-6.0,-7.0,-3.0,8.0,-1.0,-9.0,4.0,-1.0,2.0,2.0
-8,3.0,-4.0,-7.0,-9.0,0.0,-4.0,-3.0,-3.0,-6.0,2.0,-7.0,-5.0,-10.0,2.0,-2.0,2.0
-8,6.0,-4.0,-6.0,-9.0,2.0,-1.0,-4.0,-3.0,-5.0,3.0,-7.0,-3.0,-9.0,3.0,-3.0,2.0
-8,7.0,-3.0,-4.0,-8.0,3.0,2.0,-5.0,-2.0,-4.0,5.0,-7.0,-2.0,-7.0,4.0,-3.0,2.0
2,-8.0,-3.0,9.0,10.0,-12.0,-5.0,6.0,3.0,4.0,-9.0,8.0,1.0,4.0,1.0,0.0,2.0
2,-6.0,-3.0,6.0,10.0,-11.0,-5.0,5.0,3.0,6.0,-8.0,4.0,-1.0,6.0,1.0,-1.0,2.0
2,-2.0,-3.0,2.0,10.0,-9.0,-4.0,3.0,3.0,8.0,-7.0,0.0,-2.0,8.0,0.0,-1.0,2.0
3,1.0,-2.0,-1.0,9.0,-7.0,-3.0,1.0,4.0,10.0,-6.0,-3.0,-3.0,8.0,0.0,-1.0,2.0
3,-1.0,5.0,6.0,7.0,-6.0,9.0,2.0,7.0,4.0,0.0,2.0,-8.0,11.0,8.0,2.0,2.0
3,-5.0,3.0,9.0,7.0,-10.0,6.0,6.0,7.0,4.0,0.0,1.0,-10.0,13.0,9.0,0.0,2.0
3,-9.0,0.0,11.0,7.0,-13.0,2.0,9.0,7.0,4.0,0.0,1.0,-10.0,14.0,9.0,-1.0,2.0
2,-10.0,-3.0,11.0,7.0,-15.0,-1.0,10.0,7.0,5.0,-1.0,1.0,-10.0,15.0,8.0,-2.0,2.0
2,-9.0,-5.0,10.0,8.0,-16.0,-3.0,10.0,7.0,5.0,-2.0,2.0,-9.0,16.0,7.0,-2.0,2.0
2,-7.0,-6.0,8.0,8.0,-15.0,-4.0,8.0,7.0,6.0,-4.0,2.0,-8.0,17.0,5.0,-3.0,2.0
3,-5.0,-7.0,6.0,9.0,-13.0,-5.0,6.0,7.0,7.0,-5.0,2.0,-7.0,18.0,3.0,-4.0,2.0
3,-3.0,-6.0,4.0,10.0,-11.0,-6.0,4.0,6.0,7.0,-6.0,1.0,-7.0,16.0,1.0,-4.0,2.0
2,-2.0,-5.0,2.0,10.0,-10.0,-6.0,3.0,4.0,7.0,-6.0,-1.0,-8.0,13.0,1.0,-3.0,2.0
2,-2.0,-4.0,1.0,10.0,-9.0,-7.0,1.0,2.0,6.0,-6.0,-2.0,-10.0,11.0,2.0,-3.0,2.0
1,-2.0,-3.0,0.0,10.0,-8.0,-7.0,0.0,0.0,5.0,-6.0,-3.0,-13.0,9.0,3.0,-2.0,2.0
1,-2.0,-2.0,0.0,10.0,-6.0,-6.0,-1.0,-1.0,5.0,-6.0,-3.0,-15.0,9.0,4.0,-3.0,2.0
1,-2.0,-1.0,1.0,10.0,-5.0,-5.0,-1.0,-1.0,5.0,-6.0,-3.0,-16.0,10.0,4.0,-3.0,2.0
1,-2.0,1.0,1.0,10.0,-4.0,-4.0,-2.0,0.0,5.0,-6.0,-3.0,-16.0,12.0,3.0,-3.0,2.0
1,-2.0,1.0,1.0,10.0,-4.0,-3.0,-3.0,2.0,5.0,-6.0,-3.0,-14.0,13.0,2.0,-3.0,2.0
1,-2.0,2.0,1.0,10.0,-4.0,-2.0,-3.0,2.0,5.0,-5.0,-3.0,-14.0,13.0,3.0,-3.0,2.0
1,-2.0,3.0,0.0,11.0,-5.0,-1.0,-3.0,3.0,6.0,-5.0,-3.0,-14.0,12.0,5.0,-2.0,2.0
1,-2.0,3.0,-1.0,11.0,-5.0,-1.0,-3.0,3.0,6.0,-4.0,-4.0,-14.0,10.0,7.0,-2.0,2.0
1,-1.0,4.0,-2.0,11.0,-5.0,-1.0,-3.0,2.0,6.0,-2.0,-5.0,-15.0,10.0,8.0,-3.0,2.0
0,0.0,5.0,-3.0,10.0,-5.0,0.0,-3.0,1.0,5.0,-1.0,-6.0,-17.0,10.0,8.0,-3.0,2.0
-1,1.0,5.0,-3.0,9.0,-5.0,0.0,-2.0,-1.0,5.0,-1.0,-5.0,-18.0,11.0,7.0,-3.0,2.0
-2,2.0,6.0,-4.0,8.0,-6.0,1.0,-1.0,-4.0,4.0,-1.0,-4.0,-20.0,12.0,4.0,-2.0,2.0
-2,2.0,7.0,-3.0,8.0,-7.0,2.0,1.0,-5.0,4.0,-2.0,-2.0,-20.0,13.0,2.0,-1.0,2.0
-3,1.0,7.0,-1.0,8.0,-9.0,3.0,4.0,-5.0,4.0,-3.0,0.0,-18.0,13.0,1.0,-1.0,2.0
-4,0.0,8.0,2.0,7.0,-12.0,4.0,6.0,-4.0,4.0,-4.0,2.0,-14.0,12.0,0.0,-1.0,2.0
-3,-5.0,-10.0,5.0,6.0,-16.0,-7.0,5.0,0.0,2.0,-4.0,-2.0,-5.0,8.0,-4.0,-2.0,2.0
-2,-4.0,-10.0,7.0,6.0,-14.0,-7.0,5.0,0.0,2.0,-4.0,1.0,-6.0,11.0,-5.0,-2.0,2.0
-2,-3.0,-10.0,7.0,7.0,-13.0,-6.0,5.0,-1.0,1.0,-5.0,3.0,-6.0,13.0,-6.0,-3.0,2.0
-1,-3.0,-10.0,7.0,7.0,-12.0,-6.0,5.0,-1.0,0.0,-6.0,4.0,-6.0,12.0,-5.0,-3.0,2.0
0,-4.0,-10.0,7.0,7.0,-11.0,-7.0,5.0,-1.0,-1.0,-7.0,5.0,-5.0,9.0,-4.0,-4.0,2.0
4,5.0,-6.0,6.0,6.0,3.0,0.0,1.0,-5.0,1.0,2.0,4.0,-7.0,10.0,-1.0,0.0,2.0
4,7.0,-4.0,7.0,5.0,4.0,2.0,1.0,-6.0,3.0,4.0,3.0,-8.0,12.0,0.0,0.0,2.0
3,7.0,-1.0,7.0,4.0,4.0,5.0,3.0,-6.0,4.0,4.0,4.0,-7.0,13.0,2.0,-1.0,2.0
1,7.0,1.0,7.0,2.0,3.0,6.0,5.0,-5.0,5.0,4.0,4.0,-6.0,12.0,3.0,-1.0,2.0
0,5.0,3.0,7.0,0.0,1.0,7.0,7.0,-5.0,5.0,3.0,5.0,-4.0,10.0,4.0,-2.0,2.0
6,4.0,-5.0,-4.0,-1.0,6.0,-2.0,-2.0,-2.0,-3.0,-5.0,5.0,-6.0,2.0,0.0,0.0,2.0
6,3.0,-5.0,-4.0,-2.0,7.0,-2.0,-2.0,-2.0,-3.0,-3.0,4.0,-7.0,2.0,2.0,0.0,2.0
6,2.0,-4.0,-2.0,-2.0,7.0,-1.0,-1.0,-2.0,-3.0,-1.0,3.0,-7.0,0.0,4.0,1.0,2.0
6,0.0,-3.0,2.0,-3.0,6.0,0.0,1.0,-2.0,-3.0,0.0,4.0,-4.0,-3.0,5.0,2.0,2.0
4,-8.0,2.0,1.0,-3.0,3.0,-1.0,0.0,-6.0,-2.0,1.0,1.0,-4.0,-1.0,1.0,-2.0,2.0
4,-7.0,3.0,-1.0,-3.0,4.0,-1.0,-2.0,-5.0,-2.0,1.0,2.0,-1.0,-2.0,1.0,-3.0,2.0
4,-6.0,4.0,-3.0,-1.0,4.0,0.0,-4.0,-5.0,-1.0,1.0,2.0,2.0,-2.0,1.0,-3.0,2.0
0,-5.0,6.0,-3.0,-3.0,-3.0,2.0,3.0,-4.0,-5.0,5.0,1.0,8.0,-7.0,-5.0,1.0,2.0
-1,-6.0,4.0,-1.0,-5.0,-4.0,0.0,5.0,-4.0,-7.0,4.0,-1.0,7.0,-8.0,-6.0,0.0,2.0
1,-7.0,-6.0,1.0,-6.0,1.0,-1.0,-6.0,0.0,-7.0,-1.0,-1.0,1.0,-4.0,-4.0,-1.0,2.0
3,-7.0,-5.0,3.0,4.0,-4.0,-5.0,0.0,-3.0,-8.0,4.0,3.0,2.0,-7.0,1.0,0.0,2.0
4,-4.0,-5.0,1.0,6.0,-2.0,-5.0,-3.0,-4.0,-7.0,5.0,4.0,1.0,-5.0,2.0,0.0,2.0
-13,-4.0,-5.0,-4.0,-16.0,-5.0,-5.0,-1.0,-18.0,-4.0,-2.0,-3.0,-24.0,1.0,0.0,-3.0,2.0
-5,-1.0,-1.0,2.0,-3.0,3.0,-7.0,2.0,-8.0,-4.0,-1.0,-1.0,-4.0,-6.0,-3.0,-1.0,2.0
-5,2.0,-2.0,2.0,-2.0,4.0,-6.0,2.0,-7.0,-3.0,-1.0,-2.0,-4.0,-6.0,-2.0,-2.0,2.0
-5,4.0,-2.0,2.0,-1.0,4.0,-5.0,1.0,-6.0,-4.0,-2.0,-2.0,-4.0,-6.0,-2.0,-1.0,2.0
-5,6.0,-2.0,1.0,-1.0,4.0,-4.0,-1.0,-5.0,-4.0,-1.0,-2.0,-3.0,-8.0,-1.0,-1.0,2.0
-6,6.0,-2.0,0.0,-2.0,4.0,-3.0,-1.0,-5.0,-5.0,0.0,-2.0,-1.0,-10.0,-1.0,-1.0,2.0
-6,6.0,-3.0,1.0,-2.0,4.0,-2.0,-1.0,-5.0,-5.0,1.0,-2.0,2.0,-12.0,-1.0,0.0,2.0
-7,6.0,-3.0,3.0,-2.0,3.0,-2.0,0.0,-6.0,-5.0,3.0,-2.0,5.0,-13.0,-1.0,0.0,2.0
-7,5.0,-2.0,5.0,-1.0,3.0,-2.0,1.0,-6.0,-3.0,4.0,-3.0,6.0,-12.0,-2.0,0.0,2.0
-7,5.0,-2.0,6.0,-1.0,3.0,-1.0,1.0,-5.0,1.0,4.0,-6.0,8.0,-10.0,-2.0,-1.0,2.0
-4,-6.0,-3.0,-1.0,-4.0,-5.0,-6.0,1.0,-1.0,3.0,-4.0,-6.0,3.0,-8.0,1.0,-4.0,2.0
-4,-5.0,-3.0,1.0,-4.0,-4.0,-5.0,2.0,0.0,1.0,-3.0,0.0,4.0,-7.0,2.0,-1.0,2.0
-5,4.0,-6.0,-4.0,-8.0,3.0,-6.0,0.0,-3.0,-5.0,-2.0,4.0,-8.0,1.0,0.0,1.0,2.0
-4,4.0,-5.0,-4.0,-8.0,4.0,-6.0,0.0,-3.0,-6.0,-2.0,4.0,-9.0,-1.0,2.0,2.0,2.0
-3,3.0,-3.0,-5.0,-8.0,5.0,-5.0,0.0,-2.0,-6.0,-2.0,4.0,-8.0,-3.0,3.0,2.0,2.0
-2,1.0,-1.0,-4.0,-8.0,5.0,-3.0,1.0,-2.0,-5.0,-3.0,4.0,-7.0,-3.0,2.0,2.0,2.0
-2,-1.0,2.0,-3.0,-8.0,5.0,-2.0,1.0,-3.0,-4.0,-3.0,4.0,-5.0,-3.0,0.0,2.0,2.0
-2,-2.0,3.0,-1.0,-8.0,6.0,-1.0,1.0,-3.0,-2.0,-3.0,4.0,-2.0,-2.0,-2.0,2.0,2.0
-3,-4.0,5.0,-1.0,-8.0,6.0,-1.0,1.0,-3.0,-1.0,-3.0,3.0,-1.0,-1.0,-5.0,2.0,2.0
-7,-5.0,5.0,-2.0,-6.0,-2.0,-1.0,0.0,-3.0,6.0,-3.0,-3.0,-5.0,1.0,2.0,1.0,2.0
-6,-3.0,5.0,-1.0,-5.0,-2.0,0.0,1.0,-2.0,7.0,-1.0,1.0,-6.0,5.0,4.0,2.0,2.0
-5,-2.0,5.0,0.0,-3.0,-1.0,1.0,2.0,0.0,5.0,1.0,5.0,-7.0,8.0,5.0,4.0,2.0
-4,-1.0,4.0,1.0,-2.0,-1.0,1.0,2.0,2.0,1.0,2.0,7.0,-9.0,10.0,6.0,4.0,2.0
-4,-1.0,4.0,2.0,-1.0,-1.0,1.0,2.0,2.0,-2.0,1.0,7.0,-10.0,9.0,5.0,4.0,2.0
-4,-2.0,3.0,2.0,-1.0,-2.0,1.0,2.0,1.0,-4.0,0.0,6.0,-10.0,7.0,3.0,3.0,2.0
-1,7.0,-5.0,-1.0,3.0,-3.0,-1.0,1.0,8.0,-5.0,-3.0,4.0,-6.0,6.0,2.0,3.0,2.0
1,5.0,-5.0,-2.0,3.0,-5.0,-1.0,1.0,8.0,-6.0,-3.0,2.0,-7.0,6.0,0.0,2.0,2.0
1,1.0,-5.0,-3.0,3.0,-7.0,-2.0,1.0,7.0,-7.0,-2.0,1.0,-7.0,8.0,-3.0,1.0,2.0
1,-2.0,-4.0,-3.0,2.0,-8.0,-4.0,2.0,6.0,-7.0,-1.0,0.0,-6.0,8.0,-4.0,2.0,2.0
1,-4.0,-2.0,-4.0,2.0,-8.0,-4.0,2.0,5.0,-5.0,1.0,0.0,-5.0,7.0,-4.0,3.0,2.0
1,-6.0,-1.0,-3.0,2.0,-9.0,-2.0,2.0,4.0,-2.0,1.0,-1.0,-3.0,5.0,-2.0,3.0,2.0
1,-7.0,1.0,4.0,1.0,-8.0,0.0,6.0,2.0,8.0,-2.0,-5.0,-2.0,4.0,0.0,1.0,2.0
0,-7.0,-1.0,5.0,-1.0,-8.0,-2.0,7.0,2.0,11.0,-4.0,-6.0,0.0,4.0,-1.0,-1.0,2.0
-1,-7.0,-2.0,6.0,-2.0,-7.0,-3.0,8.0,3.0,12.0,-4.0,-6.0,3.0,5.0,-1.0,-2.0,2.0
-2,-6.0,-4.0,6.0,-1.0,-7.0,-5.0,8.0,5.0,11.0,-5.0,-5.0,7.0,3.0,-2.0,-2.0,2.0
-2,-5.0,-5.0,6.0,0.0,-8.0,-5.0,7.0,5.0,10.0,-4.0,-3.0,11.0,1.0,-2.0,-2.0,2.0
-1,-4.0,-4.0,5.0,2.0,-8.0,-4.0,5.0,5.0,8.0,-4.0,-1.0,13.0,-2.0,-3.0,-1.0,2.0
0,-4.0,-4.0,4.0,4.0,-8.0,-3.0,4.0,5.0,5.0,-3.0,1.0,14.0,-3.0,-4.0,1.0,2.0
0,-4.0,-3.0,3.0,4.0,-8.0,-3.0,3.0,5.0,1.0,-2.0,2.0,13.0,-4.0,-5.0,2.0,2.0
-2,-4.0,-2.0,1.0,3.0,-8.0,-4.0,2.0,5.0,-3.0,-2.0,1.0,11.0,-5.0,-7.0,1.0,2.0
-4,-5.0,-2.0,-1.0,1.0,-8.0,-5.0,1.0,5.0,-5.0,-2.0,-1.0,10.0,-6.0,-7.0,0.0,2.0
-5,-5.0,-2.0,-2.0,-1.0,-8.0,-6.0,0.0,6.0,-7.0,-3.0,-2.0,11.0,-7.0,-7.0,-1.0,2.0
-6,-5.0,-1.0,-3.0,-1.0,-8.0,-5.0,0.0,7.0,-8.0,-3.0,-3.0,11.0,-9.0,-7.0,-2.0,2.0
-5,-6.0,0.0,-3.0,-2.0,-8.0,-4.0,0.0,7.0,-8.0,-3.0,-2.0,11.0,-9.0,-7.0,-2.0,2.0
-5,-5.0,1.0,-3.0,-2.0,-7.0,-3.0,0.0,7.0,-7.0,-3.0,0.0,9.0,-7.0,-6.0,0.0,2.0
-3,-5.0,1.0,-2.0,-2.0,-5.0,-2.0,0.0,6.0,-7.0,-2.0,3.0,8.0,-4.0,-6.0,2.0,2.0
-2,-3.0,0.0,-1.0,-2.0,-3.0,-1.0,1.0,5.0,-6.0,-1.0,6.0,7.0,-2.0,-4.0,4.0,2.0
3,1.0,-3.0,5.0,6.0,-2.0,0.0,3.0,5.0,0.0,-5.0,5.0,4.0,-6.0,1.0,5.0,2.0
-5,0.0,-3.0,-2.0,-6.0,-2.0,0.0,-1.0,0.0,2.0,-2.0,5.0,6.0,-2.0,-1.0,2.0,2.0
-6,1.0,-2.0,-2.0,-5.0,-3.0,1.0,-3.0,1.0,3.0,-3.0,4.0,7.0,-3.0,-1.0,2.0,2.0
-7,2.0,-1.0,-1.0,-4.0,-3.0,4.0,-4.0,1.0,4.0,-4.0,4.0,7.0,-2.0,-2.0,2.0,2.0
-7,2.0,0.0,1.0,-4.0,-2.0,6.0,-4.0,1.0,4.0,-4.0,5.0,7.0,0.0,-3.0,2.0,2.0
-3,5.0,-1.0,6.0,-2.0,0.0,9.0,-1.0,4.0,7.0,2.0,6.0,11.0,2.0,3.0,2.0,2.0
-4,4.0,0.0,6.0,-2.0,2.0,5.0,1.0,-2.0,5.0,3.0,0.0,8.0,-3.0,3.0,-2.0,2.0
-5,4.0,0.0,5.0,-2.0,2.0,4.0,0.0,-1.0,5.0,3.0,2.0,9.0,-3.0,4.0,-1.0,2.0
-5,4.0,1.0,4.0,-1.0,3.0,2.0,-1.0,0.0,4.0,3.0,4.0,9.0,-2.0,4.0,0.0,2.0
3,3.0,-1.0,-1.0,4.0,4.0,0.0,-3.0,1.0,6.0,1.0,4.0,11.0,-5.0,4.0,1.0,2.0
5,3.0,-1.0,0.0,6.0,4.0,0.0,-4.0,3.0,5.0,1.0,4.0,11.0,-6.0,6.0,2.0,2.0
6,3.0,-1.0,0.0,8.0,4.0,0.0,-4.0,5.0,5.0,2.0,3.0,11.0,-6.0,7.0,2.0,2.0
7,-4.0,-1.0,1.0,8.0,-2.0,1.0,-3.0,1.0,1.0,-1.0,3.0,5.0,-6.0,3.0,2.0,2.0
7,-5.0,-1.0,2.0,9.0,-3.0,1.0,-3.0,-1.0,-2.0,0.0,6.0,5.0,-8.0,3.0,3.0,2.0
7,-5.0,0.0,2.0,9.0,-3.0,0.0,-2.0,-3.0,-4.0,1.0,9.0,6.0,-9.0,3.0,4.0,2.0
7,-2.0,3.0,2.0,10.0,-3.0,4.0,-1.0,-4.0,-6.0,6.0,9.0,6.0,-6.0,2.0,4.0,2.0
8,-3.0,3.0,1.0,10.0,-4.0,5.0,-2.0,-3.0,-4.0,5.0,7.0,4.0,-7.0,4.0,4.0,2.0
9,-3.0,3.0,1.0,11.0,-4.0,5.0,-2.0,-2.0,-3.0,5.0,6.0,3.0,-9.0,7.0,4.0,2.0
9,-3.0,3.0,1.0,10.0,-4.0,6.0,-3.0,-2.0,-3.0,4.0,6.0,3.0,-11.0,9.0,5.0,2.0
8,-4.0,3.0,2.0,9.0,-4.0,7.0,-2.0,0.0,-3.0,4.0,6.0,2.0,-10.0,9.0,6.0,2.0
8,-4.0,2.0,4.0,9.0,-4.0,7.0,-1.0,2.0,-4.0,5.0,7.0,3.0,-6.0,7.0,5.0,2.0
8,-5.0,2.0,5.0,9.0,-3.0,5.0,0.0,4.0,-5.0,6.0,6.0,4.0,-3.0,4.0,4.0,2.0
8,-6.0,2.0,5.0,9.0,-2.0,2.0,0.0,4.0,-5.0,6.0,4.0,5.0,-1.0,3.0,3.0,2.0
7,-6.0,2.0,3.0,9.0,-1.0,-1.0,-1.0,3.0,-3.0,6.0,1.0,5.0,0.0,1.0,1.0,2.0
6,-6.0,2.0,1.0,9.0,-1.0,-3.0,-3.0,1.0,-2.0,5.0,-3.0,3.0,0.0,0.0,-2.0,2.0
4,-6.0,2.0,-1.0,9.0,-2.0,-4.0,-5.0,-1.0,-2.0,5.0,-6.0,0.0,1.0,-1.0,-4.0,2.0
5,-3.0,1.0,-3.0,-1.0,-1.0,3.0,-1.0,-2.0,-2.0,1.0,2.0,-3.0,0.0,2.0,0.0,2.0
4,-4.0,-2.0,-4.0,-3.0,0.0,1.0,-2.0,-5.0,-3.0,-1.0,-3.0,-6.0,-3.0,-2.0,-1.0,2.0
4,-4.0,-2.0,-3.0,-3.0,1.0,-1.0,-2.0,-5.0,-5.0,0.0,-4.0,-7.0,-3.0,-4.0,-2.0,2.0
4,-4.0,-2.0,-2.0,-3.0,2.0,-2.0,-1.0,-6.0,-7.0,0.0,-4.0,-8.0,-2.0,-5.0,-2.0,2.0
3,-4.0,-1.0,0.0,-3.0,2.0,-2.0,1.0,-6.0,-7.0,1.0,-4.0,-7.0,-1.0,-6.0,-2.0,2.0
2,-3.0,-1.0,1.0,-3.0,1.0,-1.0,2.0,-6.0,-6.0,1.0,-4.0,-7.0,-1.0,-6.0,-1.0,2.0
2,-2.0,1.0,0.0,-2.0,-2.0,1.0,2.0,-5.0,-5.0,1.0,-4.0,-6.0,-1.0,-5.0,-1.0,2.0
3,3.0,2.0,4.0,2.0,7.0,2.0,2.0,6.0,-4.0,7.0,6.0,3.0,6.0,4.0,2.0,2.0
3,5.0,3.0,3.0,3.0,8.0,3.0,1.0,7.0,-3.0,7.0,7.0,4.0,8.0,4.0,2.0,2.0
3,5.0,4.0,3.0,4.0,8.0,3.0,0.0,6.0,-1.0,7.0,8.0,5.0,8.0,5.0,2.0,2.0
14,5.0,0.0,-1.0,13.0,1.0,4.0,0.0,25.0,-1.0,5.0,12.0,27.0,-5.0,10.0,7.0,2.0
13,6.0,0.0,2.0,14.0,1.0,6.0,1.0,26.0,-1.0,4.0,14.0,27.0,-5.0,12.0,10.0,2.0
12,7.0,0.0,4.0,14.0,0.0,7.0,2.0,27.0,1.0,3.0,14.0,27.0,-6.0,12.0,11.0,2.0
11,7.0,1.0,4.0,13.0,0.0,7.0,2.0,26.0,2.0,3.0,12.0,27.0,-6.0,10.0,12.0,2.0
10,7.0,1.0,2.0,12.0,0.0,7.0,1.0,25.0,3.0,3.0,9.0,26.0,-6.0,9.0,11.0,2.0
9,9.0,0.0,-1.0,11.0,0.0,7.0,-1.0,24.0,4.0,4.0,6.0,25.0,-4.0,7.0,10.0,2.0
8,-1.0,3.0,6.0,14.0,3.0,-2.0,1.0,19.0,-2.0,-3.0,11.0,20.0,-4.0,1.0,9.0,2.0
8,-2.0,3.0,5.0,14.0,4.0,-4.0,1.0,17.0,-5.0,-3.0,11.0,19.0,-7.0,0.0,9.0,2.0
7,-1.0,2.0,4.0,14.0,3.0,-5.0,1.0,16.0,-7.0,-2.0,10.0,19.0,-8.0,-2.0,8.0,2.0
7,-1.0,1.0,3.0,13.0,1.0,-6.0,1.0,16.0,-10.0,-1.0,10.0,20.0,-9.0,-4.0,7.0,2.0
8,-1.0,-1.0,3.0,13.0,0.0,-5.0,1.0,16.0,-10.0,-1.0,10.0,20.0,-9.0,-4.0,6.0,2.0
9,-2.0,-2.0,4.0,14.0,-1.0,-4.0,1.0,16.0,-9.0,-2.0,10.0,20.0,-9.0,-1.0,6.0,2.0
10,-2.0,-3.0,5.0,13.0,-2.0,-3.0,0.0,16.0,-7.0,-2.0,12.0,20.0,-9.0,3.0,6.0,2.0
10,-3.0,-3.0,6.0,13.0,-2.0,-1.0,0.0,14.0,-5.0,-3.0,14.0,19.0,-10.0,7.0,6.0,2.0
9,-4.0,-3.0,8.0,13.0,-3.0,0.0,1.0,13.0,-3.0,-4.0,17.0,18.0,-11.0,10.0,7.0,2.0
4,-8.0,-2.0,-4.0,5.0,-7.0,-1.0,-5.0,19.0,-5.0,-3.0,-5.0,22.0,-7.0,-5.0,-4.0,2.0
2,-10.0,-2.0,-4.0,4.0,-7.0,-3.0,-7.0,16.0,-7.0,-4.0,-4.0,19.0,-10.0,-5.0,-3.0,2.0
2,-11.0,-2.0,-4.0,3.0,-6.0,-4.0,-9.0,13.0,-8.0,-5.0,-4.0,15.0,-13.0,-5.0,-2.0,2.0
1,-11.0,-1.0,-3.0,4.0,-5.0,-2.0,-9.0,10.0,-8.0,-5.0,-3.0,12.0,-14.0,-3.0,-1.0,2.0
2,-9.0,1.0,0.0,4.0,-4.0,1.0,-9.0,9.0,-8.0,-4.0,-1.0,9.0,-13.0,-1.0,1.0,2.0
2,-7.0,2.0,4.0,5.0,-3.0,5.0,-7.0,9.0,-6.0,-2.0,2.0,8.0,-9.0,1.0,3.0,2.0
10,-5.0,0.0,-1.0,6.0,-4.0,6.0,-4.0,11.0,-8.0,-6.0,3.0,4.0,-2.0,1.0,-2.0,2.0
9,-3.0,1.0,3.0,7.0,-3.0,7.0,-1.0,10.0,-8.0,-4.0,8.0,4.0,0.0,2.0,1.0,2.0
10,16.0,2.0,7.0,11.0,10.0,13.0,0.0,2.0,5.0,0.0,10.0,8.0,-3.0,5.0,6.0,2.0
9,14.0,-1.0,-1.0,9.0,8.0,7.0,-4.0,0.0,4.0,-3.0,7.0,9.0,-5.0,1.0,3.0,2.0
6,-7.0,-5.0,-8.0,3.0,-4.0,-7.0,-6.0,2.0,-1.0,-5.0,-1.0,10.0,-9.0,-2.0,-3.0,2.0
6,-7.0,-3.0,-5.0,3.0,-3.0,-5.0,-4.0,2.0,1.0,-4.0,1.0,9.0,-9.0,1.0,-1.0,2.0
7,-7.0,-1.0,-1.0,4.0,-3.0,-2.0,-1.0,2.0,2.0,-2.0,3.0,10.0,-7.0,2.0,1.0,2.0
7,-6.0,-1.0,4.0,4.0,-2.0,-1.0,3.0,3.0,2.0,0.0,5.0,11.0,-6.0,2.0,3.0,2.0
6,-5.0,0.0,7.0,3.0,-1.0,-1.0,7.0,4.0,1.0,2.0,8.0,13.0,-4.0,2.0,5.0,2.0
5,-4.0,0.0,9.0,3.0,-1.0,-1.0,9.0,4.0,1.0,2.0,10.0,13.0,-4.0,1.0,6.0,2.0
5,-2.0,-1.0,10.0,4.0,-1.0,0.0,10.0,4.0,0.0,2.0,12.0,13.0,-4.0,1.0,8.0,2.0
8,7.0,3.0,16.0,11.0,2.0,16.0,4.0,7.0,3.0,3.0,16.0,17.0,-3.0,4.0,11.0,2.0
11,-1.0,5.0,-1.0,11.0,2.0,5.0,-3.0,9.0,3.0,1.0,2.0,17.0,-5.0,2.0,2.0,2.0
10,0.0,7.0,3.0,12.0,2.0,7.0,0.0,8.0,4.0,0.0,5.0,16.0,-5.0,3.0,4.0,2.0
9,0.0,8.0,6.0,12.0,1.0,8.0,2.0,7.0,4.0,-1.0,6.0,14.0,-5.0,3.0,4.0,2.0
7,0.0,9.0,7.0,11.0,1.0,7.0,4.0,6.0,2.0,-2.0,8.0,13.0,-6.0,2.0,5.0,2.0
6,0.0,9.0,8.0,11.0,1.0,8.0,4.0,4.0,0.0,-2.0,9.0,11.0,-7.0,0.0,6.0,2.0
-10,0.0,5.0,-6.0,-7.0,1.0,-4.0,-2.0,-4.0,5.0,-4.0,4.0,-3.0,9.0,-4.0,-2.0,2.0
-10,-1.0,6.0,-2.0,-5.0,-5.0,3.0,0.0,-17.0,7.0,6.0,2.0,-2.0,-7.0,-1.0,6.0,2.0
-10,-2.0,5.0,-4.0,-5.0,-5.0,-2.0,1.0,-16.0,9.0,5.0,-3.0,0.0,-6.0,-3.0,3.0,2.0
-9,-2.0,4.0,-6.0,-4.0,-5.0,-6.0,2.0,-14.0,9.0,4.0,-7.0,2.0,-4.0,-6.0,1.0,2.0
-9,-2.0,3.0,-6.0,-4.0,-5.0,-7.0,2.0,-11.0,8.0,3.0,-10.0,3.0,-3.0,-9.0,-2.0,2.0
-7,-2.0,-3.0,-9.0,-8.0,-5.0,-8.0,0.0,-10.0,5.0,2.0,-7.0,5.0,-11.0,1.0,-4.0,2.0
-5,-1.0,-3.0,-8.0,-6.0,-3.0,-4.0,-4.0,-9.0,5.0,3.0,-5.0,5.0,-11.0,3.0,-3.0,2.0
-2,0.0,-2.0,-8.0,-3.0,-2.0,0.0,-6.0,-7.0,4.0,4.0,-3.0,6.0,-10.0,5.0,-2.0,2.0
1,0.0,-1.0,-6.0,-1.0,0.0,4.0,-8.0,-5.0,2.0,4.0,0.0,6.0,-10.0,5.0,-1.0,2.0
-3,-5.0,4.0,11.0,-2.0,-3.0,6.0,6.0,-3.0,-3.0,1.0,9.0,12.0,-9.0,-6.0,7.0,2.0
-2,-7.0,3.0,9.0,-2.0,-4.0,1.0,8.0,-3.0,-3.0,1.0,7.0,12.0,-9.0,-7.0,6.0,2.0
-2,-9.0,3.0,5.0,-2.0,-6.0,-4.0,8.0,-3.0,-2.0,0.0,4.0,12.0,-10.0,-8.0,5.0,2.0
-1,-10.0,3.0,2.0,-2.0,-7.0,-5.0,7.0,-3.0,-1.0,0.0,1.0,11.0,-11.0,-7.0,3.0,2.0
-2,-11.0,3.0,-2.0,-3.0,-7.0,-5.0,4.0,-4.0,-1.0,-1.0,-2.0,9.0,-12.0,-5.0,2.0,2.0
-3,-11.0,4.0,-3.0,-5.0,-6.0,-4.0,2.0,-4.0,0.0,-1.0,-4.0,7.0,-12.0,-4.0,1.0,2.0
-3,2.0,-3.0,4.0,5.0,1.0,3.0,-8.0,-8.0,-1.0,-2.0,1.0,4.0,-12.0,-2.0,1.0,2.0
-3,-11.0,-1.0,-8.0,-5.0,-8.0,-11.0,2.0,-9.0,9.0,-2.0,-9.0,3.0,-4.0,-4.0,-6.0,2.0
-3,-8.0,-1.0,-6.0,-5.0,-7.0,-8.0,3.0,-8.0,11.0,1.0,-6.0,4.0,-1.0,-1.0,-5.0,2.0
-3,-6.0,0.0,-3.0,-4.0,-6.0,-6.0,4.0,-7.0,12.0,3.0,-5.0,5.0,1.0,3.0,-4.0,2.0
-3,-5.0,-1.0,1.0,-4.0,-5.0,-4.0,6.0,-6.0,13.0,4.0,-4.0,5.0,2.0,4.0,-4.0,2.0
-2,-4.0,-1.0,4.0,-3.0,-5.0,-2.0,6.0,-5.0,12.0,4.0,-5.0,4.0,2.0,5.0,-3.0,2.0
3,-3.0,-2.0,3.0,3.0,-4.0,4.0,-2.0,-7.0,5.0,1.0,-3.0,5.0,-8.0,-1.0,0.0,2.0
3,-2.0,-2.0,2.0,4.0,-3.0,4.0,-3.0,-10.0,5.0,1.0,3.0,5.0,-9.0,0.0,2.0,2.0
-5,1.0,6.0,13.0,2.0,-1.0,9.0,6.0,-16.0,14.0,11.0,8.0,0.0,1.0,14.0,3.0,2.0
-5,-1.0,5.0,12.0,1.0,-3.0,7.0,7.0,-11.0,13.0,8.0,6.0,0.0,-1.0,12.0,3.0,2.0
2,3.0,5.0,-2.0,5.0,-3.0,8.0,-2.0,-10.0,21.0,20.0,-5.0,1.0,8.0,21.0,-5.0,2.0
-1,-2.0,3.0,5.0,3.0,-3.0,-2.0,8.0,-9.0,23.0,11.0,8.0,-1.0,6.0,22.0,6.0,2.0
0,-2.0,2.0,4.0,3.0,-4.0,-5.0,9.0,-8.0,18.0,8.0,8.0,-2.0,6.0,16.0,6.0,2.0
0,-3.0,8.0,4.0,1.0,-4.0,4.0,8.0,-7.0,11.0,17.0,11.0,-11.0,21.0,21.0,2.0,2.0
0,-4.0,7.0,6.0,1.0,-3.0,1.0,10.0,-9.0,12.0,17.0,11.0,-13.0,21.0,20.0,3.0,2.0
0,-6.0,6.0,9.0,2.0,-3.0,-2.0,12.0,-10.0,12.0,14.0,11.0,-15.0,20.0,19.0,4.0,2.0
0,-7.0,4.0,11.0,3.0,-2.0,-4.0,12.0,-11.0,13.0,11.0,10.0,-16.0,17.0,16.0,6.0,2.0
-1,-4.0,-7.0,-15.0,-5.0,-2.0,-4.0,-16.0,-13.0,-5.0,-11.0,-11.0,-17.0,0.0,-13.0,-10.0,2.0
-6,4.0,2.0,4.0,-3.0,1.0,-2.0,8.0,-16.0,13.0,8.0,7.0,-10.0,6.0,13.0,4.0,2.0
-6,3.0,1.0,4.0,-3.0,1.0,-6.0,9.0,-15.0,13.0,4.0,3.0,-10.0,5.0,9.0,3.0,2.0
-6,2.0,-2.0,4.0,-4.0,1.0,-9.0,10.0,-16.0,13.0,1.0,0.0,-9.0,3.0,3.0,1.0,2.0
-7,1.0,-3.0,3.0,-4.0,0.0,-12.0,10.0,-18.0,11.0,-3.0,-4.0,-8.0,0.0,-5.0,-1.0,2.0
1,7.0,6.0,3.0,-2.0,6.0,14.0,-3.0,3.0,17.0,8.0,-3.0,-8.0,17.0,17.0,-1.0,2.0
1,6.0,0.0,-2.0,1.0,1.0,-2.0,5.0,-4.0,13.0,19.0,14.0,-12.0,25.0,25.0,4.0,2.0
1,7.0,-1.0,-2.0,1.0,1.0,-3.0,7.0,-2.0,11.0,19.0,16.0,-12.0,26.0,24.0,5.0,2.0
1,9.0,0.0,0.0,3.0,1.0,-3.0,9.0,-1.0,9.0,18.0,15.0,-13.0,26.0,22.0,6.0,2.0
1,10.0,2.0,3.0,4.0,1.0,0.0,10.0,-1.0,8.0,17.0,13.0,-15.0,25.0,21.0,6.0,2.0
-1,11.0,3.0,6.0,4.0,1.0,2.0,11.0,-2.0,5.0,14.0,12.0,-17.0,22.0,19.0,6.0,2.0
-4,10.0,3.0,9.0,3.0,1.0,3.0,11.0,-5.0,2.0,10.0,10.0,-21.0,18.0,13.0,6.0,2.0
-6,8.0,3.0,10.0,2.0,2.0,3.0,9.0,-7.0,-4.0,5.0,7.0,-23.0,14.0,5.0,5.0,2.0
-6,4.0,1.0,9.0,0.0,2.0,1.0,6.0,-9.0,-9.0,-1.0,3.0,-24.0,12.0,-6.0,3.0,2.0
-6,1.0,-1.0,5.0,-1.0,1.0,-1.0,0.0,-11.0,-12.0,-7.0,-3.0,-24.0,8.0,-16.0,-1.0,2.0
-7,6.0,-5.0,-7.0,-11.0,4.0,0.0,-6.0,-4.0,-4.0,-4.0,-1.0,-14.0,3.0,-4.0,3.0,2.0
-7,6.0,-5.0,-7.0,-11.0,6.0,4.0,-12.0,-5.0,-7.0,-7.0,-6.0,-15.0,-1.0,-10.0,0.0,2.0
-13,-1.0,6.0,1.0,-16.0,-1.0,11.0,-2.0,-10.0,1.0,6.0,-7.0,-18.0,12.0,3.0,-7.0,2.0
-12,-1.0,6.0,3.0,-14.0,-2.0,10.0,3.0,-9.0,4.0,9.0,-1.0,-14.0,13.0,9.0,-5.0,2.0
-7,-2.0,-2.0,1.0,-11.0,2.0,-2.0,2.0,-2.0,1.0,-2.0,0.0,-13.0,7.0,3.0,0.0,2.0
-6,-6.0,-3.0,6.0,-8.0,-2.0,-6.0,8.0,0.0,6.0,10.0,1.0,-7.0,14.0,6.0,3.0,2.0
-5,-4.0,-1.0,6.0,-8.0,0.0,1.0,5.0,2.0,5.0,10.0,-1.0,-8.0,15.0,6.0,3.0,2.0
-3,-1.0,2.0,6.0,-7.0,3.0,7.0,1.0,3.0,5.0,9.0,-2.0,-9.0,13.0,7.0,5.0,2.0
-7,0.0,-3.0,3.0,-7.0,-4.0,-9.0,12.0,1.0,5.0,14.0,-3.0,-14.0,17.0,12.0,3.0,2.0
-7,1.0,-1.0,5.0,-7.0,-2.0,-4.0,11.0,0.0,4.0,12.0,-5.0,-17.0,16.0,10.0,3.0,2.0
-6,4.0,2.0,8.0,-6.0,1.0,4.0,9.0,-2.0,4.0,10.0,-6.0,-19.0,14.0,8.0,4.0,2.0
-1,3.0,-7.0,-5.0,-6.0,-3.0,0.0,-1.0,1.0,-5.0,2.0,6.0,-8.0,13.0,-1.0,-1.0,2.0
-3,7.0,-3.0,-5.0,-6.0,-1.0,4.0,-2.0,1.0,-1.0,7.0,10.0,-7.0,16.0,7.0,2.0,2.0
-6,9.0,1.0,-4.0,-6.0,0.0,6.0,-1.0,1.0,2.0,12.0,13.0,-7.0,18.0,14.0,3.0,2.0
-9,6.0,9.0,8.0,-8.0,2.0,8.0,12.0,12.0,3.0,14.0,8.0,-2.0,15.0,15.0,9.0,2.0
-10,6.0,9.0,9.0,-8.0,2.0,9.0,11.0,10.0,1.0,12.0,4.0,-2.0,13.0,8.0,8.0,2.0
2,4.0,1.0,2.0,3.0,3.0,-4.0,6.0,-1.0,0.0,3.0,7.0,10.0,-13.0,5.0,6.0,2.0
3,-3.0,-2.0,-6.0,2.0,-2.0,-11.0,3.0,0.0,-4.0,-5.0,-4.0,8.0,-17.0,-5.0,0.0,2.0
4,-8.0,-5.0,-12.0,0.0,-6.0,-16.0,1.0,1.0,-6.0,-12.0,-12.0,6.0,-18.0,-14.0,-5.0,2.0
-6,-1.0,-3.0,-11.0,0.0,0.0,-14.0,-7.0,-15.0,2.0,-11.0,-6.0,-6.0,-6.0,-13.0,-5.0,2.0
-7,0.0,-3.0,-10.0,1.0,1.0,-11.0,-9.0,-16.0,6.0,-12.0,-9.0,-4.0,-8.0,-13.0,-6.0,2.0
-8,3.0,-2.0,-7.0,2.0,2.0,-6.0,-11.0,-15.0,10.0,-13.0,-11.0,-2.0,-10.0,-12.0,-6.0,2.0
1,-8.0,5.0,3.0,3.0,-6.0,1.0,3.0,10.0,-5.0,-8.0,9.0,6.0,-4.0,-1.0,6.0,2.0
1,-8.0,6.0,1.0,1.0,-6.0,3.0,1.0,10.0,-8.0,-6.0,6.0,3.0,-4.0,-1.0,4.0,2.0
1,-7.0,7.0,0.0,0.0,-4.0,6.0,0.0,9.0,-8.0,-4.0,3.0,1.0,-4.0,0.0,3.0,2.0
5,-2.0,3.0,-3.0,7.0,-1.0,0.0,-2.0,-3.0,-5.0,-6.0,4.0,-4.0,-9.0,-3.0,6.0,2.0
6,-5.0,0.0,-4.0,7.0,-3.0,-5.0,-2.0,-5.0,-8.0,-9.0,4.0,-5.0,-12.0,-7.0,6.0,2.0
5,-6.0,-3.0,-6.0,6.0,-4.0,-8.0,-3.0,-5.0,-11.0,-11.0,3.0,-6.0,-15.0,-10.0,6.0,2.0
4,-5.0,-4.0,-8.0,4.0,-4.0,-8.0,-5.0,-6.0,-12.0,-12.0,1.0,-7.0,-16.0,-12.0,5.0,2.0
2,-3.0,-4.0,-9.0,2.0,-3.0,-5.0,-8.0,-5.0,-12.0,-12.0,-2.0,-7.0,-14.0,-13.0,4.0,2.0
-4,-9.0,1.0,7.0,1.0,-7.0,0.0,1.0,-6.0,8.0,-6.0,-6.0,6.0,-3.0,-9.0,-3.0,2.0
-6,3.0,2.0,-2.0,1.0,-2.0,-1.0,-2.0,-3.0,-8.0,0.0,-6.0,-10.0,0.0,-8.0,2.0,2.0
-5,1.0,-2.0,-6.0,-1.0,-3.0,-5.0,-4.0,-2.0,-9.0,-3.0,-7.0,-12.0,-1.0,-9.0,2.0,2.0
-4,0.0,-5.0,-9.0,-2.0,-4.0,-8.0,-5.0,-1.0,-10.0,-5.0,-7.0,-13.0,-2.0,-9.0,2.0,2.0
-3,0.0,-6.0,-10.0,-2.0,-4.0,-7.0,-5.0,-1.0,-9.0,-6.0,-7.0,-13.0,-2.0,-8.0,1.0,2.0
-2,1.0,-6.0,-10.0,-2.0,-4.0,-5.0,-7.0,0.0,-7.0,-7.0,-8.0,-12.0,-2.0,-8.0,0.0,2.0
-1,2.0,-5.0,-9.0,-2.0,-2.0,-1.0,-9.0,-1.0,-6.0,-7.0,-8.0,-11.0,-1.0,-9.0,-1.0,2.0
-4,0.0,4.0,-1.0,-8.0,1.0,5.0,1.0,-7.0,6.0,-2.0,-8.0,-5.0,0.0,-2.0,-4.0,2.0
-6,7.0,-2.0,4.0,-5.0,5.0,-1.0,4.0,-11.0,5.0,4.0,6.0,-6.0,-1.0,6.0,3.0,2.0
-5,8.0,-3.0,-1.0,-6.0,4.0,-4.0,4.0,-12.0,6.0,5.0,5.0,-6.0,2.0,5.0,3.0,2.0
-5,7.0,-5.0,-5.0,-7.0,3.0,-6.0,4.0,-11.0,6.0,5.0,3.0,-6.0,3.0,4.0,1.0,2.0
-3,7.0,-6.0,-7.0,-7.0,3.0,-8.0,3.0,-10.0,5.0,4.0,0.0,-5.0,3.0,2.0,0.0,2.0
2,5.0,-2.0,-7.0,-3.0,6.0,-5.0,1.0,-8.0,5.0,3.0,-7.0,-4.0,2.0,-3.0,-2.0,2.0
1,3.0,3.0,-4.0,-2.0,4.0,0.0,1.0,-8.0,3.0,4.0,-3.0,-3.0,4.0,-3.0,-1.0,2.0
8,-8.0,2.0,-8.0,4.0,-4.0,-7.0,2.0,-2.0,-3.0,-8.0,-9.0,2.0,-10.0,-10.0,-4.0,2.0
9,-8.0,2.0,-6.0,3.0,-3.0,-5.0,2.0,-2.0,-1.0,-7.0,-9.0,3.0,-11.0,-7.0,-4.0,2.0
8,-8.0,2.0,-5.0,3.0,-3.0,-3.0,2.0,-2.0,2.0,-6.0,-8.0,4.0,-11.0,-3.0,-4.0,2.0
6,-6.0,2.0,-3.0,2.0,-3.0,-1.0,1.0,-2.0,3.0,-3.0,-5.0,4.0,-8.0,-1.0,-3.0,2.0
4,-4.0,3.0,-2.0,1.0,-2.0,1.0,0.0,-3.0,4.0,-1.0,-1.0,4.0,-6.0,1.0,-1.0,2.0
2,-2.0,3.0,-1.0,1.0,0.0,2.0,-1.0,-5.0,4.0,2.0,2.0,4.0,-5.0,3.0,1.0,2.0
6,7.0,-3.0,7.0,11.0,2.0,2.0,2.0,-3.0,-2.0,0.0,10.0,9.0,-9.0,0.0,4.0,2.0
9,7.0,-4.0,8.0,14.0,2.0,0.0,3.0,-4.0,-2.0,-1.0,7.0,11.0,-10.0,-3.0,3.0,2.0
-3,4.0,5.0,7.0,-7.0,6.0,-3.0,17.0,-2.0,-2.0,0.0,4.0,1.0,2.0,-3.0,-1.0,3.0
-2,2.0,4.0,7.0,-6.0,4.0,-3.0,16.0,-3.0,-4.0,0.0,5.0,0.0,1.0,-3.0,0.0,3.0
-1,1.0,3.0,6.0,-5.0,2.0,-4.0,16.0,-4.0,-4.0,0.0,6.0,0.0,0.0,-3.0,1.0,3.0
-1,0.0,2.0,5.0,-4.0,0.0,-5.0,14.0,-5.0,-4.0,0.0,6.0,1.0,0.0,-3.0,1.0,3.0
0,-1.0,1.0,4.0,-3.0,-1.0,-6.0,13.0,-5.0,-3.0,1.0,5.0,1.0,0.0,-3.0,0.0,3.0
0,-2.0,1.0,3.0,-2.0,-2.0,-6.0,11.0,-5.0,-2.0,1.0,4.0,1.0,0.0,-4.0,0.0,3.0
-1,-3.0,1.0,1.0,-2.0,-3.0,-6.0,10.0,-5.0,-2.0,1.0,2.0,0.0,1.0,-6.0,1.0,3.0
-1,-4.0,1.0,0.0,-3.0,-3.0,-6.0,8.0,-4.0,-3.0,0.0,0.0,-1.0,1.0,-8.0,2.0,3.0
-1,-5.0,2.0,-2.0,-3.0,-3.0,-6.0,7.0,-3.0,-5.0,-1.0,-2.0,-3.0,0.0,-10.0,2.0,3.0
0,-5.0,2.0,-4.0,-3.0,-2.0,-6.0,5.0,-1.0,-7.0,-1.0,-5.0,-3.0,-1.0,-12.0,2.0,3.0
1,-4.0,1.0,-6.0,-3.0,-2.0,-7.0,3.0,0.0,-9.0,-1.0,-8.0,-4.0,-2.0,-14.0,2.0,3.0
2,-2.0,0.0,-9.0,-1.0,-2.0,-7.0,2.0,0.0,-8.0,-1.0,-10.0,-4.0,-3.0,-14.0,2.0,3.0
3,0.0,-1.0,-11.0,1.0,-1.0,-8.0,0.0,-2.0,-7.0,-1.0,-12.0,-4.0,-3.0,-15.0,1.0,3.0
3,2.0,-1.0,-12.0,3.0,-1.0,-8.0,-2.0,-4.0,-4.0,-1.0,-12.0,-4.0,-3.0,-16.0,2.0,3.0
4,3.0,-2.0,-11.0,4.0,0.0,-8.0,-2.0,-5.0,-2.0,0.0,-13.0,-4.0,-2.0,-17.0,3.0,3.0
4,4.0,-2.0,-10.0,4.0,2.0,-7.0,-3.0,-5.0,1.0,1.0,-13.0,-3.0,0.0,-17.0,4.0,3.0
4,5.0,-2.0,-8.0,4.0,3.0,-5.0,-3.0,-4.0,2.0,1.0,-12.0,-1.0,1.0,-18.0,5.0,3.0
3,5.0,-2.0,-6.0,3.0,4.0,-4.0,-3.0,-1.0,3.0,2.0,-12.0,1.0,2.0,-18.0,6.0,3.0
3,5.0,-1.0,-3.0,3.0,4.0,-3.0,-2.0,1.0,3.0,2.0,-12.0,3.0,1.0,-16.0,5.0,3.0
2,4.0,-1.0,-1.0,3.0,4.0,-2.0,-1.0,1.0,2.0,2.0,-10.0,4.0,0.0,-14.0,4.0,3.0
1,3.0,-1.0,2.0,3.0,4.0,-1.0,0.0,0.0,2.0,1.0,-8.0,5.0,-2.0,-11.0,3.0,3.0
1,2.0,-1.0,4.0,3.0,3.0,-1.0,1.0,-1.0,0.0,1.0,-5.0,5.0,-2.0,-9.0,1.0,3.0
1,0.0,-1.0,5.0,2.0,3.0,0.0,2.0,-3.0,-2.0,1.0,-2.0,4.0,-2.0,-7.0,0.0,3.0
0,-1.0,-1.0,6.0,0.0,2.0,0.0,2.0,-4.0,-5.0,1.0,2.0,2.0,-2.0,-6.0,-1.0,3.0
-1,-2.0,-1.0,7.0,-1.0,2.0,1.0,2.0,-5.0,-7.0,1.0,5.0,1.0,-1.0,-5.0,-1.0,3.0
-2,-3.0,-2.0,7.0,-3.0,1.0,1.0,2.0,-5.0,-8.0,1.0,7.0,-1.0,-1.0,-3.0,-2.0,3.0
-2,-5.0,-2.0,7.0,-5.0,0.0,0.0,3.0,-5.0,-9.0,2.0,8.0,-1.0,-1.0,0.0,-3.0,3.0
-2,-7.0,-1.0,7.0,-6.0,-1.0,-1.0,4.0,-4.0,-10.0,2.0,9.0,-1.0,-1.0,3.0,-4.0,3.0
-2,-9.0,-1.0,6.0,-7.0,-1.0,-2.0,4.0,-3.0,-10.0,2.0,9.0,0.0,-1.0,5.0,-5.0,3.0
-1,-9.0,-1.0,5.0,-7.0,-2.0,-3.0,5.0,-3.0,-8.0,2.0,9.0,1.0,-1.0,6.0,-6.0,3.0
0,-9.0,-1.0,3.0,-6.0,-2.0,-5.0,6.0,-3.0,-6.0,2.0,7.0,2.0,0.0,5.0,-6.0,3.0
1,-9.0,0.0,1.0,-5.0,-3.0,-6.0,7.0,-2.0,-4.0,2.0,4.0,2.0,1.0,3.0,-5.0,3.0
1,-8.0,1.0,-1.0,-4.0,-3.0,-7.0,8.0,-1.0,-3.0,3.0,1.0,2.0,2.0,0.0,-4.0,3.0
2,-6.0,1.0,-2.0,-3.0,-3.0,-7.0,8.0,-1.0,0.0,3.0,-2.0,3.0,2.0,-4.0,-2.0,3.0
2,-5.0,2.0,-4.0,-2.0,-3.0,-8.0,8.0,-1.0,3.0,2.0,-4.0,4.0,3.0,-7.0,0.0,3.0
3,-3.0,2.0,-6.0,-2.0,-3.0,-8.0,8.0,-1.0,5.0,2.0,-6.0,5.0,3.0,-9.0,1.0,3.0
3,-2.0,1.0,-7.0,-2.0,-2.0,-9.0,7.0,-2.0,6.0,2.0,-7.0,5.0,3.0,-10.0,2.0,3.0
2,-1.0,1.0,-8.0,-2.0,-1.0,-10.0,6.0,-2.0,6.0,1.0,-7.0,4.0,2.0,-11.0,2.0,3.0
2,-1.0,0.0,-9.0,-3.0,0.0,-10.0,4.0,-1.0,4.0,0.0,-7.0,3.0,1.0,-11.0,3.0,3.0
1,-1.0,-2.0,-8.0,-3.0,1.0,-10.0,3.0,2.0,1.0,-1.0,-7.0,3.0,0.0,-12.0,4.0,3.0
1,-1.0,-3.0,-7.0,-3.0,1.0,-9.0,2.0,3.0,-2.0,-2.0,-6.0,2.0,-1.0,-13.0,4.0,3.0
1,-1.0,-4.0,-6.0,-3.0,1.0,-9.0,1.0,4.0,-3.0,-3.0,-6.0,2.0,-1.0,-13.0,4.0,3.0
0,0.0,-4.0,-4.0,-2.0,1.0,-8.0,0.0,4.0,-3.0,-3.0,-6.0,2.0,-1.0,-13.0,3.0,3.0
0,0.0,-4.0,-3.0,-1.0,1.0,-7.0,-1.0,4.0,-2.0,-4.0,-6.0,3.0,-1.0,-13.0,3.0,3.0
-1,0.0,-4.0,-2.0,0.0,0.0,-5.0,-2.0,4.0,-2.0,-5.0,-6.0,4.0,-1.0,-13.0,3.0,3.0
-1,-1.0,-4.0,-1.0,0.0,0.0,-4.0,-2.0,3.0,-2.0,-5.0,-5.0,4.0,-2.0,-12.0,2.0,3.0
0,-2.0,-3.0,1.0,0.0,1.0,-2.0,-3.0,2.0,-2.0,-5.0,-4.0,4.0,-2.0,-12.0,1.0,3.0
0,-3.0,-3.0,3.0,-1.0,1.0,1.0,-4.0,1.0,-2.0,-5.0,-3.0,4.0,-2.0,-11.0,1.0,3.0
0,-4.0,-3.0,5.0,-2.0,2.0,2.0,-5.0,1.0,-3.0,-4.0,-1.0,4.0,-2.0,-12.0,2.0,3.0
-1,-4.0,-3.0,6.0,-4.0,4.0,4.0,-5.0,1.0,-5.0,-4.0,1.0,3.0,-1.0,-12.0,3.0,3.0
-2,-5.0,-3.0,8.0,-6.0,5.0,5.0,-5.0,1.0,-6.0,-3.0,2.0,3.0,-1.0,-12.0,4.0,3.0
-2,-5.0,-2.0,8.0,-8.0,7.0,6.0,-5.0,2.0,-7.0,-2.0,2.0,3.0,-1.0,-11.0,4.0,3.0
-1,-4.0,-1.0,8.0,-9.0,8.0,7.0,-4.0,3.0,-6.0,-1.0,2.0,4.0,0.0,-9.0,3.0,3.0
0,-2.0,1.0,7.0,-8.0,9.0,7.0,-2.0,3.0,-3.0,1.0,2.0,4.0,1.0,-6.0,2.0,3.0
1,-1.0,2.0,6.0,-7.0,9.0,6.0,-1.0,2.0,1.0,2.0,2.0,4.0,3.0,-4.0,3.0,3.0
2,1.0,4.0,5.0,-5.0,9.0,5.0,1.0,-1.0,5.0,3.0,3.0,4.0,5.0,-2.0,3.0,3.0
2,1.0,4.0,3.0,-4.0,7.0,4.0,3.0,-2.0,7.0,5.0,4.0,4.0,6.0,-1.0,4.0,3.0
2,1.0,4.0,2.0,-4.0,6.0,2.0,5.0,-3.0,7.0,6.0,5.0,3.0,6.0,1.0,4.0,3.0
2,-1.0,4.0,1.0,-4.0,4.0,0.0,6.0,-4.0,4.0,6.0,5.0,2.0,5.0,3.0,3.0,3.0
1,-4.0,3.0,1.0,-5.0,2.0,-2.0,7.0,-4.0,1.0,7.0,6.0,1.0,3.0,5.0,2.0,3.0
-1,-7.0,2.0,2.0,-7.0,0.0,-3.0,7.0,-4.0,-2.0,6.0,7.0,-1.0,2.0,6.0,1.0,3.0
-3,-9.0,2.0,3.0,-8.0,-2.0,-4.0,6.0,-5.0,-4.0,5.0,8.0,-2.0,2.0,5.0,0.0,3.0
-5,-11.0,1.0,5.0,-9.0,-3.0,-5.0,6.0,-5.0,-4.0,4.0,9.0,-2.0,3.0,3.0,1.0,3.0
-5,-13.0,0.0,5.0,-9.0,-5.0,-5.0,5.0,-5.0,-3.0,3.0,9.0,-2.0,3.0,2.0,1.0,3.0
-5,-14.0,-1.0,4.0,-8.0,-6.0,-5.0,4.0,-4.0,-2.0,2.0,8.0,-1.0,3.0,-1.0,1.0,3.0
-4,-14.0,-2.0,3.0,-7.0,-6.0,-6.0,2.0,-4.0,-1.0,1.0,7.0,1.0,3.0,-3.0,1.0,3.0
-3,-13.0,-2.0,1.0,-7.0,-5.0,-6.0,1.0,-3.0,0.0,0.0,4.0,1.0,3.0,-4.0,1.0,3.0
-3,-13.0,-2.0,-1.0,-8.0,-4.0,-7.0,0.0,-2.0,-1.0,-1.0,2.0,0.0,3.0,-4.0,-1.0,3.0
-3,-12.0,-2.0,-2.0,-9.0,-3.0,-8.0,-1.0,-1.0,-1.0,-1.0,-1.0,-2.0,2.0,-4.0,-1.0,3.0
-3,-12.0,-2.0,-4.0,-9.0,-2.0,-8.0,-2.0,-1.0,-2.0,-1.0,-4.0,-3.0,3.0,-5.0,-2.0,3.0
-2,-11.0,-1.0,-5.0,-8.0,-1.0,-8.0,-2.0,0.0,-2.0,0.0,-7.0,-4.0,4.0,-6.0,-2.0,3.0
-2,-11.0,0.0,-7.0,-8.0,-1.0,-8.0,-3.0,0.0,-1.0,1.0,-8.0,-4.0,5.0,-7.0,-2.0,3.0
-2,-9.0,2.0,-7.0,-7.0,1.0,-7.0,-3.0,-1.0,0.0,1.0,-10.0,-4.0,5.0,-8.0,-2.0,3.0
-2,-8.0,4.0,-7.0,-7.0,2.0,-6.0,-2.0,-2.0,1.0,2.0,-9.0,-4.0,5.0,-7.0,-2.0,3.0
-2,-7.0,6.0,-6.0,-7.0,4.0,-3.0,-1.0,-1.0,0.0,2.0,-8.0,-3.0,3.0,-5.0,-2.0,3.0
-2,-5.0,8.0,-3.0,-7.0,5.0,-1.0,1.0,2.0,-2.0,2.0,-6.0,-1.0,1.0,-2.0,-2.0,3.0
-1,-4.0,9.0,0.0,-7.0,5.0,1.0,4.0,4.0,-4.0,3.0,-3.0,1.0,-1.0,2.0,-1.0,3.0
0,-3.0,9.0,3.0,-7.0,5.0,3.0,7.0,6.0,-4.0,3.0,1.0,2.0,-1.0,4.0,0.0,3.0
1,-3.0,8.0,6.0,-6.0,6.0,4.0,10.0,5.0,-3.0,4.0,3.0,2.0,0.0,5.0,2.0,3.0
1,-2.0,8.0,8.0,-6.0,6.0,4.0,11.0,4.0,-1.0,4.0,5.0,2.0,2.0,4.0,4.0,3.0
2,-1.0,7.0,9.0,-5.0,5.0,5.0,12.0,2.0,2.0,4.0,7.0,2.0,5.0,3.0,5.0,3.0
2,-1.0,7.0,8.0,-5.0,4.0,5.0,11.0,0.0,4.0,5.0,8.0,3.0,6.0,2.0,6.0,3.0
2,-1.0,6.0,7.0,-4.0,4.0,5.0,9.0,-1.0,5.0,5.0,9.0,4.0,5.0,3.0,6.0,3.0
1,-1.0,5.0,6.0,-2.0,3.0,4.0,6.0,-1.0,4.0,6.0,9.0,5.0,4.0,4.0,6.0,3.0
1,-1.0,4.0,4.0,-1.0,3.0,4.0,2.0,-1.0,3.0,6.0,10.0,5.0,2.0,5.0,6.0,3.0
0,-1.0,3.0,3.0,1.0,3.0,4.0,-1.0,-1.0,1.0,6.0,10.0,5.0,0.0,6.0,5.0,3.0
0,-1.0,2.0,3.0,2.0,2.0,4.0,-4.0,-2.0,0.0,5.0,10.0,4.0,-2.0,7.0,5.0,3.0
-1,-1.0,2.0,2.0,2.0,2.0,5.0,-7.0,-3.0,-1.0,5.0,10.0,2.0,-4.0,8.0,4.0,3.0
-2,-1.0,1.0,2.0,2.0,1.0,5.0,-8.0,-4.0,-1.0,4.0,9.0,1.0,-5.0,10.0,3.0,3.0
-3,-2.0,1.0,1.0,1.0,1.0,5.0,-9.0,-3.0,-2.0,4.0,8.0,1.0,-5.0,11.0,1.0,3.0
-4,-2.0,0.0,-1.0,-1.0,1.0,3.0,-9.0,-2.0,-2.0,4.0,7.0,0.0,-5.0,11.0,-1.0,3.0
-4,-1.0,-1.0,-3.0,-3.0,1.0,1.0,-9.0,-3.0,-2.0,3.0,6.0,0.0,-4.0,10.0,-1.0,3.0
-4,-1.0,-2.0,-6.0,-4.0,2.0,-1.0,-9.0,-3.0,-1.0,3.0,4.0,-1.0,-5.0,8.0,0.0,3.0
-2,0.0,-3.0,-8.0,-5.0,2.0,-3.0,-8.0,-4.0,-1.0,2.0,3.0,-1.0,-5.0,5.0,1.0,3.0
-1,0.0,-3.0,-10.0,-5.0,3.0,-4.0,-8.0,-4.0,-1.0,0.0,1.0,-2.0,-6.0,3.0,1.0,3.0
0,-1.0,-2.0,-10.0,-6.0,3.0,-4.0,-7.0,-5.0,-1.0,-2.0,0.0,-3.0,-7.0,2.0,1.0,3.0
1,-2.0,-2.0,-10.0,-6.0,3.0,-4.0,-6.0,-5.0,-2.0,-3.0,-1.0,-4.0,-8.0,2.0,0.0,3.0
0,-3.0,-2.0,-9.0,-7.0,3.0,-4.0,-5.0,-4.0,-3.0,-4.0,-2.0,-4.0,-9.0,2.0,-1.0,3.0
0,-4.0,-2.0,-7.0,-7.0,2.0,-3.0,-4.0,-3.0,-4.0,-4.0,-2.0,-3.0,-10.0,3.0,-2.0,3.0
0,-4.0,-2.0,-5.0,-7.0,2.0,-3.0,-3.0,-2.0,-3.0,-4.0,-2.0,-2.0,-11.0,4.0,-3.0,3.0
-1,-4.0,-2.0,-3.0,-7.0,1.0,-2.0,-2.0,-2.0,-2.0,-4.0,-1.0,0.0,-11.0,5.0,-3.0,3.0
-2,-4.0,-3.0,-1.0,-7.0,1.0,-2.0,-2.0,-3.0,-1.0,-4.0,0.0,1.0,-11.0,6.0,-4.0,3.0
-3,-3.0,-2.0,1.0,-7.0,1.0,-2.0,-1.0,-3.0,1.0,-4.0,0.0,2.0,-9.0,6.0,-4.0,3.0
-3,-3.0,-2.0,2.0,-6.0,1.0,-1.0,0.0,-3.0,2.0,-3.0,0.0,2.0,-8.0,6.0,-5.0,3.0
-4,-2.0,-2.0,4.0,-6.0,1.0,-1.0,1.0,-4.0,2.0,-2.0,-1.0,2.0,-7.0,6.0,-5.0,3.0
-4,-1.0,-1.0,5.0,-5.0,1.0,-1.0,2.0,-3.0,1.0,0.0,-1.0,0.0,-6.0,6.0,-4.0,3.0
-4,0.0,-1.0,5.0,-4.0,1.0,0.0,3.0,-3.0,-1.0,1.0,-2.0,-2.0,-6.0,5.0,-3.0,3.0
-5,1.0,-1.0,5.0,-3.0,0.0,-1.0,3.0,-4.0,-2.0,1.0,-3.0,-5.0,-5.0,4.0,-1.0,3.0
-6,2.0,-2.0,5.0,-4.0,0.0,-1.0,4.0,-5.0,-1.0,1.0,-4.0,-6.0,-5.0,2.0,1.0,3.0
-7,3.0,-2.0,4.0,-5.0,0.0,-2.0,4.0,-5.0,0.0,1.0,-5.0,-6.0,-5.0,1.0,2.0,3.0
-7,3.0,-2.0,2.0,-5.0,0.0,-2.0,4.0,-4.0,1.0,1.0,-5.0,-5.0,-4.0,0.0,2.0,3.0
-5,2.0,-2.0,1.0,-6.0,-1.0,-2.0,5.0,-2.0,2.0,1.0,-6.0,-4.0,-3.0,1.0,2.0,3.0
-4,1.0,-2.0,-1.0,-6.0,-1.0,-2.0,4.0,0.0,2.0,2.0,-6.0,-2.0,-3.0,2.0,1.0,3.0
-2,0.0,-2.0,-2.0,-6.0,-2.0,-2.0,4.0,1.0,3.0,2.0,-6.0,-2.0,-4.0,4.0,0.0,3.0
-2,-1.0,-2.0,-3.0,-6.0,-2.0,-2.0,3.0,-1.0,4.0,3.0,-7.0,-2.0,-4.0,5.0,0.0,3.0
-2,-2.0,-1.0,-4.0,-7.0,-2.0,-1.0,1.0,-2.0,5.0,3.0,-7.0,-3.0,-3.0,4.0,0.0,3.0
-2,-2.0,-1.0,-5.0,-7.0,-2.0,0.0,-1.0,-4.0,5.0,3.0,-6.0,-4.0,-2.0,3.0,1.0,3.0
-3,-3.0,0.0,-5.0,-7.0,-1.0,2.0,-3.0,-5.0,4.0,2.0,-5.0,-5.0,-2.0,1.0,1.0,3.0
-2,-3.0,0.0,-5.0,-7.0,0.0,2.0,-5.0,-5.0,3.0,0.0,-4.0,-5.0,-2.0,-1.0,2.0,3.0
-2,-3.0,0.0,-5.0,-7.0,1.0,3.0,-6.0,-5.0,2.0,-2.0,-3.0,-6.0,-2.0,-2.0,3.0,3.0
-1,-2.0,-1.0,-6.0,-6.0,2.0,2.0,-8.0,-6.0,2.0,-3.0,-1.0,-6.0,-3.0,-1.0,2.0,3.0
-1,-2.0,-2.0,-6.0,-5.0,2.0,2.0,-8.0,-6.0,2.0,-4.0,0.0,-6.0,-4.0,0.0,2.0,3.0
0,-1.0,-2.0,-7.0,-4.0,2.0,1.0,-9.0,-6.0,2.0,-5.0,1.0,-5.0,-6.0,2.0,2.0,3.0
0,0.0,-3.0,-7.0,-3.0,2.0,0.0,-9.0,-6.0,3.0,-5.0,2.0,-3.0,-7.0,3.0,1.0,3.0
1,0.0,-4.0,-6.0,-1.0,2.0,0.0,-10.0,-5.0,2.0,-5.0,3.0,-1.0,-9.0,4.0,1.0,3.0
1,0.0,-4.0,-5.0,0.0,1.0,0.0,-9.0,-4.0,2.0,-5.0,3.0,0.0,-10.0,5.0,1.0,3.0
1,0.0,-5.0,-3.0,1.0,0.0,0.0,-9.0,-4.0,1.0,-4.0,4.0,1.0,-11.0,5.0,1.0,3.0
1,-1.0,-4.0,-1.0,2.0,0.0,1.0,-7.0,-3.0,0.0,-4.0,3.0,1.0,-11.0,5.0,0.0,3.0
0,-1.0,-3.0,1.0,2.0,-1.0,1.0,-5.0,-2.0,-2.0,-4.0,3.0,1.0,-10.0,6.0,-1.0,3.0
-1,-1.0,-2.0,2.0,2.0,-2.0,0.0,-3.0,-1.0,-2.0,-3.0,2.0,0.0,-10.0,6.0,-1.0,3.0
-2,-1.0,-2.0,2.0,2.0,-2.0,-1.0,-1.0,-2.0,-1.0,-3.0,0.0,0.0,-9.0,6.0,-2.0,3.0
-2,-1.0,-1.0,1.0,2.0,-3.0,-2.0,-1.0,-3.0,2.0,-2.0,-3.0,-1.0,-9.0,4.0,-2.0,3.0
-3,-1.0,-1.0,0.0,2.0,-3.0,-3.0,-1.0,-4.0,4.0,-2.0,-7.0,-2.0,-7.0,1.0,-2.0,3.0
-3,-1.0,-1.0,-2.0,3.0,-3.0,-4.0,-1.0,-6.0,6.0,-1.0,-12.0,-3.0,-6.0,-2.0,-2.0,3.0
-3,0.0,-1.0,-4.0,3.0,-3.0,-5.0,-2.0,-5.0,6.0,1.0,-15.0,-3.0,-5.0,-5.0,-1.0,3.0
-2,0.0,-1.0,-5.0,4.0,-3.0,-6.0,-3.0,-1.0,2.0,2.0,-17.0,-2.0,-5.0,-6.0,0.0,3.0
1,1.0,-1.0,-6.0,5.0,-2.0,-6.0,-3.0,2.0,-1.0,3.0,-16.0,-1.0,-4.0,-6.0,0.0,3.0
3,1.0,-2.0,-6.0,7.0,-2.0,-6.0,-3.0,4.0,-1.0,4.0,-14.0,0.0,-4.0,-5.0,1.0,3.0
5,0.0,-2.0,-6.0,7.0,-1.0,-6.0,-4.0,3.0,0.0,5.0,-11.0,3.0,-4.0,-3.0,0.0,3.0
5,-1.0,-2.0,-5.0,6.0,-1.0,-5.0,-4.0,1.0,3.0,5.0,-8.0,5.0,-4.0,-1.0,-1.0,3.0
5,-1.0,-2.0,-5.0,5.0,-1.0,-4.0,-4.0,-2.0,5.0,4.0,-5.0,6.0,-4.0,2.0,-2.0,3.0
4,-2.0,-2.0,-4.0,4.0,-1.0,-3.0,-4.0,-4.0,5.0,3.0,-2.0,6.0,-4.0,3.0,-2.0,3.0
3,-2.0,-2.0,-2.0,4.0,-2.0,-1.0,-4.0,-4.0,4.0,2.0,0.0,5.0,-4.0,3.0,-2.0,3.0
2,-2.0,-1.0,-1.0,4.0,-2.0,0.0,-4.0,-3.0,1.0,2.0,2.0,4.0,-4.0,2.0,-1.0,3.0
2,-1.0,-1.0,0.0,5.0,-2.0,2.0,-4.0,-2.0,-1.0,1.0,2.0,4.0,-3.0,1.0,-1.0,3.0
3,0.0,0.0,1.0,6.0,-2.0,4.0,-4.0,-1.0,-2.0,0.0,3.0,4.0,-2.0,-1.0,0.0,3.0
2,2.0,0.0,2.0,6.0,-2.0,5.0,-4.0,0.0,-3.0,-1.0,4.0,4.0,-2.0,-2.0,1.0,3.0
2,3.0,1.0,2.0,7.0,-2.0,6.0,-4.0,1.0,-5.0,-1.0,4.0,3.0,-3.0,-1.0,0.0,3.0
1,3.0,2.0,2.0,7.0,-2.0,7.0,-4.0,2.0,-7.0,-1.0,4.0,2.0,-4.0,0.0,0.0,3.0
2,2.0,3.0,2.0,6.0,-2.0,8.0,-4.0,2.0,-7.0,-1.0,4.0,1.0,-3.0,0.0,-1.0,3.0
3,1.0,4.0,2.0,6.0,-1.0,9.0,-4.0,3.0,-6.0,0.0,3.0,1.0,-1.0,0.0,-1.0,3.0
6,-1.0,5.0,2.0,6.0,1.0,10.0,-5.0,4.0,-3.0,0.0,1.0,3.0,1.0,-1.0,-1.0,3.0
7,-2.0,5.0,2.0,6.0,2.0,10.0,-5.0,4.0,0.0,1.0,-1.0,4.0,3.0,-1.0,-2.0,3.0
8,-2.0,6.0,2.0,5.0,3.0,10.0,-4.0,5.0,4.0,2.0,-3.0,6.0,3.0,0.0,-2.0,3.0
8,-2.0,6.0,2.0,5.0,3.0,10.0,-3.0,5.0,6.0,3.0,-4.0,7.0,4.0,1.0,-2.0,3.0
8,-2.0,7.0,2.0,5.0,3.0,10.0,-2.0,5.0,9.0,4.0,-6.0,7.0,5.0,1.0,-1.0,3.0
7,-1.0,7.0,2.0,5.0,2.0,9.0,-1.0,4.0,11.0,6.0,-7.0,6.0,5.0,1.0,0.0,3.0
6,-1.0,7.0,2.0,5.0,2.0,8.0,0.0,3.0,13.0,7.0,-8.0,6.0,6.0,2.0,1.0,3.0
5,1.0,7.0,2.0,5.0,1.0,6.0,1.0,3.0,14.0,8.0,-9.0,6.0,8.0,2.0,0.0,3.0
4,1.0,6.0,1.0,4.0,1.0,5.0,2.0,3.0,15.0,9.0,-10.0,6.0,9.0,3.0,-2.0,3.0
3,2.0,5.0,0.0,3.0,0.0,3.0,3.0,3.0,14.0,10.0,-10.0,6.0,11.0,5.0,-4.0,3.0
2,2.0,3.0,0.0,2.0,-1.0,2.0,3.0,4.0,12.0,11.0,-9.0,5.0,12.0,6.0,-5.0,3.0
1,1.0,2.0,-1.0,1.0,-3.0,1.0,3.0,4.0,10.0,10.0,-8.0,5.0,11.0,6.0,-6.0,3.0
1,-1.0,-1.0,-2.0,0.0,-5.0,0.0,2.0,3.0,6.0,9.0,-6.0,3.0,10.0,6.0,-7.0,3.0
0,-3.0,-4.0,-2.0,-1.0,-7.0,0.0,0.0,1.0,2.0,8.0,-4.0,1.0,8.0,6.0,-8.0,3.0
0,-5.0,-8.0,-2.0,-2.0,-9.0,-1.0,-2.0,-1.0,-1.0,5.0,-1.0,-2.0,6.0,6.0,-8.0,3.0
0,-7.0,-11.0,-1.0,-3.0,-11.0,-1.0,-3.0,-4.0,-3.0,3.0,2.0,-5.0,4.0,5.0,-7.0,3.0
0,-9.0,-12.0,0.0,-4.0,-12.0,-2.0,-5.0,-6.0,-4.0,0.0,4.0,-6.0,3.0,4.0,-7.0,3.0
-1,-10.0,-13.0,0.0,-5.0,-12.0,-2.0,-5.0,-6.0,-4.0,-3.0,6.0,-5.0,3.0,2.0,-6.0,3.0
-1,-12.0,-12.0,0.0,-5.0,-12.0,-2.0,-5.0,-5.0,-4.0,-6.0,7.0,-5.0,2.0,1.0,-7.0,3.0
-1,-12.0,-10.0,0.0,-5.0,-12.0,-1.0,-5.0,-4.0,-5.0,-8.0,7.0,-4.0,0.0,1.0,-7.0,3.0
-1,-12.0,-8.0,-1.0,-6.0,-11.0,-1.0,-4.0,-3.0,-6.0,-9.0,7.0,-4.0,-1.0,-1.0,-6.0,3.0
-2,-10.0,-5.0,-1.0,-7.0,-9.0,0.0,-3.0,-2.0,-7.0,-10.0,6.0,-4.0,-1.0,-3.0,-5.0,3.0
-2,-8.0,-3.0,-1.0,-7.0,-6.0,1.0,-1.0,-1.0,-7.0,-10.0,5.0,-4.0,-1.0,-5.0,-3.0,3.0
-2,-5.0,-1.0,-1.0,-8.0,-3.0,1.0,1.0,-2.0,-6.0,-10.0,4.0,-5.0,-1.0,-7.0,-1.0,3.0
-1,-3.0,1.0,-1.0,-8.0,0.0,1.0,3.0,-2.0,-5.0,-10.0,2.0,-6.0,-1.0,-7.0,0.0,3.0
-1,-1.0,3.0,-1.0,-8.0,3.0,1.0,4.0,-2.0,-4.0,-9.0,1.0,-7.0,-1.0,-6.0,1.0,3.0
-1,0.0,4.0,0.0,-8.0,5.0,1.0,6.0,-2.0,-4.0,-7.0,0.0,-8.0,-1.0,-5.0,1.0,3.0
-1,2.0,6.0,1.0,-8.0,6.0,1.0,7.0,0.0,-4.0,-6.0,-1.0,-8.0,-1.0,-3.0,1.0,3.0
-2,3.0,7.0,1.0,-8.0,8.0,1.0,8.0,2.0,-5.0,-4.0,-2.0,-7.0,1.0,-2.0,0.0,3.0
-2,4.0,8.0,1.0,-8.0,9.0,0.0,10.0,5.0,-4.0,-2.0,-3.0,-5.0,4.0,-2.0,0.0,3.0
-2,5.0,9.0,2.0,-8.0,10.0,0.0,11.0,6.0,-2.0,0.0,-3.0,-3.0,6.0,-2.0,0.0,3.0
-2,5.0,10.0,3.0,-8.0,10.0,0.0,12.0,4.0,2.0,1.0,-2.0,-2.0,8.0,-3.0,0.0,3.0
-2,4.0,10.0,4.0,-7.0,10.0,1.0,12.0,2.0,6.0,2.0,-2.0,0.0,9.0,-3.0,1.0,3.0
-2,2.0,10.0,6.0,-7.0,10.0,1.0,12.0,-2.0,9.0,2.0,0.0,1.0,9.0,-2.0,1.0,3.0
-2,1.0,10.0,7.0,-6.0,9.0,2.0,11.0,-3.0,10.0,2.0,2.0,2.0,9.0,-1.0,1.0,3.0
-2,-1.0,8.0,8.0,-6.0,8.0,1.0,9.0,-3.0,10.0,1.0,4.0,3.0,8.0,1.0,1.0,3.0
-2,-3.0,7.0,7.0,-6.0,7.0,1.0,6.0,-1.0,8.0,0.0,7.0,4.0,7.0,3.0,0.0,3.0
-2,-4.0,5.0,5.0,-5.0,6.0,0.0,4.0,2.0,5.0,-2.0,10.0,5.0,6.0,4.0,0.0,3.0
-2,-6.0,4.0,3.0,-5.0,4.0,-2.0,1.0,4.0,3.0,-3.0,12.0,5.0,5.0,5.0,0.0,3.0
-1,-9.0,2.0,1.0,-5.0,3.0,-4.0,-1.0,5.0,0.0,-5.0,13.0,5.0,2.0,5.0,0.0,3.0
-1,-10.0,1.0,-1.0,-5.0,1.0,-5.0,-2.0,4.0,-3.0,-7.0,14.0,3.0,-1.0,6.0,-1.0,3.0
0,-12.0,0.0,-3.0,-5.0,1.0,-7.0,-3.0,2.0,-5.0,-7.0,14.0,1.0,-3.0,6.0,-2.0,3.0
1,-12.0,-1.0,-5.0,-5.0,0.0,-9.0,-4.0,-2.0,-6.0,-8.0,13.0,-2.0,-5.0,7.0,-2.0,3.0
2,-12.0,-1.0,-8.0,-5.0,0.0,-10.0,-4.0,-4.0,-7.0,-8.0,13.0,-4.0,-5.0,7.0,-3.0,3.0
3,-11.0,-2.0,-9.0,-5.0,1.0,-10.0,-5.0,-4.0,-7.0,-7.0,12.0,-6.0,-5.0,7.0,-3.0,3.0
3,-9.0,-1.0,-11.0,-4.0,1.0,-10.0,-5.0,-3.0,-7.0,-7.0,10.0,-6.0,-4.0,6.0,-2.0,3.0
3,-6.0,0.0,-11.0,-3.0,2.0,-9.0,-4.0,-1.0,-6.0,-6.0,9.0,-5.0,-2.0,5.0,-1.0,3.0
4,-5.0,1.0,-12.0,-2.0,2.0,-9.0,-3.0,1.0,-4.0,-6.0,6.0,-4.0,-1.0,2.0,0.0,3.0
5,-3.0,3.0,-12.0,0.0,3.0,-8.0,-2.0,3.0,-2.0,-5.0,3.0,-2.0,1.0,0.0,1.0,3.0
5,-2.0,5.0,-12.0,1.0,4.0,-6.0,-1.0,4.0,1.0,-4.0,0.0,-1.0,2.0,-2.0,2.0,3.0
6,0.0,8.0,-12.0,2.0,5.0,-5.0,0.0,3.0,4.0,-3.0,-3.0,-1.0,2.0,-2.0,2.0,3.0
6,2.0,11.0,-13.0,2.0,6.0,-3.0,1.0,4.0,6.0,-2.0,-6.0,0.0,1.0,-2.0,2.0,3.0
6,4.0,13.0,-14.0,2.0,8.0,-1.0,2.0,5.0,8.0,0.0,-9.0,2.0,1.0,-1.0,2.0,3.0
7,7.0,16.0,-14.0,3.0,10.0,0.0,3.0,6.0,10.0,2.0,-12.0,4.0,0.0,1.0,1.0,3.0
8,10.0,18.0,-15.0,4.0,12.0,1.0,3.0,6.0,13.0,4.0,-13.0,6.0,2.0,2.0,1.0,3.0
8,11.0,19.0,-15.0,5.0,14.0,1.0,3.0,6.0,14.0,6.0,-13.0,6.0,3.0,3.0,1.0,3.0
7,11.0,19.0,-15.0,5.0,14.0,2.0,2.0,5.0,14.0,7.0,-11.0,5.0,5.0,4.0,1.0,3.0
7,11.0,19.0,-13.0,5.0,14.0,3.0,0.0,3.0,13.0,7.0,-9.0,4.0,5.0,4.0,1.0,3.0
6,9.0,18.0,-12.0,5.0,13.0,5.0,-2.0,2.0,11.0,6.0,-5.0,3.0,4.0,6.0,1.0,3.0
5,7.0,16.0,-9.0,5.0,12.0,6.0,-3.0,0.0,7.0,5.0,0.0,3.0,2.0,7.0,1.0,3.0
5,5.0,14.0,-6.0,5.0,10.0,7.0,-4.0,0.0,3.0,3.0,5.0,3.0,-1.0,8.0,1.0,3.0
5,2.0,11.0,-4.0,5.0,7.0,7.0,-5.0,0.0,-2.0,1.0,10.0,3.0,-2.0,8.0,1.0,3.0
5,-1.0,8.0,-1.0,5.0,5.0,7.0,-7.0,0.0,-7.0,-1.0,15.0,3.0,-4.0,8.0,1.0,3.0
3,-4.0,5.0,1.0,4.0,3.0,6.0,-8.0,-1.0,-11.0,-3.0,19.0,3.0,-5.0,7.0,1.0,3.0
2,-7.0,3.0,2.0,3.0,0.0,5.0,-8.0,-2.0,-13.0,-4.0,21.0,2.0,-7.0,5.0,2.0,3.0
1,-10.0,2.0,3.0,1.0,-2.0,3.0,-8.0,-4.0,-14.0,-6.0,22.0,1.0,-9.0,4.0,2.0,3.0
0,-12.0,1.0,3.0,-1.0,-3.0,2.0,-7.0,-6.0,-14.0,-7.0,22.0,0.0,-10.0,3.0,3.0,3.0
-1,-14.0,1.0,3.0,-3.0,-4.0,1.0,-5.0,-7.0,-13.0,-8.0,21.0,-2.0,-10.0,2.0,3.0,3.0
-1,-15.0,1.0,1.0,-5.0,-4.0,0.0,-4.0,-8.0,-12.0,-9.0,18.0,-4.0,-10.0,1.0,2.0,3.0
-2,-16.0,2.0,-1.0,-8.0,-4.0,-1.0,-3.0,-8.0,-12.0,-10.0,13.0,-6.0,-11.0,1.0,1.0,3.0
-3,-16.0,3.0,-3.0,-12.0,-4.0,-2.0,-2.0,-7.0,-12.0,-10.0,8.0,-9.0,-11.0,-1.0,0.0,3.0
-3,-16.0,3.0,-5.0,-14.0,-3.0,-3.0,-1.0,-6.0,-13.0,-10.0,4.0,-12.0,-12.0,-1.0,0.0,3.0
-4,-16.0,4.0,-8.0,-17.0,-2.0,-4.0,0.0,-7.0,-13.0,-9.0,1.0,-14.0,-12.0,-1.0,-1.0,3.0
-4,-14.0,5.0,-9.0,-18.0,-1.0,-5.0,1.0,-7.0,-13.0,-7.0,-2.0,-16.0,-12.0,-1.0,0.0,3.0
-4,-11.0,6.0,-11.0,-18.0,1.0,-6.0,2.0,-7.0,-11.0,-6.0,-4.0,-16.0,-10.0,-1.0,0.0,3.0
-4,-9.0,6.0,-12.0,-17.0,3.0,-6.0,2.0,-7.0,-9.0,-4.0,-6.0,-15.0,-9.0,-1.0,0.0,3.0
-4,-6.0,6.0,-12.0,-15.0,4.0,-7.0,1.0,-6.0,-6.0,-2.0,-6.0,-13.0,-7.0,0.0,-1.0,3.0
-3,-5.0,6.0,-12.0,-12.0,5.0,-7.0,1.0,-6.0,-3.0,-1.0,-6.0,-10.0,-7.0,2.0,-1.0,3.0
-2,-4.0,6.0,-11.0,-9.0,5.0,-6.0,-1.0,-4.0,-1.0,0.0,-4.0,-6.0,-7.0,4.0,-1.0,3.0
-1,-5.0,6.0,-9.0,-7.0,4.0,-5.0,-1.0,-3.0,0.0,1.0,-2.0,-3.0,-6.0,5.0,0.0,3.0
-1,-5.0,6.0,-7.0,-5.0,3.0,-4.0,-2.0,-2.0,0.0,1.0,1.0,1.0,-5.0,4.0,1.0,3.0
-1,-6.0,6.0,-5.0,-4.0,2.0,-1.0,-3.0,0.0,0.0,0.0,3.0,3.0,-4.0,3.0,2.0,3.0
-2,-6.0,6.0,-2.0,-3.0,1.0,2.0,-3.0,1.0,0.0,-1.0,6.0,6.0,-4.0,2.0,3.0,3.0
-2,-7.0,6.0,0.0,-3.0,-1.0,4.0,-4.0,3.0,-1.0,-2.0,8.0,7.0,-4.0,2.0,3.0,3.0
-3,-7.0,5.0,2.0,-4.0,-1.0,6.0,-3.0,3.0,-2.0,-3.0,11.0,7.0,-4.0,3.0,2.0,3.0
-3,-8.0,5.0,3.0,-5.0,-1.0,7.0,-3.0,2.0,-3.0,-4.0,13.0,7.0,-4.0,5.0,1.0,3.0
-3,-8.0,5.0,4.0,-5.0,0.0,7.0,-3.0,0.0,-2.0,-4.0,16.0,6.0,-3.0,5.0,1.0,3.0
-2,-8.0,5.0,4.0,-6.0,1.0,7.0,-3.0,-2.0,-2.0,-4.0,18.0,5.0,-3.0,6.0,2.0,3.0
-1,-7.0,5.0,4.0,-6.0,3.0,6.0,-3.0,-4.0,-2.0,-5.0,20.0,4.0,-3.0,6.0,2.0,3.0
-1,-6.0,6.0,3.0,-5.0,4.0,6.0,-3.0,-4.0,-2.0,-5.0,21.0,5.0,-4.0,7.0,2.0,3.0
0,-5.0,6.0,1.0,-5.0,5.0,6.0,-3.0,-2.0,-3.0,-5.0,22.0,6.0,-5.0,8.0,3.0,3.0
0,-3.0,7.0,0.0,-5.0,6.0,5.0,-3.0,0.0,-4.0,-5.0,22.0,7.0,-5.0,6.0,4.0,3.0
0,-2.0,7.0,-1.0,-5.0,6.0,6.0,-3.0,0.0,-5.0,-5.0,21.0,8.0,-5.0,3.0,5.0,3.0
1,-1.0,7.0,-2.0,-4.0,6.0,6.0,-3.0,-1.0,-4.0,-5.0,19.0,7.0,-3.0,0.0,5.0,3.0
0,-1.0,7.0,-2.0,-4.0,5.0,6.0,-3.0,-3.0,-3.0,-5.0,16.0,5.0,-2.0,-4.0,5.0,3.0
0,0.0,6.0,-4.0,-3.0,3.0,6.0,-3.0,-5.0,-2.0,-6.0,13.0,3.0,-1.0,-7.0,5.0,3.0
0,0.0,6.0,-5.0,-3.0,2.0,5.0,-3.0,-5.0,-1.0,-6.0,9.0,2.0,1.0,-8.0,4.0,3.0
0,1.0,6.0,-8.0,-3.0,2.0,3.0,-3.0,-4.0,-1.0,-6.0,6.0,0.0,2.0,-9.0,3.0,3.0
0,1.0,6.0,-10.0,-3.0,1.0,2.0,-3.0,-2.0,-1.0,-5.0,3.0,-1.0,5.0,-11.0,3.0,3.0
1,1.0,5.0,-11.0,-4.0,1.0,0.0,-2.0,0.0,1.0,-4.0,-1.0,-2.0,7.0,-12.0,2.0,3.0
2,0.0,4.0,-12.0,-4.0,1.0,-2.0,-1.0,1.0,3.0,-4.0,-5.0,-3.0,8.0,-13.0,2.0,3.0
3,-1.0,2.0,-12.0,-5.0,1.0,-5.0,1.0,1.0,4.0,-3.0,-7.0,-3.0,9.0,-13.0,2.0,3.0
3,-2.0,1.0,-12.0,-6.0,-1.0,-6.0,2.0,1.0,5.0,-3.0,-8.0,-2.0,8.0,-12.0,1.0,3.0
2,-3.0,-1.0,-11.0,-7.0,-2.0,-8.0,3.0,1.0,6.0,-3.0,-9.0,-1.0,8.0,-12.0,1.0,3.0
1,-4.0,-3.0,-11.0,-7.0,-3.0,-9.0,3.0,2.0,7.0,-4.0,-8.0,0.0,7.0,-12.0,1.0,3.0
1,-5.0,-4.0,-10.0,-8.0,-3.0,-9.0,3.0,3.0,6.0,-5.0,-7.0,2.0,7.0,-12.0,1.0,3.0
1,-5.0,-4.0,-9.0,-8.0,-2.0,-9.0,2.0,3.0,5.0,-6.0,-5.0,2.0,7.0,-12.0,1.0,3.0
1,-5.0,-5.0,-9.0,-8.0,-2.0,-8.0,1.0,3.0,4.0,-6.0,-3.0,3.0,7.0,-12.0,1.0,3.0
1,-6.0,-5.0,-8.0,-8.0,-1.0,-8.0,-1.0,3.0,3.0,-7.0,1.0,2.0,8.0,-11.0,1.0,3.0
0,-6.0,-5.0,-6.0,-8.0,-1.0,-6.0,-2.0,3.0,2.0,-8.0,4.0,2.0,8.0,-10.0,2.0,3.0
-1,-7.0,-5.0,-5.0,-7.0,-2.0,-5.0,-2.0,3.0,2.0,-9.0,8.0,2.0,8.0,-9.0,3.0,3.0
-1,-7.0,-4.0,-3.0,-7.0,-2.0,-4.0,-2.0,3.0,2.0,-9.0,11.0,2.0,9.0,-7.0,3.0,3.0
-2,-7.0,-3.0,-1.0,-7.0,-2.0,-2.0,-1.0,2.0,2.0,-8.0,13.0,2.0,9.0,-5.0,3.0,3.0
-4,-6.0,-1.0,1.0,-8.0,-1.0,-1.0,-1.0,2.0,1.0,-7.0,14.0,3.0,7.0,-4.0,3.0,3.0
-5,-5.0,1.0,2.0,-9.0,0.0,1.0,0.0,4.0,-2.0,-6.0,13.0,3.0,5.0,-3.0,4.0,3.0
-6,-3.0,2.0,2.0,-10.0,2.0,2.0,1.0,5.0,-4.0,-4.0,11.0,3.0,4.0,-4.0,5.0,3.0
-6,-2.0,4.0,1.0,-11.0,4.0,3.0,1.0,5.0,-5.0,-3.0,8.0,3.0,2.0,-5.0,5.0,3.0
-5,-1.0,5.0,0.0,-11.0,6.0,3.0,1.0,4.0,-4.0,-1.0,4.0,3.0,2.0,-7.0,6.0,3.0
-4,1.0,5.0,-2.0,-11.0,8.0,3.0,1.0,3.0,-3.0,-1.0,1.0,2.0,1.0,-9.0,5.0,3.0
-3,2.0,6.0,-3.0,-10.0,9.0,4.0,0.0,1.0,-2.0,-1.0,-2.0,1.0,0.0,-10.0,5.0,3.0
-2,4.0,6.0,-4.0,-9.0,10.0,4.0,-1.0,-2.0,0.0,-1.0,-4.0,0.0,0.0,-10.0,4.0,3.0
-1,5.0,5.0,-4.0,-8.0,10.0,5.0,-2.0,-4.0,1.0,-1.0,-4.0,-1.0,-1.0,-11.0,4.0,3.0
-1,5.0,4.0,-4.0,-7.0,10.0,5.0,-3.0,-6.0,0.0,-1.0,-4.0,-2.0,-2.0,-12.0,4.0,3.0
-1,5.0,3.0,-4.0,-6.0,9.0,5.0,-4.0,-6.0,-1.0,-1.0,-4.0,-2.0,-3.0,-11.0,4.0,3.0
-1,5.0,2.0,-3.0,-6.0,8.0,4.0,-5.0,-5.0,-2.0,-2.0,-4.0,-3.0,-4.0,-10.0,3.0,3.0
-2,4.0,0.0,-3.0,-5.0,6.0,4.0,-5.0,-3.0,-4.0,-2.0,-3.0,-3.0,-4.0,-8.0,2.0,3.0
-2,4.0,-3.0,-3.0,-6.0,5.0,2.0,-6.0,-2.0,-6.0,-3.0,-3.0,-4.0,-4.0,-6.0,2.0,3.0
-3,3.0,-5.0,-4.0,-6.0,3.0,1.0,-6.0,0.0,-6.0,-4.0,-3.0,-4.0,-4.0,-6.0,2.0,3.0
-3,3.0,-8.0,-4.0,-7.0,2.0,-1.0,-6.0,0.0,-4.0,-4.0,-3.0,-4.0,-2.0,-7.0,2.0,3.0
-2,3.0,-10.0,-4.0,-7.0,2.0,-3.0,-5.0,-1.0,-2.0,-5.0,-3.0,-4.0,0.0,-9.0,3.0,3.0
-2,2.0,-10.0,-4.0,-8.0,2.0,-4.0,-4.0,-2.0,0.0,-6.0,-2.0,-3.0,2.0,-10.0,3.0,3.0
-3,1.0,-9.0,-4.0,-8.0,2.0,-5.0,-4.0,-1.0,1.0,-6.0,-1.0,-3.0,2.0,-10.0,3.0,3.0
-4,1.0,-8.0,-4.0,-8.0,2.0,-5.0,-3.0,0.0,-1.0,-5.0,1.0,-2.0,2.0,-8.0,3.0,3.0
-5,1.0,-6.0,-3.0,-8.0,1.0,-4.0,-2.0,2.0,-2.0,-4.0,2.0,-2.0,2.0,-6.0,3.0,3.0
-6,0.0,-5.0,-3.0,-8.0,0.0,-4.0,-2.0,3.0,-3.0,-4.0,2.0,-1.0,1.0,-4.0,3.0,3.0
-6,0.0,-3.0,-3.0,-8.0,-1.0,-3.0,-1.0,2.0,-1.0,-3.0,2.0,-1.0,1.0,-3.0,3.0,3.0
-7,0.0,-2.0,-3.0,-8.0,-1.0,-3.0,0.0,1.0,1.0,-2.0,2.0,0.0,2.0,-2.0,3.0,3.0
-6,1.0,0.0,-3.0,-6.0,-1.0,-2.0,1.0,0.0,4.0,-1.0,3.0,1.0,3.0,-1.0,3.0,3.0
-5,2.0,2.0,-2.0,-5.0,-1.0,-1.0,1.0,0.0,6.0,1.0,4.0,3.0,4.0,1.0,3.0,3.0
-4,3.0,3.0,-1.0,-3.0,0.0,1.0,2.0,1.0,8.0,3.0,4.0,5.0,6.0,2.0,3.0,3.0
-3,4.0,5.0,0.0,-1.0,2.0,2.0,3.0,2.0,8.0,4.0,4.0,6.0,7.0,2.0,4.0,3.0
-2,7.0,6.0,2.0,2.0,4.0,3.0,3.0,3.0,8.0,6.0,5.0,6.0,8.0,3.0,4.0,3.0
-1,9.0,7.0,3.0,4.0,6.0,4.0,4.0,4.0,7.0,7.0,5.0,7.0,6.0,4.0,4.0,3.0
0,10.0,8.0,5.0,6.0,7.0,5.0,5.0,4.0,5.0,8.0,5.0,9.0,4.0,6.0,4.0,3.0
-1,12.0,8.0,7.0,6.0,8.0,6.0,5.0,4.0,4.0,9.0,6.0,10.0,2.0,8.0,3.0,3.0
-3,12.0,8.0,7.0,5.0,8.0,6.0,6.0,5.0,2.0,9.0,6.0,10.0,-1.0,8.0,4.0,3.0
-5,12.0,8.0,6.0,3.0,7.0,6.0,6.0,5.0,1.0,8.0,6.0,11.0,-3.0,7.0,4.0,3.0
-5,11.0,7.0,5.0,1.0,6.0,4.0,6.0,4.0,-1.0,7.0,6.0,10.0,-5.0,5.0,6.0,3.0
-5,9.0,5.0,4.0,1.0,5.0,3.0,5.0,3.0,-2.0,6.0,6.0,9.0,-5.0,2.0,7.0,3.0
-4,7.0,3.0,3.0,1.0,4.0,2.0,3.0,2.0,-4.0,5.0,6.0,7.0,-6.0,-1.0,9.0,3.0
-3,5.0,1.0,3.0,1.0,3.0,1.0,1.0,1.0,-6.0,4.0,5.0,4.0,-8.0,-3.0,9.0,3.0
-3,3.0,-1.0,2.0,1.0,2.0,1.0,-2.0,1.0,-9.0,2.0,5.0,2.0,-9.0,-4.0,9.0,3.0
-3,1.0,-3.0,2.0,1.0,1.0,0.0,-5.0,2.0,-12.0,0.0,4.0,1.0,-10.0,-5.0,8.0,3.0
-3,-1.0,-5.0,2.0,1.0,0.0,-1.0,-7.0,2.0,-13.0,-2.0,2.0,0.0,-11.0,-6.0,7.0,3.0
-4,-2.0,-8.0,1.0,0.0,-1.0,-2.0,-9.0,1.0,-13.0,-4.0,1.0,-1.0,-11.0,-8.0,5.0,3.0
-4,-3.0,-10.0,0.0,-1.0,-2.0,-3.0,-11.0,-1.0,-11.0,-5.0,-1.0,-2.0,-12.0,-9.0,4.0,3.0
-5,-3.0,-11.0,-2.0,-3.0,-2.0,-4.0,-12.0,-5.0,-8.0,-7.0,-3.0,-3.0,-12.0,-8.0,2.0,3.0
-5,0.0,-9.0,-9.0,-7.0,-1.0,-5.0,-11.0,-8.0,-2.0,-5.0,-9.0,-6.0,-8.0,-8.0,-3.0,3.0
-4,2.0,-7.0,-10.0,-6.0,1.0,-5.0,-10.0,-5.0,-1.0,-2.0,-12.0,-5.0,-5.0,-8.0,-3.0,3.0
-3,3.0,-5.0,-11.0,-6.0,2.0,-4.0,-8.0,-3.0,0.0,0.0,-13.0,-2.0,-2.0,-9.0,-2.0,3.0
-2,5.0,-3.0,-11.0,-4.0,3.0,-3.0,-7.0,-1.0,2.0,2.0,-14.0,0.0,1.0,-9.0,-2.0,3.0
-1,6.0,-2.0,-10.0,-3.0,4.0,-2.0,-5.0,0.0,5.0,4.0,-13.0,1.0,4.0,-8.0,-2.0,3.0
1,7.0,-1.0,-8.0,0.0,5.0,-1.0,-4.0,0.0,6.0,5.0,-12.0,2.0,5.0,-6.0,-2.0,3.0
2,9.0,0.0,-6.0,2.0,5.0,-1.0,-2.0,1.0,7.0,6.0,-11.0,4.0,6.0,-4.0,-3.0,3.0
3,10.0,0.0,-5.0,3.0,5.0,-1.0,0.0,2.0,8.0,8.0,-10.0,6.0,6.0,-2.0,-2.0,3.0
4,11.0,1.0,-4.0,5.0,6.0,-1.0,2.0,4.0,8.0,9.0,-10.0,8.0,7.0,-1.0,-2.0,3.0
5,12.0,1.0,-2.0,6.0,6.0,0.0,3.0,6.0,8.0,11.0,-9.0,9.0,7.0,0.0,-1.0,3.0
5,12.0,2.0,1.0,6.0,7.0,1.0,5.0,9.0,7.0,12.0,-7.0,11.0,7.0,3.0,0.0,3.0
5,12.0,2.0,4.0,6.0,9.0,3.0,6.0,11.0,5.0,12.0,-3.0,12.0,6.0,7.0,1.0,3.0
5,11.0,2.0,8.0,6.0,9.0,5.0,6.0,11.0,4.0,12.0,1.0,12.0,4.0,11.0,1.0,3.0
4,10.0,2.0,13.0,6.0,9.0,7.0,7.0,11.0,1.0,11.0,5.0,12.0,2.0,14.0,1.0,3.0
3,8.0,1.0,17.0,6.0,8.0,8.0,7.0,10.0,-1.0,8.0,10.0,11.0,0.0,16.0,1.0,3.0
2,6.0,-1.0,19.0,5.0,7.0,8.0,6.0,9.0,-3.0,6.0,13.0,10.0,-1.0,15.0,0.0,3.0
2,4.0,-2.0,20.0,5.0,6.0,8.0,6.0,8.0,-4.0,3.0,14.0,9.0,-2.0,13.0,-1.0,3.0
1,3.0,-3.0,19.0,5.0,4.0,6.0,4.0,7.0,-5.0,-1.0,12.0,8.0,-2.0,10.0,-2.0,3.0
0,1.0,-3.0,17.0,4.0,3.0,5.0,3.0,6.0,-5.0,-4.0,9.0,7.0,-3.0,6.0,-3.0,3.0
-1,0.0,-4.0,13.0,3.0,2.0,3.0,1.0,4.0,-5.0,-6.0,5.0,6.0,-6.0,1.0,-2.0,3.0
-1,-1.0,-4.0,10.0,1.0,2.0,1.0,0.0,4.0,-5.0,-8.0,0.0,5.0,-9.0,-5.0,-1.0,3.0
-1,-2.0,-5.0,7.0,-1.0,1.0,-1.0,-2.0,4.0,-7.0,-10.0,-4.0,3.0,-10.0,-10.0,1.0,3.0
-2,-3.0,-7.0,4.0,-3.0,0.0,-2.0,-3.0,5.0,-9.0,-11.0,-8.0,1.0,-12.0,-14.0,2.0,3.0
-2,-4.0,-8.0,1.0,-4.0,-1.0,-4.0,-3.0,5.0,-11.0,-12.0,-11.0,-1.0,-12.0,-17.0,2.0,3.0
-1,-4.0,-9.0,-2.0,-6.0,-1.0,-5.0,-3.0,4.0,-11.0,-13.0,-13.0,-3.0,-13.0,-18.0,2.0,3.0
-1,-4.0,-9.0,-4.0,-7.0,-2.0,-6.0,-3.0,3.0,-10.0,-12.0,-15.0,-5.0,-13.0,-18.0,1.0,3.0
-1,-4.0,-9.0,-5.0,-8.0,-2.0,-7.0,-3.0,2.0,-9.0,-11.0,-16.0,-5.0,-13.0,-17.0,1.0,3.0
-1,-3.0,-9.0,-6.0,-9.0,-2.0,-7.0,-2.0,3.0,-9.0,-9.0,-17.0,-4.0,-12.0,-16.0,0.0,3.0
-1,-2.0,-9.0,-6.0,-9.0,-1.0,-6.0,-1.0,3.0,-8.0,-8.0,-17.0,-3.0,-11.0,-13.0,-1.0,3.0
0,-1.0,-8.0,-6.0,-8.0,-1.0,-6.0,-1.0,3.0,-6.0,-6.0,-15.0,-2.0,-9.0,-11.0,-2.0,3.0
0,0.0,-7.0,-5.0,-7.0,-2.0,-5.0,0.0,2.0,-3.0,-5.0,-13.0,-1.0,-8.0,-7.0,-3.0,3.0
0,1.0,-6.0,-4.0,-6.0,-2.0,-4.0,1.0,2.0,-1.0,-3.0,-11.0,0.0,-6.0,-4.0,-4.0,3.0
0,2.0,-6.0,-3.0,-4.0,-2.0,-3.0,3.0,2.0,0.0,-2.0,-8.0,1.0,-4.0,0.0,-5.0,3.0
0,2.0,-5.0,-1.0,-2.0,-3.0,-2.0,4.0,3.0,1.0,-1.0,-5.0,3.0,-3.0,3.0,-5.0,3.0
0,2.0,-4.0,1.0,-1.0,-3.0,-2.0,5.0,4.0,0.0,-1.0,-2.0,4.0,-2.0,5.0,-6.0,3.0
-1,1.0,-4.0,4.0,-1.0,-4.0,-1.0,6.0,5.0,-1.0,-1.0,1.0,5.0,-2.0,7.0,-6.0,3.0
-1,-1.0,-3.0,6.0,-1.0,-5.0,-1.0,7.0,6.0,-3.0,-2.0,3.0,5.0,-3.0,7.0,-5.0,3.0
-1,-2.0,-3.0,9.0,-1.0,-5.0,0.0,8.0,5.0,-5.0,-3.0,5.0,4.0,-4.0,6.0,-3.0,3.0
-1,-4.0,-3.0,11.0,-2.0,-5.0,1.0,8.0,3.0,-5.0,-3.0,6.0,2.0,-5.0,4.0,-1.0,3.0
-1,-5.0,-3.0,12.0,-2.0,-4.0,1.0,9.0,1.0,-5.0,-3.0,6.0,1.0,-6.0,3.0,1.0,3.0
1,-5.0,-2.0,13.0,-1.0,-3.0,2.0,10.0,-1.0,-3.0,-2.0,6.0,0.0,-5.0,2.0,3.0,3.0
2,-4.0,-2.0,13.0,-1.0,-2.0,2.0,10.0,-1.0,0.0,-1.0,5.0,1.0,-4.0,2.0,4.0,3.0
3,-3.0,-2.0,13.0,0.0,-1.0,2.0,11.0,-1.0,4.0,1.0,5.0,1.0,-2.0,3.0,5.0,3.0
4,-1.0,-1.0,13.0,0.0,1.0,2.0,12.0,0.0,7.0,2.0,4.0,3.0,1.0,4.0,6.0,3.0
3,0.0,-1.0,13.0,-1.0,2.0,2.0,13.0,2.0,8.0,2.0,4.0,4.0,2.0,4.0,6.0,3.0
2,1.0,-1.0,13.0,-2.0,2.0,1.0,15.0,3.0,8.0,3.0,4.0,6.0,2.0,3.0,7.0,3.0
1,2.0,-1.0,14.0,-3.0,2.0,1.0,16.0,4.0,8.0,3.0,4.0,7.0,2.0,2.0,7.0,3.0
0,1.0,0.0,14.0,-3.0,2.0,0.0,17.0,3.0,8.0,3.0,3.0,8.0,1.0,1.0,7.0,3.0
1,1.0,1.0,13.0,-3.0,2.0,0.0,17.0,2.0,8.0,2.0,2.0,7.0,1.0,0.0,7.0,3.0
1,1.0,2.0,11.0,-3.0,2.0,0.0,17.0,1.0,7.0,2.0,1.0,4.0,1.0,-1.0,7.0,3.0
2,2.0,2.0,9.0,-2.0,2.0,0.0,14.0,0.0,4.0,2.0,-1.0,2.0,0.0,-3.0,6.0,3.0
3,3.0,2.0,7.0,0.0,2.0,1.0,12.0,1.0,3.0,1.0,-3.0,1.0,0.0,-6.0,5.0,3.0
3,4.0,1.0,5.0,2.0,2.0,1.0,9.0,1.0,2.0,-1.0,-6.0,1.0,-1.0,-8.0,4.0,3.0
3,5.0,1.0,3.0,3.0,1.0,1.0,7.0,1.0,2.0,-3.0,-9.0,1.0,-2.0,-9.0,2.0,3.0
2,6.0,0.0,2.0,5.0,-1.0,1.0,5.0,2.0,2.0,-4.0,-11.0,2.0,-4.0,-10.0,1.0,3.0
1,7.0,-1.0,1.0,6.0,-2.0,1.0,3.0,2.0,4.0,-5.0,-13.0,2.0,-3.0,-11.0,1.0,3.0
-1,7.0,-1.0,1.0,6.0,-3.0,0.0,3.0,1.0,5.0,-4.0,-13.0,2.0,-2.0,-12.0,1.0,3.0
-1,8.0,-2.0,1.0,6.0,-3.0,-1.0,4.0,-1.0,7.0,-3.0,-12.0,2.0,-1.0,-12.0,2.0,3.0
-1,9.0,-3.0,2.0,6.0,-3.0,-2.0,5.0,-2.0,8.0,-1.0,-11.0,2.0,1.0,-10.0,2.0,3.0
0,10.0,-3.0,2.0,6.0,-2.0,-3.0,7.0,-1.0,10.0,1.0,-9.0,4.0,3.0,-8.0,1.0,3.0
1,11.0,-2.0,2.0,7.0,-1.0,-4.0,9.0,-1.0,11.0,3.0,-8.0,5.0,5.0,-5.0,0.0,3.0
3,11.0,-1.0,2.0,7.0,1.0,-5.0,11.0,-1.0,13.0,4.0,-6.0,6.0,6.0,-2.0,-1.0,3.0
4,11.0,0.0,2.0,7.0,2.0,-5.0,12.0,-2.0,13.0,4.0,-5.0,6.0,7.0,1.0,-2.0,3.0
4,10.0,2.0,3.0,7.0,3.0,-4.0,13.0,-1.0,13.0,5.0,-4.0,7.0,7.0,2.0,-3.0,3.0
3,9.0,3.0,4.0,7.0,3.0,-4.0,14.0,0.0,12.0,4.0,-4.0,7.0,7.0,2.0,-4.0,3.0
2,8.0,4.0,6.0,7.0,3.0,-4.0,14.0,1.0,10.0,4.0,-5.0,6.0,7.0,3.0,-5.0,3.0
2,7.0,4.0,8.0,7.0,2.0,-3.0,14.0,2.0,8.0,3.0,-5.0,5.0,6.0,2.0,-6.0,3.0
1,6.0,4.0,9.0,7.0,2.0,-3.0,14.0,4.0,5.0,3.0,-5.0,6.0,6.0,1.0,-6.0,3.0
1,4.0,3.0,9.0,6.0,0.0,-3.0,13.0,6.0,3.0,2.0,-5.0,7.0,6.0,0.0,-6.0,3.0
1,3.0,2.0,9.0,6.0,-1.0,-2.0,12.0,6.0,3.0,2.0,-4.0,7.0,7.0,-1.0,-6.0,3.0
1,3.0,1.0,10.0,5.0,-2.0,-2.0,12.0,7.0,3.0,2.0,-2.0,8.0,7.0,-1.0,-5.0,3.0
1,2.0,0.0,10.0,5.0,-3.0,-2.0,13.0,7.0,2.0,2.0,-1.0,7.0,7.0,0.0,-4.0,3.0
1,2.0,-1.0,11.0,5.0,-5.0,-2.0,14.0,7.0,1.0,1.0,1.0,6.0,7.0,1.0,-3.0,3.0
0,2.0,-2.0,12.0,4.0,-6.0,-2.0,16.0,7.0,1.0,1.0,3.0,5.0,7.0,1.0,-3.0,3.0
-1,1.0,-3.0,14.0,3.0,-7.0,-2.0,16.0,5.0,1.0,-1.0,4.0,3.0,6.0,2.0,-2.0,3.0
-2,0.0,-4.0,14.0,2.0,-8.0,-2.0,16.0,2.0,1.0,-2.0,5.0,2.0,5.0,2.0,-2.0,3.0
-3,-1.0,-5.0,14.0,1.0,-8.0,-2.0,15.0,-1.0,1.0,-3.0,6.0,0.0,3.0,2.0,-3.0,3.0
-4,-2.0,-6.0,14.0,1.0,-9.0,-2.0,13.0,-3.0,0.0,-4.0,7.0,-2.0,2.0,3.0,-3.0,3.0
-3,-2.0,-6.0,12.0,1.0,-8.0,-2.0,11.0,-4.0,-2.0,-6.0,7.0,-4.0,0.0,2.0,-2.0,3.0
-3,-2.0,-7.0,10.0,0.0,-6.0,-3.0,8.0,-4.0,-3.0,-7.0,6.0,-6.0,-1.0,0.0,-2.0,3.0
-2,-1.0,-8.0,8.0,0.0,-5.0,-3.0,5.0,-4.0,-4.0,-8.0,4.0,-7.0,-2.0,-2.0,-1.0,3.0
-2,-1.0,-8.0,7.0,-1.0,-4.0,-3.0,3.0,-4.0,-4.0,-8.0,2.0,-6.0,-3.0,-4.0,1.0,3.0
-2,-1.0,-9.0,6.0,-1.0,-3.0,-3.0,1.0,-4.0,-4.0,-7.0,-1.0,-6.0,-4.0,-5.0,1.0,3.0
-2,-1.0,-9.0,5.0,-1.0,-3.0,-3.0,-1.0,-4.0,-3.0,-6.0,-3.0,-7.0,-4.0,-5.0,0.0,3.0
-2,-1.0,-9.0,5.0,0.0,-3.0,-3.0,-1.0,-5.0,-2.0,-5.0,-5.0,-7.0,-3.0,-5.0,-1.0,3.0
-2,0.0,-9.0,4.0,0.0,-2.0,-4.0,-2.0,-4.0,-1.0,-5.0,-6.0,-8.0,-2.0,-4.0,-2.0,3.0
-1,1.0,-8.0,3.0,1.0,-1.0,-4.0,-2.0,-2.0,0.0,-5.0,-8.0,-7.0,0.0,-5.0,-2.0,3.0
-1,2.0,-8.0,2.0,1.0,1.0,-4.0,-3.0,-1.0,2.0,-4.0,-11.0,-7.0,3.0,-7.0,-3.0,3.0
-1,4.0,-8.0,1.0,1.0,2.0,-4.0,-3.0,1.0,3.0,-4.0,-14.0,-6.0,4.0,-8.0,-4.0,3.0
-1,5.0,-8.0,1.0,1.0,3.0,-3.0,-3.0,2.0,4.0,-2.0,-16.0,-5.0,5.0,-8.0,-5.0,3.0
0,6.0,-8.0,1.0,1.0,4.0,-3.0,-3.0,2.0,3.0,-1.0,-17.0,-5.0,5.0,-6.0,-6.0,3.0
0,6.0,-8.0,2.0,1.0,4.0,-3.0,-3.0,2.0,2.0,1.0,-16.0,-5.0,5.0,-4.0,-7.0,3.0
0,4.0,-9.0,3.0,1.0,3.0,-2.0,-3.0,2.0,1.0,1.0,-14.0,-5.0,4.0,-2.0,-7.0,3.0
0,2.0,-9.0,4.0,1.0,1.0,-2.0,-3.0,1.0,0.0,1.0,-10.0,-6.0,4.0,-1.0,-7.0,3.0
0,-1.0,-10.0,6.0,0.0,-1.0,-2.0,-2.0,-1.0,-2.0,0.0,-7.0,-6.0,3.0,-1.0,-6.0,3.0
-1,-4.0,-10.0,8.0,-1.0,-3.0,-2.0,-1.0,-3.0,-4.0,-1.0,-3.0,-6.0,1.0,-1.0,-5.0,3.0
-2,-6.0,-11.0,9.0,-2.0,-6.0,-2.0,0.0,-5.0,-6.0,-2.0,1.0,-5.0,-1.0,-1.0,-5.0,3.0
-3,-8.0,-10.0,11.0,-3.0,-7.0,-2.0,1.0,-6.0,-8.0,-3.0,4.0,-4.0,-3.0,-1.0,-4.0,3.0
-5,-9.0,-10.0,11.0,-5.0,-9.0,-1.0,2.0,-5.0,-10.0,-3.0,7.0,-2.0,-5.0,0.0,-4.0,3.0
-7,-9.0,-9.0,10.0,-5.0,-9.0,-1.0,2.0,-3.0,-12.0,-3.0,8.0,0.0,-6.0,1.0,-5.0,3.0
-7,-9.0,-7.0,9.0,-5.0,-9.0,-2.0,3.0,-2.0,-11.0,-3.0,8.0,2.0,-6.0,2.0,-5.0,3.0
-7,-8.0,-6.0,8.0,-4.0,-9.0,-3.0,3.0,-1.0,-11.0,-3.0,8.0,2.0,-6.0,3.0,-6.0,3.0
-6,-8.0,-6.0,7.0,-4.0,-9.0,-4.0,3.0,-2.0,-10.0,-2.0,7.0,2.0,-6.0,3.0,-6.0,3.0
-5,-9.0,-5.0,6.0,-3.0,-8.0,-4.0,3.0,-2.0,-11.0,-2.0,6.0,1.0,-6.0,3.0,-6.0,3.0
-4,-9.0,-5.0,5.0,-3.0,-8.0,-4.0,3.0,-1.0,-12.0,-1.0,5.0,0.0,-6.0,3.0,-6.0,3.0
-3,-8.0,-5.0,4.0,-4.0,-6.0,-4.0,3.0,-1.0,-12.0,1.0,3.0,0.0,-6.0,2.0,-6.0,3.0
-3,-7.0,-4.0,3.0,-5.0,-5.0,-4.0,3.0,-1.0,-10.0,2.0,1.0,0.0,-6.0,2.0,-5.0,3.0
-3,-5.0,-4.0,2.0,-5.0,-3.0,-4.0,3.0,-2.0,-7.0,3.0,-2.0,0.0,-6.0,3.0,-4.0,3.0
-2,-3.0,-3.0,1.0,-5.0,0.0,-5.0,3.0,-3.0,-4.0,4.0,-6.0,0.0,-7.0,2.0,-3.0,3.0
-1,-2.0,-3.0,-1.0,-4.0,1.0,-5.0,2.0,-5.0,-1.0,5.0,-9.0,-2.0,-7.0,0.0,-2.0,3.0
-1,-1.0,-3.0,-2.0,-4.0,2.0,-4.0,0.0,-6.0,1.0,5.0,-12.0,-3.0,-7.0,-2.0,-1.0,3.0
0,-1.0,-4.0,-3.0,-4.0,2.0,-4.0,-2.0,-5.0,1.0,4.0,-13.0,-3.0,-7.0,-4.0,2.0,3.0
0,-2.0,-4.0,-3.0,-4.0,2.0,-2.0,-4.0,-3.0,1.0,4.0,-14.0,-3.0,-6.0,-6.0,3.0,3.0
0,-3.0,-5.0,-2.0,-3.0,1.0,-1.0,-7.0,-1.0,0.0,3.0,-13.0,-3.0,-6.0,-6.0,4.0,3.0
0,-5.0,-6.0,0.0,-3.0,0.0,1.0,-9.0,0.0,-1.0,2.0,-12.0,-3.0,-6.0,-5.0,3.0,3.0
-1,-6.0,-6.0,3.0,-2.0,-1.0,3.0,-10.0,0.0,-1.0,1.0,-9.0,-3.0,-6.0,-3.0,3.0,3.0
-1,-7.0,-6.0,5.0,-1.0,-1.0,4.0,-11.0,-1.0,-1.0,1.0,-7.0,-4.0,-5.0,-1.0,2.0,3.0
-2,-7.0,-6.0,7.0,-1.0,-2.0,5.0,-11.0,-2.0,-1.0,0.0,-3.0,-4.0,-5.0,1.0,2.0,3.0
-3,-7.0,-6.0,7.0,0.0,-2.0,6.0,-12.0,-5.0,0.0,-1.0,0.0,-4.0,-5.0,3.0,2.0,3.0
-3,-7.0,-6.0,7.0,1.0,-3.0,6.0,-11.0,-6.0,0.0,-2.0,4.0,-4.0,-6.0,5.0,1.0,3.0
-3,-6.0,-5.0,6.0,2.0,-5.0,5.0,-11.0,-7.0,-1.0,-2.0,6.0,-3.0,-7.0,7.0,0.0,3.0
-3,-6.0,-4.0,4.0,2.0,-6.0,4.0,-10.0,-7.0,-2.0,-2.0,8.0,-3.0,-8.0,8.0,0.0,3.0
-4,-6.0,-3.0,2.0,2.0,-7.0,2.0,-8.0,-7.0,-4.0,-1.0,8.0,-2.0,-9.0,7.0,0.0,3.0
-4,-6.0,-1.0,-1.0,1.0,-7.0,1.0,-7.0,-5.0,-5.0,-1.0,7.0,-2.0,-9.0,5.0,1.0,3.0
-4,-6.0,0.0,-4.0,1.0,-8.0,0.0,-6.0,-4.0,-7.0,-1.0,6.0,-1.0,-9.0,3.0,2.0,3.0
-3,-5.0,0.0,-6.0,1.0,-8.0,0.0,-6.0,-2.0,-7.0,-1.0,5.0,1.0,-9.0,1.0,3.0,3.0
-1,-4.0,1.0,-8.0,1.0,-8.0,0.0,-6.0,-2.0,-6.0,-1.0,4.0,2.0,-9.0,0.0,3.0,3.0
0,-3.0,1.0,-10.0,3.0,-7.0,0.0,-7.0,-1.0,-6.0,0.0,3.0,3.0,-10.0,0.0,3.0,3.0
2,-2.0,1.0,-10.0,4.0,-6.0,0.0,-7.0,-1.0,-5.0,1.0,2.0,5.0,-10.0,0.0,3.0,3.0
2,-1.0,2.0,-10.0,5.0,-5.0,0.0,-6.0,0.0,-3.0,2.0,2.0,6.0,-9.0,0.0,4.0,3.0
2,0.0,3.0,-10.0,6.0,-4.0,0.0,-6.0,1.0,-2.0,2.0,2.0,7.0,-7.0,-1.0,5.0,3.0
2,2.0,5.0,-9.0,7.0,-2.0,1.0,-6.0,3.0,0.0,3.0,3.0,9.0,-5.0,0.0,5.0,3.0
3,3.0,6.0,-8.0,9.0,-1.0,1.0,-7.0,4.0,1.0,4.0,5.0,11.0,-5.0,2.0,5.0,3.0
3,4.0,7.0,-8.0,11.0,1.0,2.0,-8.0,5.0,0.0,4.0,6.0,11.0,-5.0,5.0,5.0,3.0
2,4.0,7.0,-8.0,12.0,1.0,2.0,-9.0,5.0,1.0,4.0,7.0,11.0,-6.0,7.0,5.0,3.0
2,4.0,8.0,-8.0,12.0,2.0,3.0,-10.0,4.0,1.0,3.0,7.0,10.0,-7.0,7.0,5.0,3.0
1,2.0,8.0,-7.0,11.0,1.0,3.0,-12.0,3.0,1.0,2.0,8.0,9.0,-7.0,5.0,6.0,3.0
0,0.0,7.0,-6.0,10.0,0.0,4.0,-13.0,2.0,1.0,0.0,8.0,7.0,-7.0,2.0,7.0,3.0
-1,-1.0,6.0,-5.0,9.0,-1.0,5.0,-14.0,1.0,-1.0,-2.0,8.0,6.0,-6.0,0.0,8.0,3.0
-1,-2.0,4.0,-4.0,8.0,-2.0,6.0,-14.0,1.0,-3.0,-3.0,8.0,5.0,-6.0,-2.0,8.0,3.0
-1,-3.0,3.0,-3.0,7.0,-4.0,6.0,-14.0,1.0,-5.0,-3.0,9.0,4.0,-6.0,-2.0,7.0,3.0
-1,-5.0,1.0,-3.0,5.0,-4.0,6.0,-13.0,0.0,-6.0,-3.0,8.0,2.0,-6.0,-2.0,6.0,3.0
0,-6.0,1.0,-4.0,3.0,-5.0,4.0,-12.0,-1.0,-5.0,-3.0,7.0,1.0,-6.0,-2.0,5.0,3.0
1,-8.0,1.0,-5.0,1.0,-6.0,3.0,-10.0,-3.0,-4.0,-2.0,5.0,1.0,-6.0,-2.0,4.0,3.0
1,-10.0,1.0,-7.0,-1.0,-6.0,1.0,-8.0,-3.0,-2.0,-2.0,2.0,2.0,-5.0,-3.0,2.0,3.0
1,-11.0,3.0,-9.0,-3.0,-6.0,-1.0,-5.0,-2.0,0.0,-1.0,-1.0,3.0,-5.0,-3.0,1.0,3.0
1,-11.0,4.0,-10.0,-5.0,-6.0,-2.0,-3.0,-1.0,0.0,1.0,-4.0,3.0,-4.0,-4.0,0.0,3.0
0,-10.0,5.0,-12.0,-6.0,-6.0,-3.0,-1.0,0.0,1.0,2.0,-7.0,4.0,-3.0,-4.0,-1.0,3.0
-1,-9.0,6.0,-12.0,-6.0,-6.0,-4.0,1.0,1.0,2.0,3.0,-9.0,4.0,-2.0,-5.0,-1.0,3.0
-1,-6.0,7.0,-13.0,-5.0,-6.0,-4.0,3.0,2.0,2.0,5.0,-10.0,5.0,-2.0,-4.0,-1.0,3.0
-1,-4.0,7.0,-13.0,-4.0,-6.0,-4.0,4.0,3.0,2.0,5.0,-11.0,5.0,-2.0,-4.0,-1.0,3.0
0,-1.0,7.0,-13.0,-2.0,-5.0,-5.0,4.0,4.0,2.0,5.0,-12.0,6.0,-2.0,-4.0,-1.0,3.0
1,1.0,6.0,-12.0,-1.0,-4.0,-5.0,5.0,4.0,3.0,5.0,-11.0,6.0,-1.0,-4.0,0.0,3.0
2,1.0,6.0,-12.0,0.0,-3.0,-5.0,4.0,4.0,3.0,4.0,-10.0,6.0,-1.0,-4.0,1.0,3.0
2,1.0,5.0,-11.0,0.0,-1.0,-6.0,4.0,4.0,3.0,3.0,-8.0,5.0,-1.0,-4.0,1.0,3.0
1,1.0,5.0,-10.0,0.0,-1.0,-6.0,3.0,2.0,4.0,2.0,-6.0,5.0,-2.0,-2.0,0.0,3.0
1,1.0,3.0,-9.0,0.0,0.0,-7.0,3.0,2.0,4.0,1.0,-3.0,6.0,-3.0,1.0,-1.0,3.0
1,1.0,3.0,-8.0,1.0,0.0,-6.0,2.0,2.0,3.0,0.0,0.0,7.0,-5.0,4.0,-1.0,3.0
1,2.0,2.0,-7.0,2.0,0.0,-6.0,2.0,3.0,3.0,-1.0,3.0,9.0,-7.0,5.0,-1.0,3.0
1,2.0,2.0,-5.0,3.0,0.0,-5.0,1.0,4.0,2.0,-2.0,5.0,11.0,-7.0,6.0,0.0,3.0
1,2.0,3.0,-4.0,3.0,1.0,-3.0,1.0,5.0,2.0,-2.0,6.0,12.0,-8.0,6.0,1.0,3.0
1,2.0,3.0,-2.0,3.0,2.0,-2.0,0.0,5.0,3.0,-2.0,8.0,12.0,-8.0,6.0,3.0,3.0
2,2.0,4.0,-1.0,3.0,3.0,0.0,-1.0,4.0,3.0,-2.0,9.0,11.0,-8.0,6.0,3.0,3.0
2,1.0,4.0,0.0,3.0,4.0,1.0,-1.0,3.0,2.0,-2.0,9.0,10.0,-7.0,6.0,3.0,3.0
1,1.0,4.0,0.0,3.0,4.0,2.0,-2.0,3.0,0.0,-2.0,8.0,8.0,-8.0,7.0,3.0,3.0
1,0.0,4.0,-1.0,2.0,3.0,3.0,-4.0,4.0,-1.0,-1.0,7.0,6.0,-8.0,7.0,3.0,3.0
0,0.0,5.0,-2.0,1.0,2.0,4.0,-4.0,3.0,-2.0,1.0,4.0,5.0,-7.0,6.0,3.0,3.0
1,0.0,6.0,-3.0,1.0,2.0,4.0,-4.0,3.0,-1.0,2.0,1.0,5.0,-7.0,5.0,2.0,3.0
1,0.0,7.0,-5.0,1.0,2.0,4.0,-4.0,2.0,1.0,4.0,-3.0,5.0,-7.0,5.0,0.0,3.0
2,0.0,8.0,-6.0,2.0,2.0,4.0,-3.0,1.0,2.0,5.0,-6.0,5.0,-6.0,5.0,-2.0,3.0
3,0.0,8.0,-6.0,2.0,2.0,3.0,-2.0,1.0,4.0,5.0,-9.0,6.0,-6.0,3.0,-3.0,3.0
4,0.0,8.0,-6.0,2.0,1.0,3.0,-1.0,2.0,5.0,5.0,-12.0,8.0,-6.0,2.0,-3.0,3.0
4,-1.0,7.0,-6.0,2.0,1.0,2.0,-1.0,4.0,5.0,4.0,-13.0,9.0,-5.0,-1.0,-3.0,3.0
4,-2.0,7.0,-5.0,2.0,0.0,2.0,0.0,6.0,5.0,4.0,-14.0,10.0,-4.0,-3.0,-2.0,3.0
4,-2.0,6.0,-5.0,2.0,-1.0,1.0,1.0,6.0,6.0,4.0,-14.0,10.0,-2.0,-4.0,-2.0,3.0
4,-2.0,5.0,-4.0,2.0,-1.0,1.0,1.0,5.0,7.0,5.0,-13.0,10.0,-1.0,-3.0,-2.0,3.0
5,-2.0,4.0,-3.0,3.0,-1.0,0.0,2.0,4.0,7.0,5.0,-11.0,9.0,-1.0,-1.0,-2.0,3.0
5,-1.0,3.0,-3.0,3.0,-1.0,0.0,2.0,2.0,7.0,5.0,-9.0,7.0,-2.0,1.0,-2.0,3.0
5,-1.0,2.0,-2.0,4.0,-1.0,-1.0,2.0,0.0,7.0,4.0,-7.0,6.0,-3.0,3.0,-1.0,3.0
5,0.0,1.0,-1.0,5.0,0.0,-1.0,1.0,-2.0,7.0,4.0,-5.0,6.0,-5.0,3.0,-1.0,3.0
5,0.0,1.0,-1.0,6.0,1.0,-2.0,1.0,-4.0,6.0,3.0,-3.0,5.0,-5.0,4.0,-1.0,3.0
4,0.0,1.0,0.0,5.0,2.0,-2.0,1.0,-4.0,6.0,2.0,-1.0,5.0,-5.0,4.0,-1.0,3.0
4,0.0,2.0,1.0,5.0,3.0,-2.0,1.0,-3.0,5.0,3.0,1.0,5.0,-4.0,6.0,-1.0,3.0
4,1.0,2.0,2.0,5.0,5.0,-2.0,0.0,-2.0,6.0,3.0,2.0,5.0,-3.0,8.0,-1.0,3.0
4,0.0,3.0,2.0,6.0,5.0,-1.0,0.0,-2.0,7.0,5.0,3.0,6.0,-2.0,10.0,-1.0,3.0
4,0.0,3.0,3.0,7.0,5.0,-1.0,-1.0,-1.0,8.0,6.0,4.0,6.0,-1.0,11.0,0.0,3.0
4,-1.0,4.0,3.0,8.0,4.0,0.0,-1.0,0.0,7.0,7.0,5.0,6.0,0.0,12.0,1.0,3.0
4,-1.0,4.0,3.0,8.0,3.0,0.0,-2.0,2.0,6.0,7.0,5.0,7.0,0.0,11.0,2.0,3.0
4,-2.0,4.0,2.0,8.0,2.0,0.0,-3.0,2.0,4.0,7.0,4.0,6.0,0.0,10.0,2.0,3.0
4,-2.0,4.0,0.0,8.0,1.0,0.0,-4.0,1.0,2.0,6.0,3.0,4.0,-1.0,8.0,2.0,3.0
4,-3.0,3.0,-2.0,8.0,-1.0,0.0,-5.0,-1.0,1.0,6.0,2.0,2.0,-2.0,8.0,1.0,3.0
5,-3.0,3.0,-5.0,8.0,-1.0,1.0,-6.0,-3.0,0.0,5.0,0.0,-1.0,-4.0,7.0,-1.0,3.0
5,-2.0,4.0,-6.0,7.0,-1.0,1.0,-7.0,-4.0,0.0,4.0,-2.0,-2.0,-5.0,7.0,-2.0,3.0
5,-1.0,5.0,-8.0,7.0,0.0,1.0,-7.0,-4.0,1.0,4.0,-4.0,-2.0,-6.0,7.0,-3.0,3.0
5,0.0,5.0,-9.0,6.0,2.0,1.0,-7.0,-3.0,2.0,3.0,-6.0,-1.0,-6.0,6.0,-3.0,3.0
5,1.0,6.0,-9.0,5.0,4.0,2.0,-7.0,-2.0,4.0,3.0,-8.0,-1.0,-5.0,5.0,-3.0,3.0
5,3.0,7.0,-8.0,4.0,6.0,3.0,-7.0,-3.0,7.0,3.0,-10.0,-1.0,-3.0,4.0,-3.0,3.0
4,4.0,7.0,-8.0,3.0,6.0,4.0,-7.0,-5.0,10.0,2.0,-11.0,-1.0,-2.0,3.0,-4.0,3.0
3,4.0,7.0,-7.0,3.0,6.0,6.0,-8.0,-6.0,11.0,2.0,-11.0,-1.0,-1.0,2.0,-4.0,3.0
2,4.0,6.0,-5.0,2.0,5.0,8.0,-8.0,-6.0,9.0,1.0,-10.0,-1.0,-2.0,1.0,-4.0,3.0
1,4.0,5.0,-4.0,2.0,4.0,10.0,-10.0,-6.0,5.0,-1.0,-8.0,-1.0,-4.0,0.0,-4.0,3.0
-1,3.0,5.0,-2.0,2.0,2.0,12.0,-11.0,-5.0,3.0,-2.0,-6.0,-1.0,-6.0,0.0,-4.0,3.0
-2,2.0,5.0,-1.0,3.0,1.0,13.0,-12.0,-6.0,2.0,-3.0,-5.0,-2.0,-6.0,0.0,-5.0,3.0
-2,2.0,4.0,-1.0,3.0,-1.0,13.0,-13.0,-5.0,1.0,-3.0,-4.0,-1.0,-5.0,0.0,-6.0,3.0
-2,2.0,4.0,-1.0,5.0,-2.0,12.0,-13.0,-4.0,2.0,-2.0,-4.0,0.0,-3.0,1.0,-7.0,3.0
-2,2.0,4.0,-2.0,6.0,-2.0,10.0,-12.0,-3.0,3.0,-2.0,-5.0,2.0,-2.0,1.0,-7.0,3.0
-1,3.0,4.0,-2.0,8.0,-2.0,8.0,-10.0,-1.0,6.0,-1.0,-6.0,3.0,1.0,1.0,-7.0,3.0
0,4.0,4.0,-3.0,9.0,-1.0,5.0,-8.0,-1.0,9.0,0.0,-7.0,5.0,3.0,-1.0,-6.0,3.0
1,4.0,4.0,-4.0,9.0,-1.0,2.0,-6.0,-1.0,11.0,1.0,-8.0,6.0,5.0,-2.0,-5.0,3.0
1,4.0,3.0,-4.0,9.0,-2.0,0.0,-3.0,-1.0,12.0,2.0,-8.0,6.0,7.0,-4.0,-3.0,3.0
0,3.0,3.0,-4.0,8.0,-4.0,-2.0,-1.0,-1.0,12.0,3.0,-8.0,6.0,8.0,-6.0,-3.0,3.0
0,1.0,2.0,-3.0,7.0,-6.0,-2.0,1.0,-1.0,10.0,4.0,-7.0,6.0,9.0,-7.0,-2.0,3.0
-1,0.0,1.0,-3.0,6.0,-10.0,-3.0,3.0,-2.0,7.0,4.0,-6.0,5.0,8.0,-7.0,-2.0,3.0
-2,-2.0,0.0,-3.0,6.0,-13.0,-3.0,4.0,-3.0,4.0,4.0,-5.0,3.0,5.0,-6.0,-2.0,3.0
-2,-2.0,-1.0,-4.0,6.0,-17.0,-3.0,4.0,-4.0,1.0,4.0,-4.0,0.0,3.0,-5.0,-1.0,3.0
-2,-3.0,-1.0,-5.0,7.0,-19.0,-3.0,3.0,-6.0,-1.0,3.0,-2.0,-2.0,0.0,-3.0,-1.0,3.0
-2,-4.0,-2.0,-6.0,7.0,-20.0,-4.0,2.0,-7.0,-3.0,3.0,-1.0,-4.0,-2.0,-2.0,0.0,3.0
-1,-5.0,-2.0,-7.0,8.0,-20.0,-4.0,2.0,-8.0,-4.0,3.0,1.0,-5.0,-3.0,-2.0,1.0,3.0
-1,-7.0,-2.0,-7.0,8.0,-21.0,-4.0,1.0,-9.0,-5.0,2.0,3.0,-5.0,-4.0,-3.0,3.0,3.0
-2,-8.0,-3.0,-6.0,7.0,-21.0,-3.0,-1.0,-11.0,-5.0,0.0,5.0,-6.0,-5.0,-4.0,4.0,3.0
-4,-9.0,-3.0,-4.0,4.0,-20.0,-2.0,-2.0,-13.0,-5.0,-2.0,7.0,-8.0,-6.0,-5.0,5.0,3.0
-7,-9.0,-4.0,-1.0,2.0,-20.0,-1.0,-3.0,-14.0,-7.0,-3.0,9.0,-9.0,-6.0,-5.0,6.0,3.0
-9,-9.0,-5.0,1.0,-1.0,-19.0,1.0,-3.0,-14.0,-9.0,-5.0,11.0,-10.0,-7.0,-5.0,5.0,3.0
-9,-8.0,-5.0,3.0,-2.0,-17.0,2.0,-3.0,-14.0,-10.0,-6.0,12.0,-11.0,-7.0,-3.0,4.0,3.0
-9,-6.0,-5.0,4.0,-2.0,-14.0,3.0,-3.0,-12.0,-9.0,-7.0,13.0,-10.0,-7.0,-2.0,3.0,3.0
-8,-5.0,-4.0,5.0,-2.0,-10.0,4.0,-3.0,-10.0,-8.0,-7.0,12.0,-7.0,-5.0,-1.0,1.0,3.0
-7,-3.0,-2.0,6.0,-2.0,-7.0,5.0,-2.0,-7.0,-5.0,-8.0,12.0,-5.0,-3.0,-1.0,0.0,3.0
-6,0.0,-1.0,6.0,-2.0,-3.0,6.0,-2.0,-4.0,-3.0,-8.0,11.0,-2.0,-1.0,0.0,-1.0,3.0
-5,2.0,1.0,6.0,-3.0,0.0,7.0,-1.0,-1.0,0.0,-8.0,9.0,1.0,2.0,0.0,-3.0,3.0
-4,4.0,2.0,5.0,-2.0,2.0,7.0,0.0,2.0,2.0,-7.0,7.0,2.0,5.0,1.0,-4.0,3.0
-3,6.0,3.0,5.0,-1.0,4.0,8.0,0.0,4.0,3.0,-6.0,5.0,2.0,7.0,-1.0,-4.0,3.0
-2,8.0,4.0,4.0,1.0,4.0,9.0,0.0,5.0,4.0,-5.0,2.0,2.0,10.0,-2.0,-4.0,3.0
-1,8.0,4.0,3.0,1.0,5.0,8.0,1.0,6.0,5.0,-3.0,-1.0,2.0,13.0,-5.0,-3.0,3.0
-1,8.0,5.0,2.0,0.0,6.0,8.0,1.0,5.0,7.0,-2.0,-3.0,2.0,16.0,-8.0,-2.0,3.0
-1,7.0,5.0,1.0,-2.0,6.0,7.0,2.0,4.0,10.0,-1.0,-5.0,2.0,18.0,-10.0,-1.0,3.0
-1,6.0,4.0,0.0,-4.0,6.0,5.0,3.0,2.0,13.0,-1.0,-6.0,3.0,18.0,-12.0,-1.0,3.0
-1,5.0,3.0,-2.0,-6.0,5.0,4.0,3.0,-1.0,14.0,-1.0,-7.0,2.0,17.0,-12.0,-2.0,3.0
-2,4.0,2.0,-4.0,-7.0,3.0,2.0,3.0,-3.0,14.0,-2.0,-8.0,1.0,15.0,-12.0,-2.0,3.0
-3,3.0,1.0,-7.0,-8.0,1.0,-1.0,3.0,-4.0,12.0,-4.0,-8.0,-2.0,13.0,-13.0,-2.0,3.0
-3,2.0,-1.0,-9.0,-9.0,-2.0,-3.0,2.0,-4.0,8.0,-6.0,-7.0,-4.0,10.0,-13.0,-2.0,3.0
-3,0.0,-3.0,-11.0,-10.0,-5.0,-4.0,2.0,-4.0,3.0,-7.0,-6.0,-6.0,7.0,-13.0,-3.0,3.0
-3,-1.0,-5.0,-12.0,-11.0,-7.0,-6.0,2.0,-4.0,-1.0,-9.0,-4.0,-7.0,4.0,-11.0,-4.0,3.0
-4,-3.0,-6.0,-12.0,-12.0,-8.0,-7.0,2.0,-4.0,-5.0,-10.0,-1.0,-8.0,0.0,-9.0,-4.0,3.0
-4,-4.0,-7.0,-11.0,-12.0,-9.0,-7.0,3.0,-6.0,-8.0,-11.0,1.0,-10.0,-3.0,-7.0,-4.0,3.0
-5,-6.0,-8.0,-9.0,-13.0,-9.0,-8.0,3.0,-8.0,-10.0,-12.0,3.0,-13.0,-4.0,-7.0,-3.0,3.0
-5,-6.0,-8.0,-7.0,-13.0,-9.0,-7.0,3.0,-9.0,-12.0,-12.0,5.0,-15.0,-4.0,-9.0,0.0,3.0
-5,-6.0,-8.0,-5.0,-13.0,-7.0,-6.0,3.0,-9.0,-12.0,-12.0,6.0,-16.0,-4.0,-10.0,2.0,3.0
-4,-5.0,-8.0,-3.0,-12.0,-6.0,-5.0,3.0,-8.0,-10.0,-12.0,6.0,-14.0,-3.0,-12.0,5.0,3.0
-3,-3.0,-7.0,-2.0,-10.0,-5.0,-5.0,4.0,-5.0,-8.0,-12.0,4.0,-12.0,-3.0,-11.0,5.0,3.0
-2,-1.0,-6.0,-2.0,-8.0,-3.0,-4.0,5.0,-3.0,-7.0,-11.0,3.0,-10.0,-3.0,-9.0,6.0,3.0
-1,2.0,-5.0,-1.0,-6.0,-1.0,-3.0,5.0,-1.0,-5.0,-9.0,1.0,-9.0,-3.0,-7.0,5.0,3.0
-1,5.0,-4.0,0.0,-5.0,2.0,-2.0,5.0,0.0,-3.0,-7.0,0.0,-8.0,-3.0,-5.0,5.0,3.0
-1,7.0,-4.0,1.0,-4.0,4.0,-1.0,5.0,-1.0,-2.0,-6.0,-1.0,-8.0,-1.0,-4.0,5.0,3.0
-1,8.0,-3.0,2.0,-3.0,6.0,0.0,4.0,-1.0,-1.0,-4.0,-2.0,-8.0,1.0,-3.0,3.0,3.0
-1,9.0,-2.0,3.0,-3.0,7.0,2.0,3.0,0.0,1.0,-2.0,-2.0,-6.0,4.0,-2.0,2.0,3.0
-1,9.0,-1.0,4.0,-2.0,8.0,4.0,2.0,0.0,5.0,1.0,-2.0,-3.0,6.0,-2.0,2.0,3.0
-1,10.0,0.0,5.0,0.0,8.0,6.0,1.0,-1.0,8.0,2.0,-2.0,-1.0,8.0,-2.0,3.0,3.0
-1,10.0,1.0,6.0,1.0,8.0,7.0,0.0,-1.0,12.0,3.0,-2.0,2.0,10.0,-3.0,4.0,3.0
0,10.0,1.0,7.0,2.0,8.0,9.0,-1.0,-2.0,14.0,4.0,-1.0,3.0,11.0,-4.0,5.0,3.0
0,9.0,1.0,7.0,2.0,7.0,9.0,-1.0,-2.0,14.0,3.0,-1.0,3.0,11.0,-5.0,6.0,3.0
1,7.0,1.0,7.0,1.0,6.0,9.0,-1.0,-1.0,12.0,2.0,-1.0,2.0,10.0,-5.0,6.0,3.0
1,6.0,-1.0,7.0,0.0,5.0,7.0,0.0,2.0,9.0,1.0,-1.0,1.0,8.0,-5.0,6.0,3.0
2,4.0,-2.0,6.0,-1.0,4.0,6.0,1.0,4.0,5.0,-1.0,-1.0,0.0,7.0,-5.0,4.0,3.0
2,2.0,-3.0,6.0,-1.0,1.0,4.0,2.0,4.0,3.0,-3.0,0.0,-1.0,6.0,-5.0,3.0,3.0
2,1.0,-5.0,5.0,-2.0,-1.0,2.0,4.0,3.0,1.0,-4.0,0.0,-2.0,5.0,-5.0,2.0,3.0
2,-1.0,-6.0,4.0,-2.0,-3.0,0.0,4.0,2.0,0.0,-4.0,1.0,-2.0,4.0,-4.0,2.0,3.0
1,-2.0,-7.0,3.0,-2.0,-5.0,-1.0,4.0,0.0,0.0,-4.0,2.0,-4.0,3.0,-2.0,1.0,3.0
1,-4.0,-7.0,2.0,-3.0,-7.0,-2.0,4.0,-3.0,-1.0,-3.0,2.0,-5.0,1.0,0.0,-1.0,3.0
0,-4.0,-7.0,1.0,-3.0,-8.0,-3.0,3.0,-4.0,-2.0,-3.0,2.0,-7.0,0.0,1.0,-1.0,3.0
0,-5.0,-7.0,-1.0,-3.0,-9.0,-3.0,3.0,-5.0,-2.0,-3.0,1.0,-8.0,-1.0,-1.0,0.0,3.0
-1,-5.0,-7.0,-2.0,-4.0,-9.0,-3.0,2.0,-5.0,-2.0,-4.0,0.0,-9.0,-1.0,-2.0,0.0,3.0
-2,-5.0,-6.0,-4.0,-6.0,-9.0,-4.0,2.0,-5.0,-2.0,-5.0,-2.0,-10.0,0.0,-4.0,1.0,3.0
-4,-5.0,-6.0,-5.0,-8.0,-8.0,-4.0,3.0,-5.0,-1.0,-5.0,-4.0,-11.0,1.0,-5.0,1.0,3.0
-4,-3.0,-5.0,-6.0,-10.0,-6.0,-5.0,3.0,-5.0,0.0,-5.0,-5.0,-12.0,2.0,-5.0,1.0,3.0
-4,-2.0,-3.0,-7.0,-11.0,-3.0,-6.0,4.0,-4.0,1.0,-3.0,-7.0,-12.0,3.0,-4.0,1.0,3.0
-3,1.0,-2.0,-7.0,-10.0,0.0,-6.0,4.0,-3.0,2.0,-1.0,-8.0,-12.0,4.0,-3.0,1.0,3.0
-2,3.0,1.0,-7.0,-8.0,4.0,-6.0,5.0,-3.0,3.0,2.0,-8.0,-11.0,6.0,-2.0,1.0,3.0
0,5.0,3.0,-7.0,-6.0,6.0,-5.0,5.0,-1.0,4.0,5.0,-9.0,-10.0,8.0,-2.0,2.0,3.0
0,6.0,5.0,-7.0,-5.0,8.0,-4.0,5.0,1.0,4.0,7.0,-10.0,-10.0,10.0,-1.0,2.0,3.0
0,7.0,6.0,-7.0,-4.0,8.0,-3.0,4.0,2.0,4.0,9.0,-12.0,-9.0,12.0,0.0,1.0,3.0
0,8.0,8.0,-8.0,-2.0,9.0,-2.0,3.0,1.0,6.0,11.0,-12.0,-8.0,13.0,1.0,1.0,3.0
0,9.0,8.0,-8.0,1.0,8.0,-1.0,1.0,0.0,8.0,12.0,-13.0,-8.0,13.0,1.0,0.0,3.0
1,9.0,7.0,-9.0,4.0,7.0,-1.0,-2.0,-2.0,9.0,12.0,-13.0,-7.0,13.0,-1.0,0.0,3.0
1,9.0,6.0,-8.0,7.0,5.0,-1.0,-4.0,-3.0,10.0,11.0,-13.0,-6.0,13.0,-2.0,0.0,3.0
2,7.0,4.0,-8.0,9.0,4.0,-2.0,-7.0,-4.0,9.0,9.0,-12.0,-6.0,12.0,-5.0,1.0,3.0
2,5.0,1.0,-7.0,10.0,1.0,-2.0,-9.0,-4.0,6.0,6.0,-9.0,-6.0,10.0,-7.0,2.0,3.0
2,1.0,-2.0,-6.0,10.0,-1.0,-2.0,-12.0,-3.0,2.0,3.0,-7.0,-6.0,8.0,-8.0,2.0,3.0
2,-2.0,-5.0,-6.0,8.0,-2.0,-3.0,-14.0,-3.0,-2.0,-1.0,-4.0,-7.0,5.0,-9.0,1.0,3.0
1,-6.0,-7.0,-7.0,5.0,-4.0,-3.0,-16.0,-3.0,-5.0,-3.0,-3.0,-8.0,2.0,-8.0,0.0,3.0
1,-9.0,-8.0,-9.0,3.0,-6.0,-4.0,-18.0,-3.0,-7.0,-6.0,-4.0,-9.0,-1.0,-8.0,-2.0,3.0
1,-10.0,-9.0,-12.0,1.0,-7.0,-5.0,-19.0,-3.0,-8.0,-8.0,-5.0,-9.0,-4.0,-8.0,-3.0,3.0
1,-10.0,-10.0,-14.0,1.0,-8.0,-6.0,-20.0,-2.0,-9.0,-9.0,-7.0,-9.0,-5.0,-10.0,-4.0,3.0
2,-10.0,-10.0,-16.0,2.0,-9.0,-6.0,-22.0,-1.0,-10.0,-10.0,-8.0,-8.0,-5.0,-12.0,-4.0,3.0
2,-10.0,-10.0,-16.0,4.0,-10.0,-5.0,-23.0,0.0,-11.0,-10.0,-10.0,-8.0,-5.0,-14.0,-4.0,3.0
3,-11.0,-10.0,-16.0,6.0,-11.0,-4.0,-24.0,-1.0,-11.0,-9.0,-12.0,-9.0,-5.0,-15.0,-4.0,3.0
4,-11.0,-9.0,-15.0,8.0,-11.0,-4.0,-24.0,-2.0,-11.0,-7.0,-13.0,-10.0,-4.0,-14.0,-4.0,3.0
4,-10.0,-8.0,-15.0,10.0,-11.0,-5.0,-22.0,-4.0,-9.0,-5.0,-14.0,-10.0,-4.0,-12.0,-4.0,3.0
3,-9.0,-7.0,-14.0,10.0,-11.0,-6.0,-19.0,-5.0,-6.0,-3.0,-13.0,-10.0,-4.0,-10.0,-3.0,3.0
2,-8.0,-6.0,-14.0,11.0,-11.0,-8.0,-16.0,-6.0,-2.0,-2.0,-13.0,-10.0,-4.0,-9.0,-1.0,3.0
2,-6.0,-5.0,-13.0,11.0,-11.0,-10.0,-13.0,-7.0,1.0,0.0,-12.0,-10.0,-2.0,-7.0,2.0,3.0
1,-5.0,-4.0,-12.0,11.0,-10.0,-11.0,-10.0,-7.0,3.0,2.0,-11.0,-9.0,-1.0,-6.0,3.0,3.0
1,-4.0,-4.0,-12.0,11.0,-10.0,-12.0,-8.0,-5.0,3.0,4.0,-10.0,-7.0,0.0,-5.0,3.0,3.0
1,-2.0,-4.0,-11.0,11.0,-10.0,-12.0,-6.0,-3.0,1.0,6.0,-8.0,-6.0,1.0,-2.0,3.0,3.0
1,-1.0,-3.0,-10.0,12.0,-10.0,-11.0,-5.0,-1.0,0.0,8.0,-6.0,-4.0,1.0,2.0,3.0,3.0
1,-1.0,-3.0,-9.0,13.0,-11.0,-9.0,-5.0,0.0,-1.0,9.0,-3.0,-3.0,1.0,5.0,3.0,3.0
1,-1.0,-3.0,-7.0,13.0,-11.0,-7.0,-5.0,0.0,-1.0,9.0,1.0,-2.0,0.0,7.0,3.0,3.0
0,-3.0,-3.0,-4.0,13.0,-12.0,-5.0,-5.0,-2.0,0.0,8.0,5.0,0.0,0.0,8.0,4.0,3.0
-1,-5.0,-3.0,-1.0,12.0,-14.0,-3.0,-5.0,-3.0,1.0,8.0,10.0,1.0,-1.0,10.0,5.0,3.0
-3,-7.0,-3.0,3.0,10.0,-15.0,-1.0,-5.0,-4.0,0.0,8.0,15.0,3.0,-2.0,12.0,5.0,3.0
-5,-10.0,-4.0,6.0,8.0,-16.0,0.0,-5.0,-5.0,-3.0,7.0,19.0,3.0,-4.0,13.0,6.0,3.0
-7,-12.0,-4.0,8.0,6.0,-17.0,1.0,-5.0,-5.0,-6.0,6.0,22.0,2.0,-6.0,14.0,6.0,3.0
-9,-14.0,-4.0,9.0,4.0,-18.0,1.0,-6.0,-6.0,-9.0,4.0,23.0,2.0,-8.0,13.0,6.0,3.0
-10,-16.0,-4.0,10.0,3.0,-19.0,2.0,-6.0,-6.0,-10.0,3.0,22.0,1.0,-9.0,12.0,5.0,3.0
-10,-18.0,-3.0,10.0,2.0,-19.0,2.0,-6.0,-7.0,-10.0,2.0,20.0,0.0,-11.0,10.0,4.0,3.0
-9,-18.0,-3.0,9.0,2.0,-19.0,3.0,-7.0,-7.0,-10.0,1.0,17.0,1.0,-11.0,9.0,3.0,3.0
-7,-17.0,-3.0,9.0,3.0,-18.0,4.0,-7.0,-5.0,-10.0,0.0,13.0,2.0,-12.0,6.0,2.0,3.0
-6,-16.0,-3.0,8.0,3.0,-17.0,5.0,-8.0,-3.0,-10.0,-1.0,9.0,3.0,-12.0,3.0,2.0,3.0
-5,-14.0,-3.0,7.0,4.0,-15.0,5.0,-9.0,-1.0,-10.0,-1.0,5.0,3.0,-12.0,0.0,2.0,3.0
-5,-12.0,-2.0,5.0,4.0,-13.0,5.0,-10.0,0.0,-10.0,-1.0,2.0,3.0,-12.0,-2.0,3.0,3.0
-4,-11.0,-2.0,3.0,5.0,-12.0,4.0,-11.0,1.0,-10.0,-2.0,0.0,2.0,-12.0,-4.0,4.0,3.0
-4,-9.0,-1.0,1.0,6.0,-10.0,3.0,-12.0,1.0,-9.0,-1.0,-2.0,1.0,-10.0,-5.0,3.0,3.0
-2,-7.0,-1.0,-2.0,7.0,-8.0,2.0,-13.0,1.0,-8.0,0.0,-2.0,0.0,-9.0,-4.0,2.0,3.0
-1,-6.0,0.0,-4.0,7.0,-6.0,2.0,-13.0,0.0,-7.0,2.0,-3.0,0.0,-6.0,-2.0,1.0,3.0
0,-4.0,1.0,-6.0,7.0,-3.0,1.0,-13.0,0.0,-6.0,4.0,-4.0,-1.0,-5.0,-1.0,1.0,3.0
0,-3.0,2.0,-8.0,6.0,-1.0,1.0,-13.0,0.0,-5.0,5.0,-5.0,-2.0,-3.0,0.0,0.0,3.0
0,-3.0,3.0,-8.0,4.0,0.0,1.0,-13.0,0.0,-5.0,6.0,-5.0,-3.0,-2.0,1.0,0.0,3.0
-1,-3.0,3.0,-7.0,3.0,1.0,1.0,-12.0,-2.0,-4.0,6.0,-4.0,-4.0,-2.0,2.0,0.0,3.0
-1,-3.0,2.0,-6.0,2.0,0.0,1.0,-11.0,-4.0,-3.0,6.0,-3.0,-5.0,-2.0,3.0,0.0,3.0
-1,-3.0,2.0,-4.0,2.0,-1.0,1.0,-9.0,-5.0,-2.0,6.0,-1.0,-5.0,-1.0,4.0,1.0,3.0
-1,-3.0,1.0,-2.0,2.0,-2.0,1.0,-6.0,-5.0,-1.0,6.0,1.0,-5.0,0.0,5.0,2.0,3.0
0,-3.0,1.0,0.0,2.0,-2.0,1.0,-3.0,-5.0,1.0,7.0,3.0,-5.0,2.0,7.0,3.0,3.0
0,-3.0,1.0,2.0,2.0,-2.0,1.0,-1.0,-3.0,2.0,8.0,5.0,-5.0,4.0,8.0,4.0,3.0
0,-4.0,0.0,3.0,1.0,-3.0,0.0,1.0,-2.0,2.0,9.0,7.0,-5.0,6.0,10.0,5.0,3.0
1,-5.0,0.0,5.0,1.0,-3.0,0.0,3.0,-1.0,3.0,10.0,9.0,-4.0,6.0,12.0,5.0,3.0
1,-6.0,0.0,6.0,1.0,-4.0,0.0,4.0,-1.0,3.0,10.0,11.0,-3.0,6.0,15.0,5.0,3.0
1,-7.0,1.0,7.0,1.0,-4.0,1.0,4.0,-2.0,3.0,9.0,13.0,-2.0,5.0,17.0,4.0,3.0
2,-8.0,2.0,8.0,1.0,-4.0,1.0,6.0,-3.0,3.0,9.0,15.0,-1.0,3.0,18.0,4.0,3.0
2,-8.0,4.0,9.0,1.0,-3.0,2.0,7.0,-2.0,2.0,9.0,16.0,1.0,2.0,17.0,5.0,3.0
3,-7.0,5.0,8.0,2.0,-2.0,1.0,9.0,-1.0,2.0,9.0,14.0,2.0,2.0,15.0,6.0,3.0
3,-6.0,7.0,7.0,1.0,-1.0,1.0,10.0,1.0,1.0,9.0,12.0,3.0,1.0,12.0,7.0,3.0
4,-5.0,8.0,5.0,0.0,-1.0,0.0,11.0,1.0,1.0,8.0,9.0,4.0,0.0,9.0,6.0,3.0
4,-3.0,8.0,2.0,-1.0,1.0,-1.0,11.0,3.0,0.0,7.0,5.0,4.0,0.0,6.0,5.0,3.0
4,-2.0,7.0,-1.0,-3.0,1.0,-2.0,11.0,4.0,-1.0,5.0,2.0,4.0,-1.0,4.0,2.0,3.0
4,-2.0,7.0,-4.0,-4.0,2.0,-3.0,10.0,5.0,-3.0,4.0,-1.0,4.0,-1.0,3.0,0.0,3.0
3,-2.0,6.0,-6.0,-6.0,2.0,-3.0,8.0,5.0,-3.0,2.0,-3.0,3.0,-1.0,1.0,-3.0,3.0
2,-3.0,5.0,-8.0,-8.0,2.0,-4.0,7.0,3.0,-3.0,1.0,-5.0,2.0,-1.0,0.0,-5.0,3.0
2,-3.0,5.0,-9.0,-9.0,3.0,-4.0,5.0,1.0,-2.0,-1.0,-6.0,1.0,-1.0,-1.0,-6.0,3.0
2,-2.0,5.0,-10.0,-9.0,5.0,-4.0,3.0,0.0,-1.0,-2.0,-6.0,0.0,-1.0,-1.0,-7.0,3.0
3,-1.0,4.0,-11.0,-8.0,7.0,-4.0,1.0,1.0,-1.0,-3.0,-6.0,1.0,-1.0,-1.0,-7.0,3.0
5,1.0,3.0,-10.0,-6.0,9.0,-4.0,-1.0,4.0,-1.0,-4.0,-6.0,1.0,-1.0,-1.0,-7.0,3.0
6,3.0,3.0,-10.0,-5.0,11.0,-3.0,-3.0,6.0,-2.0,-4.0,-7.0,2.0,0.0,-2.0,-6.0,3.0
6,5.0,3.0,-10.0,-3.0,14.0,-2.0,-4.0,7.0,-1.0,-5.0,-9.0,1.0,0.0,-3.0,-5.0,3.0
6,7.0,4.0,-10.0,-3.0,16.0,0.0,-5.0,6.0,0.0,-5.0,-10.0,-2.0,0.0,-3.0,-4.0,3.0
6,9.0,5.0,-9.0,-3.0,19.0,2.0,-6.0,3.0,2.0,-5.0,-12.0,-5.0,-1.0,-3.0,-3.0,3.0
6,11.0,6.0,-9.0,-4.0,21.0,4.0,-7.0,1.0,4.0,-4.0,-13.0,-7.0,-1.0,-3.0,-3.0,3.0
6,12.0,6.0,-8.0,-5.0,23.0,5.0,-8.0,0.0,6.0,-3.0,-12.0,-7.0,0.0,-1.0,-2.0,3.0
5,12.0,7.0,-7.0,-5.0,24.0,7.0,-8.0,0.0,7.0,-1.0,-11.0,-6.0,2.0,0.0,-1.0,3.0
5,12.0,8.0,-5.0,-5.0,25.0,8.0,-8.0,1.0,7.0,1.0,-8.0,-3.0,4.0,1.0,1.0,3.0
6,12.0,9.0,-2.0,-4.0,26.0,9.0,-7.0,2.0,7.0,3.0,-4.0,-1.0,6.0,1.0,2.0,3.0
7,12.0,10.0,0.0,-2.0,26.0,10.0,-5.0,3.0,7.0,5.0,-1.0,2.0,7.0,3.0,3.0,3.0
8,13.0,11.0,3.0,1.0,26.0,11.0,-3.0,3.0,7.0,6.0,3.0,3.0,7.0,4.0,4.0,3.0
9,13.0,12.0,4.0,3.0,26.0,11.0,-2.0,4.0,6.0,7.0,5.0,4.0,7.0,6.0,6.0,3.0
10,14.0,11.0,5.0,5.0,25.0,11.0,0.0,5.0,6.0,8.0,6.0,5.0,7.0,7.0,7.0,3.0
10,13.0,11.0,5.0,6.0,23.0,10.0,1.0,6.0,7.0,8.0,6.0,5.0,7.0,7.0,7.0,3.0
10,12.0,10.0,4.0,6.0,21.0,9.0,1.0,7.0,7.0,7.0,6.0,5.0,6.0,8.0,7.0,3.0
10,11.0,9.0,2.0,5.0,19.0,7.0,2.0,8.0,6.0,6.0,4.0,5.0,5.0,8.0,6.0,3.0
10,9.0,7.0,0.0,3.0,17.0,5.0,2.0,9.0,3.0,5.0,3.0,5.0,4.0,7.0,5.0,3.0
10,7.0,6.0,-2.0,0.0,15.0,4.0,2.0,10.0,1.0,4.0,1.0,4.0,3.0,4.0,5.0,3.0
9,5.0,5.0,-4.0,-4.0,14.0,2.0,2.0,10.0,0.0,2.0,-1.0,4.0,3.0,0.0,4.0,3.0
9,3.0,3.0,-5.0,-7.0,14.0,1.0,2.0,10.0,-1.0,-1.0,-3.0,3.0,4.0,-4.0,3.0,3.0
9,2.0,2.0,-6.0,-9.0,14.0,0.0,2.0,9.0,-1.0,-3.0,-4.0,2.0,4.0,-7.0,1.0,3.0
9,1.0,1.0,-6.0,-11.0,14.0,-1.0,2.0,8.0,-1.0,-5.0,-5.0,3.0,4.0,-9.0,-1.0,3.0
8,1.0,0.0,-6.0,-13.0,14.0,-1.0,2.0,8.0,-2.0,-6.0,-6.0,3.0,4.0,-10.0,-4.0,3.0
7,1.0,-1.0,-6.0,-14.0,14.0,0.0,2.0,9.0,-4.0,-6.0,-7.0,5.0,4.0,-10.0,-6.0,3.0
5,2.0,-1.0,-5.0,-14.0,14.0,0.0,2.0,11.0,-5.0,-6.0,-8.0,6.0,4.0,-11.0,-7.0,3.0
4,4.0,0.0,-4.0,-14.0,14.0,1.0,2.0,12.0,-6.0,-6.0,-8.0,7.0,4.0,-11.0,-8.0,3.0
2,6.0,1.0,-3.0,-13.0,14.0,2.0,3.0,12.0,-6.0,-5.0,-9.0,8.0,4.0,-11.0,-8.0,3.0
2,8.0,2.0,-2.0,-10.0,16.0,2.0,4.0,13.0,-6.0,-4.0,-9.0,9.0,4.0,-11.0,-7.0,3.0
2,11.0,4.0,0.0,-7.0,17.0,3.0,4.0,13.0,-4.0,-3.0,-8.0,10.0,5.0,-10.0,-6.0,3.0
3,13.0,5.0,1.0,-4.0,19.0,3.0,4.0,12.0,-1.0,-1.0,-8.0,11.0,5.0,-9.0,-5.0,3.0
4,14.0,6.0,2.0,-2.0,20.0,3.0,5.0,10.0,2.0,0.0,-8.0,10.0,6.0,-8.0,-4.0,3.0
5,16.0,8.0,2.0,1.0,21.0,4.0,5.0,7.0,5.0,1.0,-8.0,9.0,8.0,-7.0,-4.0,3.0
6,17.0,9.0,2.0,3.0,22.0,3.0,6.0,5.0,7.0,3.0,-8.0,7.0,9.0,-6.0,-3.0,3.0
6,19.0,10.0,2.0,5.0,22.0,3.0,6.0,5.0,8.0,4.0,-8.0,5.0,10.0,-5.0,-1.0,3.0
7,20.0,11.0,3.0,7.0,23.0,3.0,7.0,5.0,8.0,6.0,-7.0,5.0,11.0,-3.0,0.0,3.0
7,20.0,11.0,4.0,8.0,23.0,4.0,8.0,5.0,8.0,7.0,-4.0,5.0,12.0,-2.0,1.0,3.0
7,20.0,11.0,5.0,9.0,23.0,4.0,7.0,6.0,9.0,8.0,-2.0,6.0,12.0,1.0,2.0,3.0
7,18.0,10.0,7.0,9.0,21.0,5.0,6.0,6.0,9.0,8.0,1.0,8.0,12.0,3.0,3.0,3.0
6,16.0,9.0,8.0,10.0,19.0,6.0,5.0,8.0,9.0,8.0,4.0,10.0,11.0,4.0,2.0,3.0
6,14.0,7.0,10.0,11.0,16.0,6.0,4.0,10.0,7.0,7.0,5.0,12.0,10.0,5.0,2.0,3.0
5,13.0,4.0,10.0,11.0,13.0,6.0,3.0,11.0,6.0,6.0,6.0,14.0,10.0,5.0,0.0,3.0
5,12.0,2.0,11.0,12.0,11.0,5.0,3.0,12.0,5.0,4.0,7.0,14.0,9.0,5.0,-1.0,3.0
5,11.0,0.0,10.0,12.0,9.0,4.0,3.0,12.0,4.0,3.0,6.0,14.0,10.0,4.0,-2.0,3.0
5,9.0,-2.0,10.0,11.0,6.0,2.0,4.0,11.0,4.0,2.0,6.0,13.0,10.0,1.0,-2.0,3.0
5,7.0,-4.0,10.0,9.0,4.0,1.0,5.0,9.0,3.0,1.0,6.0,11.0,9.0,-2.0,-1.0,3.0
4,5.0,-5.0,10.0,7.0,2.0,0.0,5.0,6.0,1.0,1.0,5.0,9.0,8.0,-4.0,0.0,3.0
3,3.0,-6.0,10.0,5.0,0.0,-1.0,6.0,6.0,-2.0,0.0,4.0,8.0,6.0,-6.0,0.0,3.0
3,2.0,-6.0,9.0,4.0,-2.0,-1.0,6.0,6.0,-5.0,-1.0,4.0,7.0,4.0,-7.0,0.0,3.0
2,1.0,-5.0,8.0,4.0,-3.0,-2.0,6.0,7.0,-6.0,-2.0,4.0,7.0,3.0,-6.0,-2.0,3.0
2,0.0,-4.0,7.0,4.0,-3.0,-2.0,6.0,7.0,-7.0,-3.0,4.0,8.0,2.0,-5.0,-3.0,3.0
2,0.0,-4.0,5.0,3.0,-4.0,-2.0,6.0,8.0,-7.0,-2.0,4.0,9.0,1.0,-4.0,-5.0,3.0
1,-1.0,-3.0,4.0,3.0,-4.0,-2.0,6.0,8.0,-7.0,-1.0,5.0,11.0,2.0,-2.0,-6.0,3.0
1,-1.0,-2.0,4.0,2.0,-5.0,-2.0,7.0,7.0,-6.0,1.0,6.0,13.0,3.0,-1.0,-6.0,3.0
1,-1.0,-1.0,4.0,1.0,-6.0,-1.0,8.0,8.0,-5.0,2.0,8.0,14.0,4.0,1.0,-7.0,3.0
1,-1.0,-1.0,5.0,1.0,-6.0,0.0,9.0,8.0,-5.0,3.0,10.0,16.0,5.0,3.0,-7.0,3.0
2,0.0,0.0,6.0,1.0,-5.0,1.0,11.0,10.0,-4.0,3.0,11.0,17.0,6.0,4.0,-7.0,3.0
2,1.0,1.0,7.0,0.0,-3.0,2.0,13.0,11.0,-3.0,4.0,11.0,17.0,7.0,5.0,-7.0,3.0
3,3.0,2.0,8.0,-1.0,-2.0,4.0,14.0,10.0,-2.0,4.0,11.0,18.0,9.0,4.0,-7.0,3.0
3,4.0,3.0,9.0,-1.0,0.0,5.0,14.0,9.0,0.0,4.0,10.0,17.0,9.0,4.0,-6.0,3.0
3,5.0,5.0,9.0,0.0,2.0,7.0,14.0,8.0,2.0,4.0,9.0,17.0,10.0,3.0,-6.0,3.0
3,6.0,6.0,10.0,1.0,4.0,8.0,13.0,7.0,4.0,4.0,8.0,16.0,10.0,3.0,-5.0,3.0
4,7.0,7.0,11.0,2.0,5.0,10.0,11.0,5.0,4.0,5.0,8.0,15.0,9.0,2.0,-4.0,3.0
4,8.0,7.0,12.0,4.0,6.0,11.0,9.0,5.0,3.0,5.0,8.0,13.0,8.0,3.0,-3.0,3.0
4,8.0,6.0,14.0,5.0,7.0,12.0,8.0,4.0,2.0,6.0,9.0,12.0,7.0,4.0,-2.0,3.0
3,8.0,6.0,16.0,6.0,7.0,13.0,6.0,3.0,2.0,7.0,10.0,12.0,5.0,5.0,-1.0,3.0
3,7.0,5.0,17.0,7.0,7.0,14.0,4.0,3.0,1.0,7.0,10.0,12.0,4.0,5.0,0.0,3.0
2,6.0,5.0,17.0,7.0,6.0,14.0,2.0,3.0,1.0,7.0,10.0,12.0,3.0,3.0,2.0,3.0
2,4.0,4.0,17.0,7.0,5.0,14.0,0.0,3.0,0.0,6.0,9.0,12.0,2.0,0.0,3.0,3.0
2,2.0,3.0,16.0,7.0,3.0,13.0,-2.0,2.0,1.0,4.0,8.0,12.0,2.0,-4.0,5.0,3.0
2,0.0,2.0,14.0,7.0,2.0,12.0,-4.0,2.0,1.0,3.0,6.0,12.0,1.0,-7.0,5.0,3.0
2,-1.0,1.0,12.0,8.0,1.0,11.0,-6.0,1.0,1.0,1.0,4.0,11.0,-1.0,-8.0,5.0,3.0
2,-1.0,0.0,9.0,9.0,-1.0,10.0,-8.0,2.0,1.0,-1.0,1.0,10.0,-2.0,-8.0,3.0,3.0
2,-1.0,1.0,6.0,10.0,-1.0,8.0,-10.0,3.0,1.0,-2.0,-2.0,10.0,-3.0,-8.0,1.0,3.0
2,0.0,2.0,2.0,11.0,-2.0,7.0,-11.0,5.0,1.0,-3.0,-5.0,11.0,-4.0,-8.0,-1.0,3.0
3,1.0,3.0,-2.0,11.0,-1.0,5.0,-11.0,6.0,2.0,-4.0,-7.0,12.0,-4.0,-9.0,-2.0,3.0
3,1.0,3.0,-5.0,11.0,-1.0,3.0,-11.0,7.0,2.0,-4.0,-9.0,11.0,-4.0,-9.0,-3.0,3.0
4,1.0,3.0,-8.0,10.0,-1.0,1.0,-10.0,6.0,2.0,-5.0,-9.0,11.0,-4.0,-9.0,-3.0,3.0
4,1.0,2.0,-9.0,9.0,-1.0,-1.0,-10.0,6.0,2.0,-6.0,-9.0,10.0,-4.0,-9.0,-4.0,3.0
5,1.0,1.0,-10.0,9.0,-1.0,-2.0,-11.0,6.0,2.0,-6.0,-8.0,9.0,-4.0,-9.0,-4.0,3.0
6,0.0,-1.0,-10.0,10.0,-2.0,-2.0,-11.0,6.0,0.0,-6.0,-7.0,9.0,-4.0,-7.0,-5.0,3.0
6,-1.0,-2.0,-9.0,10.0,-3.0,-1.0,-11.0,6.0,-2.0,-6.0,-5.0,9.0,-4.0,-6.0,-6.0,3.0
6,-1.0,-2.0,-7.0,11.0,-5.0,-1.0,-11.0,5.0,-3.0,-5.0,-3.0,9.0,-5.0,-3.0,-7.0,3.0
6,-1.0,-2.0,-6.0,12.0,-6.0,0.0,-10.0,4.0,-3.0,-5.0,-1.0,10.0,-6.0,-2.0,-7.0,3.0
5,-1.0,-2.0,-5.0,13.0,-7.0,1.0,-9.0,4.0,-3.0,-4.0,0.0,11.0,-6.0,-2.0,-6.0,3.0
4,1.0,-3.0,-3.0,14.0,-7.0,2.0,-9.0,5.0,-2.0,-3.0,1.0,14.0,-5.0,-4.0,-5.0,3.0
3,2.0,-3.0,-1.0,14.0,-7.0,2.0,-7.0,6.0,-1.0,-3.0,1.0,17.0,-3.0,-7.0,-3.0,3.0
3,2.0,-3.0,2.0,15.0,-7.0,2.0,-6.0,8.0,-1.0,-3.0,2.0,19.0,-1.0,-8.0,-3.0,3.0
2,2.0,-2.0,4.0,16.0,-7.0,3.0,-5.0,9.0,-1.0,-3.0,4.0,19.0,-1.0,-9.0,-3.0,3.0
2,2.0,-2.0,6.0,16.0,-7.0,3.0,-4.0,8.0,-3.0,-4.0,6.0,19.0,-1.0,-8.0,-3.0,3.0
3,1.0,-1.0,6.0,14.0,-6.0,3.0,-2.0,8.0,-3.0,-5.0,8.0,19.0,-2.0,-6.0,-3.0,3.0
3,1.0,-1.0,6.0,13.0,-5.0,2.0,-1.0,8.0,-4.0,-5.0,10.0,18.0,-3.0,-5.0,-2.0,3.0
4,2.0,-1.0,6.0,11.0,-3.0,1.0,0.0,8.0,-5.0,-4.0,10.0,18.0,-3.0,-5.0,-1.0,3.0
5,3.0,-1.0,4.0,10.0,-1.0,1.0,1.0,9.0,-4.0,-4.0,9.0,16.0,-2.0,-4.0,-1.0,3.0
6,4.0,-1.0,2.0,9.0,1.0,0.0,1.0,7.0,-2.0,-3.0,7.0,15.0,0.0,-5.0,-1.0,3.0
6,5.0,-1.0,0.0,8.0,3.0,-1.0,1.0,5.0,1.0,-3.0,4.0,14.0,2.0,-6.0,-2.0,3.0
6,5.0,0.0,-2.0,6.0,4.0,-2.0,1.0,3.0,2.0,-2.0,2.0,12.0,4.0,-8.0,-3.0,3.0
6,5.0,0.0,-4.0,4.0,6.0,-3.0,1.0,2.0,3.0,-1.0,-1.0,11.0,4.0,-9.0,-3.0,3.0
6,5.0,0.0,-5.0,2.0,6.0,-4.0,1.0,-1.0,4.0,0.0,-3.0,9.0,4.0,-9.0,-3.0,3.0
6,4.0,0.0,-6.0,-1.0,7.0,-4.0,2.0,-2.0,4.0,1.0,-4.0,8.0,2.0,-8.0,-3.0,3.0
6,3.0,0.0,-6.0,-4.0,7.0,-4.0,4.0,-3.0,2.0,2.0,-4.0,6.0,-1.0,-6.0,-2.0,3.0
6,3.0,0.0,-6.0,-7.0,7.0,-3.0,5.0,-3.0,0.0,2.0,-4.0,4.0,-3.0,-6.0,0.0,3.0
6,2.0,0.0,-5.0,-10.0,7.0,-2.0,7.0,-3.0,-1.0,2.0,-3.0,3.0,-4.0,-5.0,2.0,3.0
5,1.0,0.0,-3.0,-12.0,7.0,0.0,10.0,-2.0,-2.0,2.0,-2.0,4.0,-5.0,-5.0,3.0,3.0
4,1.0,1.0,0.0,-13.0,6.0,2.0,11.0,1.0,-4.0,2.0,0.0,5.0,-5.0,-5.0,4.0,3.0
3,1.0,2.0,3.0,-14.0,6.0,4.0,13.0,3.0,-6.0,1.0,3.0,5.0,-5.0,-3.0,4.0,3.0
1,1.0,2.0,6.0,-13.0,5.0,6.0,13.0,5.0,-8.0,1.0,6.0,6.0,-5.0,-1.0,4.0,3.0
0,1.0,2.0,9.0,-12.0,4.0,8.0,13.0,5.0,-8.0,0.0,10.0,6.0,-3.0,1.0,4.0,3.0
-1,0.0,2.0,12.0,-11.0,3.0,9.0,12.0,4.0,-6.0,-1.0,13.0,6.0,-2.0,2.0,4.0,3.0
-1,-1.0,2.0,15.0,-9.0,2.0,11.0,12.0,1.0,-5.0,-2.0,16.0,4.0,0.0,4.0,3.0,3.0
-1,-2.0,3.0,17.0,-7.0,1.0,12.0,11.0,-1.0,-3.0,-2.0,18.0,2.0,2.0,5.0,3.0,3.0
0,-2.0,3.0,18.0,-5.0,1.0,12.0,11.0,-4.0,-1.0,-1.0,20.0,1.0,5.0,8.0,2.0,3.0
0,-2.0,4.0,19.0,-3.0,1.0,12.0,10.0,-5.0,2.0,1.0,21.0,0.0,7.0,10.0,1.0,3.0
0,-1.0,5.0,19.0,-2.0,2.0,12.0,10.0,-5.0,4.0,2.0,22.0,0.0,10.0,13.0,1.0,3.0
-1,-1.0,5.0,19.0,-1.0,3.0,11.0,11.0,-4.0,7.0,3.0,22.0,0.0,13.0,15.0,0.0,3.0
-1,1.0,6.0,18.0,-1.0,3.0,10.0,11.0,-2.0,10.0,5.0,21.0,1.0,16.0,16.0,1.0,3.0
-2,2.0,7.0,17.0,0.0,4.0,8.0,12.0,-1.0,12.0,6.0,19.0,2.0,18.0,14.0,2.0,3.0
-2,3.0,8.0,15.0,0.0,4.0,7.0,13.0,1.0,12.0,6.0,16.0,2.0,19.0,12.0,3.0,3.0
-1,4.0,8.0,12.0,1.0,4.0,5.0,14.0,2.0,11.0,7.0,13.0,1.0,19.0,9.0,4.0,3.0
1,4.0,9.0,8.0,2.0,4.0,2.0,14.0,1.0,11.0,6.0,9.0,-1.0,19.0,5.0,4.0,3.0
3,4.0,8.0,4.0,4.0,3.0,0.0,13.0,1.0,11.0,5.0,5.0,-2.0,19.0,2.0,3.0,3.0
5,4.0,7.0,-1.0,5.0,2.0,-2.0,10.0,0.0,12.0,4.0,2.0,-3.0,19.0,0.0,1.0,3.0
7,4.0,5.0,-5.0,7.0,1.0,-3.0,7.0,0.0,13.0,2.0,-2.0,-2.0,18.0,-1.0,-1.0,3.0
8,4.0,4.0,-8.0,7.0,1.0,-4.0,4.0,1.0,12.0,1.0,-4.0,-1.0,16.0,-3.0,-2.0,3.0
8,4.0,3.0,-11.0,5.0,1.0,-4.0,2.0,3.0,10.0,1.0,-6.0,-1.0,14.0,-3.0,-3.0,3.0
7,3.0,3.0,-13.0,2.0,1.0,-4.0,0.0,5.0,7.0,0.0,-8.0,-2.0,12.0,-4.0,-3.0,3.0
6,2.0,2.0,-14.0,-2.0,1.0,-3.0,-1.0,6.0,3.0,-1.0,-8.0,-4.0,11.0,-4.0,-3.0,3.0
5,0.0,1.0,-13.0,-4.0,2.0,-2.0,-3.0,7.0,-2.0,-2.0,-8.0,-7.0,10.0,-5.0,-3.0,3.0
6,-2.0,0.0,-11.0,-5.0,2.0,-1.0,-4.0,7.0,-6.0,-3.0,-7.0,-9.0,8.0,-6.0,-2.0,3.0
6,-3.0,-1.0,-9.0,-4.0,1.0,1.0,-4.0,6.0,-7.0,-4.0,-6.0,-11.0,7.0,-8.0,0.0,3.0
6,-4.0,-1.0,-6.0,-2.0,1.0,2.0,-4.0,4.0,-6.0,-6.0,-5.0,-11.0,6.0,-9.0,1.0,3.0
6,-5.0,-2.0,-2.0,0.0,0.0,2.0,-4.0,1.0,-5.0,-6.0,-4.0,-11.0,6.0,-9.0,1.0,3.0
6,-5.0,-2.0,1.0,2.0,-1.0,3.0,-4.0,-1.0,-2.0,-6.0,-2.0,-11.0,6.0,-7.0,1.0,3.0
5,-5.0,-1.0,4.0,4.0,-1.0,4.0,-4.0,-2.0,0.0,-5.0,-1.0,-10.0,6.0,-4.0,0.0,3.0
6,-5.0,-1.0,6.0,6.0,-2.0,5.0,-4.0,-2.0,2.0,-4.0,0.0,-9.0,6.0,-2.0,0.0,3.0
7,-5.0,1.0,7.0,10.0,-1.0,6.0,-4.0,-2.0,3.0,-3.0,0.0,-8.0,6.0,0.0,1.0,3.0
8,-4.0,2.0,8.0,13.0,-1.0,6.0,-4.0,-2.0,5.0,-1.0,1.0,-7.0,8.0,0.0,2.0,3.0
9,-2.0,3.0,9.0,16.0,1.0,6.0,-4.0,-1.0,7.0,0.0,0.0,-6.0,9.0,0.0,2.0,3.0
9,0.0,4.0,8.0,18.0,2.0,6.0,-4.0,0.0,8.0,1.0,0.0,-5.0,10.0,1.0,3.0,3.0
9,2.0,5.0,8.0,19.0,3.0,6.0,-4.0,2.0,9.0,2.0,0.0,-4.0,11.0,3.0,3.0,3.0
8,3.0,7.0,8.0,20.0,3.0,6.0,-4.0,3.0,9.0,4.0,1.0,-2.0,12.0,5.0,3.0,3.0
8,4.0,7.0,8.0,21.0,4.0,7.0,-5.0,5.0,9.0,5.0,3.0,-1.0,12.0,7.0,3.0,3.0
8,4.0,8.0,8.0,22.0,4.0,7.0,-5.0,6.0,9.0,6.0,5.0,1.0,12.0,9.0,3.0,3.0
9,3.0,9.0,8.0,24.0,3.0,7.0,-5.0,7.0,11.0,7.0,7.0,4.0,12.0,12.0,4.0,3.0
9,2.0,9.0,8.0,25.0,2.0,7.0,-5.0,8.0,12.0,7.0,8.0,7.0,12.0,13.0,4.0,3.0
10,1.0,10.0,8.0,27.0,0.0,6.0,-5.0,9.0,13.0,7.0,9.0,9.0,12.0,13.0,5.0,3.0
10,-1.0,10.0,7.0,28.0,-2.0,5.0,-6.0,9.0,13.0,7.0,10.0,10.0,11.0,12.0,5.0,3.0
10,-3.0,9.0,6.0,28.0,-4.0,5.0,-6.0,8.0,11.0,6.0,10.0,9.0,10.0,11.0,6.0,3.0
10,-5.0,8.0,4.0,28.0,-6.0,4.0,-8.0,7.0,8.0,5.0,10.0,6.0,9.0,10.0,5.0,3.0
10,-7.0,6.0,2.0,27.0,-9.0,3.0,-10.0,6.0,3.0,3.0,10.0,2.0,6.0,10.0,4.0,3.0
10,-10.0,3.0,-1.0,25.0,-12.0,2.0,-12.0,5.0,-3.0,1.0,11.0,-2.0,3.0,10.0,3.0,3.0
9,-13.0,-1.0,-3.0,22.0,-16.0,1.0,-14.0,3.0,-7.0,-2.0,11.0,-5.0,0.0,9.0,2.0,3.0
8,-16.0,-5.0,-5.0,18.0,-18.0,-1.0,-16.0,1.0,-10.0,-4.0,10.0,-8.0,-2.0,6.0,1.0,3.0
8,-18.0,-8.0,-8.0,14.0,-20.0,-3.0,-17.0,-2.0,-12.0,-6.0,8.0,-11.0,-4.0,3.0,0.0,3.0
7,-20.0,-10.0,-10.0,10.0,-22.0,-4.0,-18.0,-4.0,-13.0,-8.0,5.0,-13.0,-5.0,0.0,-2.0,3.0
5,-20.0,-11.0,-12.0,8.0,-22.0,-6.0,-18.0,-6.0,-15.0,-9.0,2.0,-14.0,-7.0,-2.0,-4.0,3.0
4,-20.0,-12.0,-14.0,6.0,-23.0,-8.0,-17.0,-5.0,-18.0,-11.0,-1.0,-16.0,-10.0,-5.0,-5.0,3.0
4,-19.0,-13.0,-16.0,5.0,-23.0,-9.0,-17.0,-3.0,-20.0,-12.0,-5.0,-16.0,-11.0,-8.0,-4.0,3.0
5,-18.0,-13.0,-18.0,6.0,-22.0,-10.0,-17.0,-2.0,-20.0,-13.0,-9.0,-15.0,-12.0,-12.0,-3.0,3.0
6,-15.0,-13.0,-19.0,9.0,-22.0,-11.0,-18.0,-2.0,-18.0,-13.0,-12.0,-14.0,-12.0,-17.0,-2.0,3.0
8,-13.0,-12.0,-21.0,12.0,-21.0,-12.0,-18.0,-3.0,-14.0,-13.0,-16.0,-13.0,-11.0,-20.0,-2.0,3.0
9,-10.0,-11.0,-23.0,16.0,-19.0,-13.0,-19.0,-3.0,-12.0,-13.0,-18.0,-11.0,-11.0,-22.0,-2.0,3.0
10,-7.0,-10.0,-24.0,19.0,-18.0,-13.0,-19.0,-4.0,-10.0,-13.0,-18.0,-10.0,-11.0,-21.0,-2.0,3.0
10,-4.0,-8.0,-23.0,21.0,-16.0,-12.0,-19.0,-2.0,-10.0,-12.0,-16.0,-8.0,-12.0,-19.0,-2.0,3.0
9,-2.0,-7.0,-21.0,22.0,-13.0,-11.0,-18.0,0.0,-11.0,-11.0,-13.0,-6.0,-13.0,-16.0,-1.0,3.0
9,0.0,-6.0,-18.0,23.0,-11.0,-10.0,-16.0,2.0,-10.0,-10.0,-9.0,-3.0,-13.0,-12.0,0.0,3.0
10,2.0,-5.0,-14.0,25.0,-9.0,-8.0,-14.0,4.0,-9.0,-8.0,-4.0,1.0,-12.0,-8.0,1.0,3.0
11,3.0,-3.0,-10.0,26.0,-7.0,-7.0,-12.0,5.0,-7.0,-6.0,1.0,5.0,-10.0,-4.0,2.0,3.0
11,3.0,-1.0,-6.0,27.0,-6.0,-5.0,-10.0,6.0,-5.0,-3.0,5.0,9.0,-7.0,-1.0,2.0,3.0
10,3.0,1.0,-3.0,27.0,-4.0,-4.0,-8.0,7.0,-3.0,-1.0,7.0,11.0,-4.0,2.0,2.0,3.0
9,2.0,3.0,0.0,26.0,-4.0,-2.0,-7.0,7.0,-1.0,2.0,9.0,12.0,-2.0,4.0,3.0,3.0
8,-1.0,4.0,3.0,26.0,-5.0,0.0,-6.0,6.0,1.0,4.0,11.0,12.0,1.0,6.0,4.0,3.0
6,-3.0,5.0,6.0,25.0,-6.0,2.0,-7.0,4.0,3.0,6.0,13.0,12.0,3.0,7.0,4.0,3.0
5,-5.0,4.0,8.0,24.0,-8.0,4.0,-8.0,2.0,4.0,6.0,15.0,11.0,4.0,8.0,4.0,3.0
3,-6.0,3.0,10.0,22.0,-8.0,5.0,-9.0,0.0,4.0,6.0,17.0,10.0,5.0,9.0,3.0,3.0
1,-7.0,1.0,10.0,19.0,-8.0,5.0,-11.0,-2.0,4.0,6.0,17.0,8.0,5.0,9.0,2.0,3.0
-1,-8.0,-1.0,9.0,15.0,-8.0,4.0,-12.0,-4.0,3.0,5.0,16.0,5.0,5.0,9.0,0.0,3.0
-3,-8.0,-3.0,8.0,11.0,-7.0,3.0,-13.0,-4.0,0.0,4.0,15.0,3.0,5.0,8.0,-1.0,3.0
-4,-8.0,-5.0,6.0,8.0,-7.0,1.0,-13.0,-3.0,-2.0,4.0,13.0,2.0,4.0,7.0,-2.0,3.0
-5,-8.0,-7.0,5.0,5.0,-7.0,-1.0,-13.0,-2.0,-4.0,3.0,11.0,2.0,3.0,5.0,-3.0,3.0
-4,-9.0,-8.0,2.0,4.0,-7.0,-4.0,-12.0,-2.0,-4.0,2.0,7.0,2.0,2.0,3.0,-3.0,3.0
-3,-9.0,-9.0,-1.0,3.0,-6.0,-6.0,-12.0,-1.0,-4.0,2.0,3.0,2.0,0.0,1.0,-4.0,3.0
-1,-9.0,-9.0,-4.0,3.0,-6.0,-9.0,-11.0,0.0,-4.0,1.0,-2.0,2.0,-1.0,-2.0,-4.0,3.0
0,-9.0,-9.0,-8.0,2.0,-6.0,-11.0,-11.0,2.0,-4.0,1.0,-7.0,2.0,-2.0,-4.0,-4.0,3.0
2,-8.0,-9.0,-11.0,2.0,-5.0,-12.0,-10.0,3.0,-4.0,1.0,-11.0,2.0,-3.0,-6.0,-4.0,3.0
3,-6.0,-8.0,-13.0,2.0,-4.0,-13.0,-9.0,4.0,-2.0,1.0,-14.0,3.0,-2.0,-8.0,-5.0,3.0
4,-5.0,-7.0,-15.0,2.0,-3.0,-14.0,-7.0,4.0,0.0,2.0,-17.0,3.0,0.0,-9.0,-6.0,3.0
5,-3.0,-6.0,-16.0,3.0,-2.0,-16.0,-5.0,3.0,3.0,2.0,-18.0,4.0,3.0,-10.0,-7.0,3.0
5,-1.0,-4.0,-16.0,3.0,-1.0,-16.0,-2.0,1.0,6.0,3.0,-18.0,4.0,6.0,-9.0,-8.0,3.0
6,0.0,-3.0,-15.0,4.0,0.0,-15.0,-1.0,0.0,8.0,3.0,-16.0,5.0,8.0,-9.0,-9.0,3.0
6,1.0,-2.0,-13.0,5.0,-1.0,-13.0,0.0,0.0,9.0,3.0,-14.0,5.0,9.0,-8.0,-9.0,3.0
6,1.0,-1.0,-11.0,7.0,-2.0,-11.0,1.0,1.0,7.0,2.0,-12.0,6.0,10.0,-8.0,-9.0,3.0
6,1.0,-1.0,-8.0,9.0,-3.0,-8.0,1.0,2.0,6.0,2.0,-9.0,6.0,10.0,-7.0,-9.0,3.0
6,0.0,-1.0,-5.0,9.0,-5.0,-5.0,1.0,1.0,6.0,1.0,-7.0,6.0,9.0,-6.0,-8.0,3.0
5,-2.0,0.0,-1.0,8.0,-6.0,-2.0,2.0,0.0,5.0,1.0,-4.0,4.0,8.0,-5.0,-7.0,3.0
4,-4.0,-1.0,2.0,6.0,-7.0,-1.0,4.0,-2.0,3.0,1.0,-1.0,2.0,7.0,-3.0,-5.0,3.0
3,-6.0,-1.0,5.0,3.0,-8.0,0.0,6.0,-3.0,1.0,1.0,2.0,0.0,5.0,-1.0,-3.0,3.0
2,-8.0,-3.0,8.0,0.0,-9.0,1.0,7.0,-4.0,-2.0,1.0,4.0,-3.0,4.0,-1.0,-1.0,3.0
2,-10.0,-4.0,9.0,-2.0,-10.0,1.0,8.0,-5.0,-4.0,2.0,5.0,-7.0,4.0,0.0,1.0,3.0
2,-12.0,-5.0,10.0,-5.0,-9.0,0.0,9.0,-6.0,-6.0,3.0,6.0,-11.0,4.0,1.0,3.0,3.0
1,-12.0,-6.0,11.0,-7.0,-8.0,-1.0,9.0,-8.0,-7.0,4.0,6.0,-15.0,4.0,3.0,4.0,3.0
1,-12.0,-6.0,11.0,-8.0,-7.0,-1.0,9.0,-9.0,-6.0,4.0,7.0,-18.0,5.0,5.0,4.0,3.0
1,-11.0,-6.0,11.0,-9.0,-5.0,0.0,9.0,-9.0,-5.0,5.0,7.0,-20.0,7.0,8.0,3.0,3.0
1,-9.0,-4.0,12.0,-9.0,-2.0,1.0,10.0,-9.0,-4.0,6.0,8.0,-21.0,8.0,12.0,3.0,3.0
0,-6.0,-3.0,13.0,-9.0,1.0,3.0,10.0,-9.0,-2.0,8.0,9.0,-21.0,9.0,15.0,3.0,3.0
-1,-3.0,-1.0,14.0,-10.0,5.0,5.0,10.0,-9.0,1.0,9.0,10.0,-21.0,10.0,19.0,3.0,3.0
-2,0.0,2.0,16.0,-12.0,9.0,8.0,10.0,-10.0,4.0,11.0,11.0,-20.0,11.0,23.0,2.0,3.0
-3,2.0,4.0,17.0,-14.0,13.0,11.0,10.0,-11.0,7.0,12.0,12.0,-19.0,12.0,25.0,2.0,3.0
-4,4.0,6.0,18.0,-16.0,16.0,13.0,11.0,-11.0,9.0,12.0,13.0,-19.0,13.0,26.0,3.0,3.0
-5,5.0,9.0,18.0,-18.0,19.0,15.0,11.0,-10.0,11.0,12.0,13.0,-17.0,14.0,24.0,4.0,3.0
-5,6.0,10.0,17.0,-20.0,21.0,16.0,12.0,-9.0,11.0,11.0,13.0,-16.0,15.0,21.0,6.0,3.0
-5,6.0,12.0,15.0,-22.0,22.0,16.0,12.0,-8.0,10.0,10.0,12.0,-16.0,15.0,18.0,7.0,3.0
-6,7.0,13.0,12.0,-24.0,24.0,14.0,13.0,-6.0,9.0,8.0,11.0,-14.0,14.0,16.0,8.0,3.0
-6,9.0,13.0,10.0,-26.0,26.0,13.0,14.0,-4.0,7.0,7.0,11.0,-13.0,13.0,14.0,7.0,3.0
-5,10.0,14.0,9.0,-26.0,28.0,12.0,14.0,-2.0,6.0,6.0,10.0,-12.0,12.0,12.0,6.0,3.0
-4,11.0,14.0,8.0,-26.0,29.0,11.0,15.0,-2.0,5.0,4.0,10.0,-11.0,12.0,11.0,6.0,3.0
-3,11.0,14.0,7.0,-25.0,30.0,10.0,15.0,-2.0,5.0,3.0,10.0,-10.0,11.0,10.0,5.0,3.0
-2,11.0,15.0,7.0,-24.0,30.0,9.0,15.0,-2.0,5.0,2.0,10.0,-10.0,10.0,10.0,5.0,3.0
-1,10.0,15.0,6.0,-23.0,30.0,8.0,15.0,-3.0,5.0,2.0,9.0,-9.0,9.0,9.0,4.0,3.0
-1,9.0,15.0,6.0,-22.0,28.0,8.0,15.0,-3.0,4.0,1.0,8.0,-8.0,7.0,9.0,3.0,3.0
-1,8.0,14.0,6.0,-22.0,27.0,8.0,15.0,-3.0,3.0,0.0,7.0,-7.0,6.0,8.0,2.0,3.0
0,7.0,12.0,5.0,-23.0,25.0,8.0,14.0,-1.0,1.0,-1.0,6.0,-6.0,5.0,6.0,1.0,3.0
1,5.0,11.0,5.0,-24.0,24.0,8.0,13.0,0.0,-1.0,-2.0,4.0,-5.0,4.0,4.0,-1.0,3.0
2,3.0,9.0,4.0,-25.0,22.0,8.0,13.0,0.0,-1.0,-2.0,2.0,-5.0,4.0,3.0,-2.0,3.0
3,1.0,8.0,4.0,-25.0,21.0,8.0,13.0,0.0,-1.0,-1.0,0.0,-5.0,5.0,3.0,-4.0,3.0
4,-1.0,6.0,4.0,-26.0,19.0,7.0,12.0,0.0,-1.0,0.0,-3.0,-5.0,5.0,3.0,-5.0,3.0
4,-2.0,6.0,3.0,-26.0,18.0,7.0,12.0,0.0,0.0,1.0,-5.0,-6.0,6.0,2.0,-5.0,3.0
4,-3.0,6.0,3.0,-25.0,17.0,7.0,11.0,1.0,2.0,3.0,-7.0,-6.0,7.0,0.0,-4.0,3.0
5,-3.0,6.0,2.0,-23.0,16.0,7.0,10.0,1.0,3.0,4.0,-7.0,-5.0,8.0,-2.0,-2.0,3.0
6,-2.0,6.0,2.0,-20.0,16.0,7.0,9.0,2.0,5.0,4.0,-8.0,-4.0,9.0,-3.0,0.0,3.0
7,-1.0,5.0,0.0,-17.0,16.0,6.0,7.0,3.0,6.0,5.0,-7.0,-2.0,9.0,-3.0,1.0,3.0
9,0.0,5.0,-1.0,-13.0,16.0,5.0,5.0,4.0,6.0,5.0,-7.0,1.0,9.0,-2.0,1.0,3.0
11,0.0,4.0,-3.0,-10.0,16.0,4.0,3.0,6.0,6.0,6.0,-7.0,3.0,9.0,-1.0,-1.0,3.0
12,0.0,2.0,-4.0,-7.0,16.0,2.0,-1.0,6.0,4.0,6.0,-6.0,4.0,8.0,0.0,-2.0,3.0
13,-1.0,1.0,-6.0,-6.0,16.0,0.0,-4.0,5.0,3.0,6.0,-6.0,4.0,6.0,1.0,-2.0,3.0
13,-3.0,0.0,-8.0,-5.0,15.0,-1.0,-7.0,4.0,1.0,6.0,-6.0,3.0,5.0,2.0,-3.0,3.0
12,-5.0,-1.0,-9.0,-5.0,13.0,-1.0,-10.0,3.0,-2.0,6.0,-5.0,0.0,3.0,3.0,-4.0,3.0
12,-7.0,-2.0,-11.0,-5.0,12.0,-1.0,-14.0,2.0,-4.0,5.0,-5.0,-3.0,1.0,5.0,-5.0,3.0
11,-9.0,-3.0,-12.0,-6.0,10.0,-1.0,-17.0,0.0,-6.0,4.0,-4.0,-5.0,-2.0,6.0,-6.0,3.0
9,-12.0,-4.0,-13.0,-7.0,8.0,-1.0,-20.0,-2.0,-8.0,3.0,-4.0,-7.0,-4.0,6.0,-6.0,3.0
7,-14.0,-5.0,-14.0,-8.0,5.0,-1.0,-22.0,-4.0,-11.0,2.0,-3.0,-10.0,-5.0,5.0,-6.0,3.0
4,-18.0,-7.0,-14.0,-10.0,2.0,-2.0,-24.0,-6.0,-13.0,0.0,-2.0,-11.0,-6.0,2.0,-7.0,3.0
1,-20.0,-8.0,-14.0,-13.0,-1.0,-3.0,-25.0,-8.0,-15.0,-2.0,-1.0,-11.0,-7.0,-1.0,-7.0,3.0
-6,-24.0,-10.0,-12.0,-17.0,-6.0,-4.0,-26.0,-8.0,-21.0,-5.0,0.0,-8.0,-12.0,-4.0,-10.0,3.0
-9,-25.0,-10.0,-11.0,-18.0,-9.0,-4.0,-25.0,-9.0,-25.0,-7.0,0.0,-7.0,-16.0,-5.0,-12.0,3.0
-12,-26.0,-10.0,-10.0,-19.0,-11.0,-4.0,-25.0,-9.0,-28.0,-9.0,0.0,-7.0,-19.0,-6.0,-14.0,3.0
-14,-27.0,-9.0,-10.0,-19.0,-14.0,-5.0,-23.0,-10.0,-30.0,-11.0,0.0,-7.0,-22.0,-7.0,-14.0,3.0
-15,-27.0,-8.0,-10.0,-18.0,-16.0,-6.0,-21.0,-10.0,-31.0,-12.0,0.0,-6.0,-23.0,-9.0,-14.0,3.0
-13,-21.0,1.0,-11.0,-10.0,-14.0,-9.0,-11.0,-9.0,-24.0,-9.0,-1.0,0.0,-22.0,-8.0,-12.0,3.0
-12,-19.0,4.0,-11.0,-9.0,-13.0,-8.0,-8.0,-9.0,-21.0,-8.0,-1.0,-1.0,-20.0,-7.0,-12.0,3.0
-11,-17.0,6.0,-10.0,-7.0,-11.0,-7.0,-6.0,-10.0,-17.0,-7.0,-1.0,0.0,-18.0,-5.0,-11.0,3.0
-9,-14.0,7.0,-9.0,-5.0,-10.0,-6.0,-4.0,-11.0,-12.0,-6.0,-1.0,0.0,-16.0,-3.0,-10.0,3.0
-7,-11.0,8.0,-9.0,-3.0,-8.0,-5.0,-4.0,-10.0,-9.0,-4.0,-1.0,1.0,-13.0,-3.0,-8.0,3.0
-5,-8.0,7.0,-8.0,-1.0,-5.0,-4.0,-4.0,-10.0,-6.0,-3.0,-1.0,2.0,-11.0,-4.0,-6.0,3.0
-4,-5.0,7.0,-8.0,2.0,-3.0,-4.0,-5.0,-9.0,-3.0,-1.0,-2.0,2.0,-9.0,-5.0,-4.0,3.0
-3,-3.0,6.0,-8.0,4.0,-1.0,-3.0,-6.0,-8.0,-1.0,2.0,-3.0,3.0,-6.0,-6.0,-1.0,3.0
-2,-1.0,5.0,-7.0,5.0,0.0,-3.0,-7.0,-7.0,1.0,5.0,-4.0,5.0,-4.0,-7.0,1.0,3.0
-1,2.0,5.0,-6.0,7.0,1.0,-2.0,-7.0,-6.0,3.0,7.0,-5.0,7.0,-3.0,-7.0,2.0,3.0
0,3.0,5.0,-5.0,9.0,1.0,-2.0,-5.0,-4.0,4.0,9.0,-5.0,9.0,-2.0,-6.0,3.0,3.0
-1,4.0,5.0,-3.0,11.0,0.0,-2.0,-3.0,-2.0,4.0,10.0,-4.0,10.0,-1.0,-4.0,3.0,3.0
-2,5.0,5.0,0.0,12.0,-1.0,-1.0,-1.0,-1.0,3.0,10.0,-2.0,11.0,-1.0,-3.0,3.0,3.0
-3,5.0,5.0,2.0,13.0,-3.0,-1.0,1.0,-1.0,2.0,9.0,-1.0,11.0,-2.0,-2.0,3.0,3.0
-4,5.0,4.0,3.0,13.0,-5.0,-1.0,2.0,-1.0,2.0,8.0,0.0,11.0,-3.0,-1.0,1.0,3.0
-4,4.0,3.0,3.0,14.0,-7.0,-2.0,2.0,-2.0,2.0,7.0,1.0,12.0,-4.0,-1.0,0.0,3.0
-4,4.0,3.0,2.0,15.0,-10.0,-2.0,1.0,-2.0,3.0,6.0,1.0,14.0,-5.0,-1.0,-1.0,3.0
-3,2.0,2.0,0.0,16.0,-12.0,-3.0,-1.0,-2.0,4.0,4.0,0.0,16.0,-6.0,-2.0,-2.0,3.0
-2,1.0,1.0,-3.0,17.0,-15.0,-4.0,-2.0,0.0,4.0,2.0,0.0,19.0,-7.0,-4.0,-3.0,3.0
-1,-1.0,0.0,-5.0,17.0,-17.0,-4.0,-3.0,3.0,2.0,0.0,-1.0,21.0,-8.0,-6.0,-4.0,3.0
1,-3.0,-2.0,-6.0,16.0,-18.0,-5.0,-4.0,5.0,-1.0,-2.0,-1.0,22.0,-9.0,-7.0,-5.0,3.0
2,-5.0,-3.0,-7.0,15.0,-19.0,-6.0,-3.0,6.0,-1.0,-3.0,-1.0,23.0,-10.0,-7.0,-7.0,3.0
4,-7.0,-5.0,-7.0,13.0,-19.0,-7.0,-2.0,5.0,-1.0,-5.0,-2.0,24.0,-11.0,-6.0,-9.0,3.0
5,-9.0,-6.0,-7.0,11.0,-19.0,-8.0,-1.0,4.0,0.0,-5.0,-2.0,24.0,-11.0,-5.0,-11.0,3.0
7,-10.0,-7.0,-7.0,10.0,-19.0,-8.0,1.0,3.0,1.0,-5.0,-1.0,24.0,-11.0,-5.0,-11.0,3.0
8,-10.0,-6.0,-5.0,10.0,-18.0,-8.0,2.0,3.0,2.0,-5.0,0.0,23.0,-10.0,-4.0,-11.0,3.0
7,-9.0,-5.0,-4.0,9.0,-17.0,-7.0,4.0,3.0,2.0,-5.0,1.0,23.0,-9.0,-3.0,-10.0,3.0
5,-7.0,-4.0,-2.0,9.0,-15.0,-6.0,5.0,5.0,1.0,-5.0,2.0,21.0,-8.0,-2.0,-9.0,3.0
3,-4.0,-2.0,1.0,9.0,-13.0,-5.0,6.0,6.0,0.0,-5.0,2.0,19.0,-6.0,-2.0,-9.0,3.0
0,-1.0,-1.0,3.0,8.0,-10.0,-3.0,7.0,6.0,-1.0,-5.0,3.0,16.0,-3.0,-1.0,-9.0,3.0
-2,1.0,1.0,5.0,7.0,-8.0,-1.0,7.0,6.0,-2.0,-5.0,4.0,12.0,-1.0,1.0,-8.0,3.0
-4,3.0,1.0,7.0,6.0,-7.0,1.0,7.0,4.0,-1.0,-4.0,5.0,8.0,1.0,2.0,-6.0,3.0
-6,4.0,2.0,9.0,4.0,-5.0,3.0,7.0,2.0,0.0,-3.0,6.0,4.0,3.0,2.0,-4.0,3.0
-6,5.0,3.0,11.0,2.0,-3.0,4.0,8.0,0.0,1.0,-2.0,6.0,2.0,4.0,2.0,-2.0,3.0
-7,6.0,3.0,11.0,-1.0,0.0,5.0,10.0,-1.0,3.0,-1.0,5.0,1.0,6.0,0.0,-1.0,3.0
-7,7.0,4.0,12.0,-3.0,3.0,6.0,11.0,-1.0,6.0,-1.0,3.0,1.0,8.0,-2.0,1.0,3.0
-7,9.0,6.0,12.0,-6.0,6.0,6.0,14.0,-1.0,8.0,0.0,1.0,1.0,9.0,-3.0,2.0,3.0
-6,10.0,7.0,12.0,-8.0,9.0,7.0,16.0,-2.0,10.0,0.0,0.0,-1.0,9.0,-4.0,3.0,3.0
-6,12.0,7.0,13.0,-10.0,11.0,9.0,17.0,-2.0,10.0,0.0,-1.0,-2.0,8.0,-3.0,4.0,3.0
-6,13.0,8.0,13.0,-12.0,14.0,10.0,18.0,-3.0,10.0,0.0,-1.0,-4.0,7.0,-3.0,5.0,3.0
-5,15.0,7.0,13.0,-13.0,17.0,10.0,17.0,-4.0,9.0,1.0,-2.0,-5.0,5.0,-3.0,6.0,3.0
-4,16.0,7.0,12.0,-14.0,19.0,10.0,16.0,-4.0,8.0,1.0,-2.0,-6.0,4.0,-2.0,7.0,3.0
-3,16.0,6.0,11.0,-14.0,20.0,10.0,14.0,-3.0,5.0,2.0,-2.0,-6.0,3.0,-2.0,7.0,3.0
-2,14.0,5.0,9.0,-15.0,20.0,10.0,11.0,-2.0,3.0,3.0,-2.0,-6.0,2.0,-1.0,7.0,3.0
-1,13.0,4.0,8.0,-15.0,20.0,11.0,8.0,-1.0,2.0,3.0,-2.0,-6.0,2.0,-1.0,7.0,3.0
-1,12.0,3.0,6.0,-16.0,20.0,11.0,5.0,-1.0,2.0,3.0,-1.0,-6.0,2.0,1.0,7.0,3.0
0,11.0,2.0,5.0,-16.0,19.0,12.0,3.0,-1.0,3.0,4.0,-1.0,-7.0,3.0,2.0,6.0,3.0
2,10.0,2.0,5.0,-15.0,19.0,12.0,2.0,-1.0,5.0,4.0,-1.0,-7.0,5.0,3.0,6.0,3.0
3,9.0,2.0,4.0,-15.0,19.0,13.0,1.0,-1.0,7.0,4.0,-1.0,-7.0,7.0,4.0,7.0,3.0
5,9.0,2.0,4.0,-14.0,20.0,13.0,1.0,-2.0,10.0,4.0,-1.0,-7.0,9.0,3.0,7.0,3.0
6,9.0,2.0,4.0,-14.0,20.0,13.0,2.0,-2.0,12.0,4.0,-1.0,-7.0,12.0,2.0,8.0,3.0
8,9.0,2.0,4.0,-14.0,21.0,13.0,3.0,-1.0,13.0,4.0,-1.0,-7.0,13.0,1.0,8.0,3.0
9,9.0,1.0,3.0,-15.0,21.0,11.0,4.0,0.0,14.0,3.0,-2.0,-7.0,14.0,0.0,7.0,3.0
9,8.0,0.0,2.0,-17.0,21.0,10.0,6.0,1.0,13.0,2.0,-3.0,-7.0,14.0,0.0,6.0,3.0
9,7.0,-1.0,1.0,-19.0,19.0,8.0,7.0,1.0,12.0,1.0,-4.0,-7.0,13.0,-1.0,5.0,3.0
8,5.0,-2.0,-1.0,-20.0,18.0,7.0,7.0,1.0,10.0,1.0,-5.0,-8.0,12.0,-1.0,4.0,3.0
8,3.0,-2.0,-2.0,-22.0,16.0,6.0,8.0,-1.0,8.0,1.0,-6.0,-10.0,10.0,-1.0,3.0,3.0
7,1.0,-3.0,-3.0,-24.0,15.0,5.0,8.0,-3.0,7.0,1.0,-7.0,-12.0,9.0,-2.0,3.0,3.0
6,0.0,-3.0,-3.0,-25.0,14.0,4.0,8.0,-4.0,5.0,1.0,-7.0,-13.0,8.0,-2.0,3.0,3.0
6,-2.0,-4.0,-4.0,-27.0,13.0,2.0,7.0,-6.0,3.0,1.0,-6.0,-15.0,6.0,-3.0,3.0,3.0
5,-4.0,-5.0,-4.0,-27.0,13.0,1.0,5.0,-7.0,0.0,1.0,-6.0,-16.0,4.0,-4.0,3.0,3.0
4,-6.0,-6.0,-5.0,-27.0,12.0,0.0,3.0,-7.0,-3.0,0.0,-5.0,-17.0,3.0,-6.0,4.0,3.0
3,-7.0,-7.0,-6.0,-27.0,11.0,-1.0,1.0,-6.0,-6.0,0.0,-5.0,-16.0,1.0,-7.0,4.0,3.0
2,-7.0,-7.0,-7.0,-26.0,10.0,-2.0,-2.0,-6.0,-8.0,0.0,-6.0,-15.0,0.0,-8.0,4.0,3.0
1,-7.0,-8.0,-8.0,-25.0,10.0,-2.0,-4.0,-5.0,-8.0,1.0,-6.0,-14.0,-1.0,-7.0,3.0,3.0
0,-6.0,-8.0,-8.0,-23.0,10.0,-2.0,-6.0,-6.0,-7.0,2.0,-7.0,-13.0,-1.0,-6.0,2.0,3.0
-1,-5.0,-7.0,-8.0,-22.0,11.0,-2.0,-8.0,-6.0,-5.0,3.0,-7.0,-11.0,-1.0,-6.0,2.0,3.0
-2,-5.0,-7.0,-7.0,-21.0,11.0,-2.0,-9.0,-6.0,-4.0,4.0,-8.0,-8.0,-1.0,-7.0,2.0,3.0
-3,-5.0,-7.0,-5.0,-19.0,11.0,-3.0,-10.0,-6.0,-2.0,4.0,-8.0,-6.0,-1.0,-8.0,3.0,3.0
-3,-6.0,-8.0,-3.0,-17.0,10.0,-3.0,-10.0,-6.0,-2.0,5.0,-7.0,-3.0,-1.0,-9.0,4.0,3.0
-3,-8.0,-9.0,-2.0,-15.0,8.0,-3.0,-11.0,-5.0,-1.0,5.0,-7.0,-1.0,-2.0,-10.0,4.0,3.0
-2,-9.0,-10.0,-1.0,-13.0,6.0,-2.0,-11.0,-5.0,-1.0,5.0,-6.0,0.0,-2.0,-10.0,4.0,3.0
-2,-10.0,-10.0,1.0,-11.0,3.0,-2.0,-12.0,-6.0,-1.0,5.0,-5.0,0.0,-2.0,-9.0,3.0,3.0
-2,-10.0,-10.0,1.0,-8.0,1.0,-1.0,-13.0,-6.0,-2.0,5.0,-5.0,0.0,-2.0,-8.0,2.0,3.0
-2,-9.0,-10.0,2.0,-5.0,-1.0,-1.0,-14.0,-5.0,-3.0,5.0,-4.0,1.0,-3.0,-7.0,1.0,3.0
-3,-9.0,-9.0,2.0,-2.0,-2.0,0.0,-15.0,-3.0,-6.0,4.0,-3.0,3.0,-3.0,-7.0,0.0,3.0
-4,-8.0,-8.0,3.0,1.0,-3.0,1.0,-16.0,-1.0,-8.0,4.0,-2.0,6.0,-3.0,-8.0,-1.0,3.0
-4,-8.0,-8.0,4.0,3.0,-3.0,1.0,-16.0,2.0,-9.0,3.0,-1.0,8.0,-4.0,-8.0,-2.0,3.0
-3,-7.0,-7.0,5.0,6.0,-2.0,0.0,-17.0,3.0,-10.0,2.0,-1.0,10.0,-4.0,-9.0,-3.0,3.0
-2,-6.0,-7.0,4.0,8.0,-1.0,0.0,-17.0,4.0,-10.0,1.0,-2.0,10.0,-5.0,-9.0,-4.0,3.0
0,-5.0,-7.0,2.0,10.0,-1.0,-1.0,-17.0,3.0,-10.0,0.0,-3.0,10.0,-5.0,-8.0,-6.0,3.0
2,-3.0,-7.0,0.0,12.0,-1.0,-3.0,-17.0,3.0,-10.0,0.0,-4.0,9.0,-6.0,-7.0,-7.0,3.0
3,-2.0,-8.0,-3.0,14.0,-1.0,-4.0,-17.0,2.0,-10.0,0.0,-4.0,8.0,-6.0,-5.0,-7.0,3.0
4,0.0,-8.0,-5.0,16.0,-3.0,-6.0,-17.0,2.0,-10.0,0.0,-4.0,7.0,-6.0,-6.0,-6.0,3.0
4,1.0,-9.0,-6.0,18.0,-4.0,-7.0,-16.0,2.0,-11.0,0.0,-4.0,6.0,-7.0,-7.0,-4.0,3.0
4,2.0,-9.0,-7.0,18.0,-5.0,-8.0,-15.0,3.0,-11.0,0.0,-3.0,6.0,-8.0,-8.0,-2.0,3.0
5,3.0,-8.0,-8.0,18.0,-4.0,-8.0,-13.0,2.0,-11.0,-1.0,-3.0,5.0,-9.0,-9.0,0.0,3.0
5,3.0,-7.0,-8.0,17.0,-3.0,-9.0,-12.0,2.0,-12.0,-1.0,-3.0,5.0,-10.0,-9.0,1.0,3.0
5,3.0,-6.0,-8.0,16.0,-1.0,-9.0,-11.0,2.0,-12.0,-1.0,-2.0,5.0,-12.0,-8.0,1.0,3.0
6,3.0,-5.0,-8.0,15.0,0.0,-10.0,-10.0,1.0,-13.0,-1.0,-1.0,5.0,-13.0,-7.0,1.0,3.0
5,3.0,-5.0,-9.0,13.0,1.0,-11.0,-9.0,1.0,-13.0,-1.0,-1.0,5.0,-14.0,-6.0,1.0,3.0
5,2.0,-5.0,-9.0,12.0,1.0,-12.0,-9.0,1.0,-13.0,-1.0,-2.0,5.0,-14.0,-7.0,2.0,3.0
5,1.0,-5.0,-9.0,11.0,1.0,-12.0,-9.0,2.0,-12.0,-1.0,-3.0,6.0,-14.0,-8.0,2.0,3.0
5,0.0,-6.0,-9.0,11.0,0.0,-13.0,-9.0,2.0,-10.0,-1.0,-4.0,6.0,-13.0,-9.0,3.0,3.0
5,0.0,-6.0,-9.0,11.0,-1.0,-13.0,-9.0,2.0,-9.0,-1.0,-4.0,7.0,-12.0,-10.0,3.0,3.0
5,0.0,-7.0,-9.0,12.0,-2.0,-13.0,-8.0,2.0,-8.0,0.0,-5.0,7.0,-11.0,-11.0,3.0,3.0
5,0.0,-8.0,-8.0,14.0,-4.0,-13.0,-8.0,1.0,-7.0,1.0,-5.0,8.0,-9.0,-11.0,3.0,3.0
5,0.0,-9.0,-7.0,16.0,-6.0,-13.0,-8.0,1.0,-6.0,3.0,-4.0,9.0,-7.0,-10.0,3.0,3.0
5,0.0,-10.0,-5.0,17.0,-7.0,-12.0,-8.0,1.0,-5.0,5.0,-3.0,10.0,-5.0,-9.0,1.0,3.0
5,-1.0,-11.0,-3.0,17.0,-7.0,-12.0,-7.0,1.0,-4.0,7.0,-3.0,11.0,-3.0,-8.0,0.0,3.0
4,0.0,-11.0,-1.0,18.0,-7.0,-12.0,-7.0,1.0,-3.0,8.0,-3.0,13.0,-2.0,-8.0,-2.0,3.0
3,0.0,-10.0,1.0,19.0,-6.0,-11.0,-7.0,1.0,-2.0,8.0,-5.0,15.0,0.0,-9.0,-3.0,3.0
3,2.0,-10.0,1.0,20.0,-6.0,-11.0,-7.0,2.0,-1.0,8.0,-6.0,16.0,1.0,-11.0,-3.0,3.0
4,4.0,-10.0,1.0,21.0,-5.0,-11.0,-7.0,3.0,-1.0,7.0,-8.0,17.0,2.0,-13.0,-4.0,3.0
4,5.0,-10.0,1.0,23.0,-4.0,-11.0,-8.0,5.0,1.0,6.0,-9.0,19.0,2.0,-14.0,-4.0,3.0
6,7.0,-10.0,0.0,25.0,-4.0,-10.0,-8.0,6.0,1.0,5.0,-9.0,21.0,2.0,-13.0,-5.0,3.0
7,9.0,-11.0,-1.0,26.0,-5.0,-10.0,-9.0,7.0,2.0,4.0,-8.0,21.0,1.0,-11.0,-7.0,3.0
7,10.0,-12.0,-2.0,28.0,-6.0,-9.0,-10.0,7.0,2.0,3.0,-6.0,20.0,0.0,-8.0,-7.0,3.0
8,10.0,-13.0,-3.0,28.0,-7.0,-9.0,-10.0,5.0,2.0,2.0,-4.0,18.0,-1.0,-6.0,-6.0,3.0
7,11.0,-13.0,-4.0,28.0,-8.0,-10.0,-9.0,3.0,2.0,1.0,-1.0,15.0,-2.0,-4.0,-5.0,3.0
7,12.0,-13.0,-5.0,27.0,-8.0,-10.0,-8.0,1.0,2.0,1.0,2.0,13.0,-2.0,-2.0,-3.0,3.0
6,12.0,-12.0,-5.0,24.0,-7.0,-10.0,-6.0,2.0,1.0,1.0,3.0,11.0,-2.0,0.0,-2.0,3.0
5,13.0,-11.0,-5.0,21.0,-5.0,-10.0,-4.0,4.0,-1.0,0.0,4.0,10.0,-2.0,1.0,-1.0,3.0
4,14.0,-9.0,-5.0,16.0,-2.0,-9.0,-1.0,5.0,-2.0,0.0,4.0,8.0,-3.0,1.0,1.0,3.0
3,14.0,-7.0,-4.0,12.0,1.0,-9.0,2.0,5.0,-1.0,-1.0,3.0,6.0,-3.0,-1.0,3.0,3.0
3,14.0,-5.0,-3.0,8.0,4.0,-7.0,5.0,4.0,0.0,-2.0,2.0,4.0,-3.0,-2.0,4.0,3.0
2,13.0,-4.0,-1.0,4.0,6.0,-6.0,7.0,3.0,2.0,-3.0,0.0,3.0,-2.0,-4.0,5.0,3.0
1,12.0,-2.0,0.0,-1.0,8.0,-4.0,8.0,3.0,4.0,-3.0,-2.0,2.0,-1.0,-5.0,5.0,3.0
0,11.0,-1.0,1.0,-4.0,8.0,-2.0,9.0,5.0,5.0,-4.0,-3.0,2.0,1.0,-5.0,5.0,3.0
-1,10.0,-1.0,2.0,-8.0,8.0,1.0,10.0,8.0,5.0,-4.0,-3.0,2.0,2.0,-4.0,5.0,3.0
-2,9.0,1.0,3.0,-11.0,8.0,2.0,11.0,10.0,5.0,-4.0,-3.0,2.0,3.0,-3.0,5.0,3.0
-2,8.0,1.0,4.0,-14.0,8.0,3.0,13.0,11.0,5.0,-4.0,-4.0,0.0,4.0,-2.0,6.0,3.0
-2,8.0,1.0,4.0,-15.0,8.0,4.0,15.0,10.0,6.0,-3.0,-4.0,-2.0,5.0,-1.0,6.0,3.0
-1,8.0,2.0,5.0,-15.0,7.0,4.0,17.0,9.0,7.0,-2.0,-5.0,-4.0,6.0,1.0,6.0,3.0
1,8.0,2.0,5.0,-14.0,7.0,4.0,19.0,9.0,7.0,0.0,-7.0,-4.0,7.0,2.0,5.0,3.0
2,9.0,3.0,5.0,-13.0,7.0,4.0,21.0,11.0,8.0,2.0,-9.0,-4.0,9.0,3.0,4.0,3.0
4,10.0,4.0,5.0,-12.0,8.0,3.0,22.0,13.0,10.0,3.0,-12.0,-2.0,10.0,4.0,3.0,3.0
6,11.0,5.0,4.0,-11.0,10.0,2.0,24.0,14.0,13.0,5.0,-15.0,-1.0,11.0,4.0,3.0,3.0
7,12.0,7.0,3.0,-11.0,13.0,2.0,26.0,14.0,17.0,6.0,-18.0,0.0,13.0,3.0,4.0,3.0
9,14.0,9.0,3.0,-11.0,17.0,1.0,27.0,12.0,22.0,8.0,-20.0,1.0,16.0,1.0,5.0,3.0
9,16.0,10.0,2.0,-12.0,20.0,2.0,28.0,10.0,27.0,10.0,-22.0,2.0,18.0,-1.0,6.0,3.0
9,18.0,11.0,2.0,-13.0,22.0,2.0,28.0,8.0,31.0,11.0,-23.0,3.0,20.0,-2.0,8.0,3.0
8,21.0,11.0,2.0,-13.0,24.0,4.0,26.0,8.0,33.0,13.0,-24.0,4.0,21.0,-3.0,8.0,3.0
6,23.0,10.0,3.0,-11.0,24.0,6.0,24.0,9.0,33.0,13.0,-23.0,5.0,21.0,-2.0,7.0,3.0
5,24.0,9.0,5.0,-9.0,24.0,8.0,20.0,10.0,31.0,14.0,-22.0,6.0,21.0,-1.0,7.0,3.0
5,25.0,7.0,7.0,-5.0,22.0,10.0,16.0,12.0,26.0,14.0,-19.0,8.0,19.0,0.0,6.0,3.0
5,23.0,4.0,10.0,-1.0,20.0,12.0,11.0,13.0,22.0,12.0,-17.0,9.0,16.0,1.0,5.0,3.0
5,21.0,2.0,13.0,3.0,18.0,13.0,7.0,14.0,18.0,11.0,-14.0,10.0,14.0,1.0,3.0,3.0
5,19.0,-1.0,17.0,6.0,16.0,15.0,4.0,14.0,14.0,8.0,-13.0,11.0,11.0,1.0,1.0,3.0
5,16.0,-3.0,19.0,7.0,13.0,16.0,1.0,14.0,11.0,5.0,-11.0,11.0,9.0,2.0,-2.0,3.0
5,13.0,-5.0,22.0,8.0,11.0,16.0,1.0,13.0,8.0,2.0,-8.0,11.0,6.0,3.0,-3.0,3.0
5,11.0,-6.0,23.0,7.0,9.0,17.0,1.0,13.0,3.0,0.0,-3.0,9.0,3.0,5.0,-4.0,3.0
4,9.0,-7.0,24.0,4.0,8.0,16.0,3.0,12.0,-1.0,-1.0,1.0,7.0,-1.0,8.0,-4.0,3.0
3,8.0,-6.0,24.0,2.0,6.0,16.0,5.0,11.0,-3.0,-2.0,5.0,5.0,-2.0,10.0,-3.0,3.0
2,7.0,-6.0,23.0,-1.0,5.0,14.0,8.0,9.0,-2.0,-1.0,7.0,6.0,-2.0,11.0,-1.0,3.0
1,6.0,-5.0,21.0,-3.0,3.0,13.0,9.0,8.0,1.0,0.0,8.0,8.0,-2.0,10.0,1.0,3.0
1,6.0,-5.0,18.0,-4.0,2.0,12.0,10.0,6.0,6.0,0.0,9.0,11.0,-2.0,9.0,3.0,3.0
2,5.0,-4.0,16.0,-3.0,0.0,11.0,10.0,5.0,9.0,0.0,9.0,14.0,-2.0,7.0,4.0,3.0
2,5.0,-4.0,13.0,-2.0,-2.0,10.0,10.0,5.0,9.0,0.0,8.0,15.0,-3.0,5.0,4.0,3.0
3,4.0,-5.0,11.0,-1.0,-3.0,8.0,8.0,6.0,6.0,-1.0,7.0,15.0,-3.0,4.0,3.0,3.0
3,4.0,-5.0,8.0,0.0,-4.0,7.0,7.0,7.0,4.0,-2.0,6.0,13.0,-4.0,3.0,2.0,3.0
3,4.0,-5.0,6.0,0.0,-4.0,5.0,7.0,8.0,3.0,-3.0,4.0,13.0,-4.0,3.0,1.0,3.0
3,5.0,-4.0,5.0,1.0,-3.0,5.0,7.0,8.0,5.0,-3.0,2.0,14.0,-4.0,2.0,0.0,3.0
3,7.0,-3.0,5.0,3.0,-3.0,5.0,8.0,9.0,7.0,-3.0,1.0,16.0,-5.0,3.0,0.0,3.0
3,10.0,-1.0,5.0,5.0,-1.0,5.0,9.0,10.0,9.0,-2.0,-1.0,19.0,-6.0,4.0,0.0,3.0
3,12.0,2.0,6.0,7.0,0.0,5.0,11.0,11.0,11.0,-2.0,-1.0,20.0,-6.0,5.0,1.0,3.0
3,14.0,4.0,7.0,9.0,2.0,5.0,12.0,12.0,11.0,-1.0,0.0,21.0,-5.0,6.0,1.0,3.0
3,16.0,5.0,8.0,10.0,3.0,6.0,13.0,13.0,11.0,0.0,1.0,20.0,-3.0,6.0,2.0,3.0
2,17.0,6.0,9.0,11.0,4.0,7.0,13.0,14.0,10.0,1.0,2.0,20.0,-2.0,5.0,4.0,3.0
2,17.0,6.0,11.0,12.0,4.0,8.0,12.0,16.0,7.0,1.0,3.0,19.0,-1.0,4.0,5.0,3.0
3,17.0,4.0,12.0,14.0,4.0,9.0,10.0,16.0,5.0,1.0,3.0,17.0,-1.0,3.0,6.0,3.0
4,16.0,2.0,12.0,15.0,3.0,9.0,7.0,15.0,3.0,1.0,4.0,16.0,-1.0,2.0,6.0,3.0
6,15.0,0.0,12.0,17.0,2.0,9.0,4.0,13.0,3.0,-1.0,4.0,13.0,-2.0,1.0,6.0,3.0
7,13.0,-3.0,10.0,18.0,1.0,9.0,1.0,10.0,3.0,-1.0,4.0,10.0,-3.0,2.0,6.0,3.0
8,11.0,-4.0,9.0,18.0,1.0,7.0,-2.0,7.0,3.0,-2.0,4.0,8.0,-4.0,3.0,6.0,3.0
8,8.0,-5.0,6.0,17.0,0.0,6.0,-5.0,6.0,3.0,-1.0,4.0,7.0,-5.0,4.0,6.0,3.0
8,6.0,-5.0,4.0,17.0,-1.0,4.0,-7.0,5.0,3.0,-1.0,2.0,5.0,-6.0,4.0,6.0,3.0
8,4.0,-5.0,1.0,17.0,-2.0,2.0,-9.0,5.0,2.0,0.0,0.0,4.0,-6.0,4.0,5.0,3.0
8,4.0,-5.0,-3.0,17.0,-2.0,-1.0,-11.0,5.0,2.0,1.0,-3.0,3.0,-6.0,4.0,4.0,3.0
9,5.0,-5.0,-7.0,18.0,-2.0,-3.0,-12.0,5.0,4.0,2.0,-5.0,3.0,-5.0,5.0,3.0,3.0
8,8.0,-6.0,-12.0,19.0,-1.0,-5.0,-14.0,5.0,6.0,2.0,-7.0,5.0,-5.0,3.0,2.0,3.0
8,12.0,-6.0,-17.0,21.0,-1.0,-7.0,-16.0,7.0,7.0,1.0,-10.0,8.0,-4.0,1.0,1.0,3.0
9,15.0,-6.0,-21.0,22.0,0.0,-8.0,-17.0,10.0,8.0,1.0,-12.0,13.0,-4.0,-2.0,-1.0,3.0
9,18.0,-5.0,-24.0,23.0,2.0,-9.0,-17.0,14.0,7.0,0.0,-15.0,18.0,-3.0,-6.0,-3.0,3.0
10,19.0,-5.0,-25.0,24.0,2.0,-10.0,-17.0,16.0,7.0,-1.0,-16.0,22.0,-2.0,-9.0,-5.0,3.0
10,19.0,-5.0,-24.0,24.0,3.0,-11.0,-16.0,16.0,6.0,0.0,-17.0,24.0,-1.0,-9.0,-8.0,3.0
11,18.0,-6.0,-22.0,24.0,4.0,-11.0,-15.0,14.0,6.0,2.0,-17.0,25.0,0.0,-9.0,-11.0,3.0
12,17.0,-6.0,-20.0,24.0,4.0,-11.0,-14.0,12.0,7.0,3.0,-16.0,25.0,2.0,-7.0,-14.0,3.0
12,16.0,-6.0,-18.0,23.0,5.0,-10.0,-13.0,11.0,8.0,5.0,-15.0,25.0,5.0,-5.0,-15.0,3.0
12,15.0,-6.0,-15.0,22.0,6.0,-9.0,-13.0,11.0,10.0,6.0,-13.0,25.0,7.0,-4.0,-16.0,3.0
12,14.0,-6.0,-12.0,21.0,7.0,-8.0,-13.0,10.0,13.0,6.0,-11.0,26.0,10.0,-2.0,-16.0,3.0
11,12.0,-6.0,-9.0,21.0,6.0,-6.0,-13.0,9.0,16.0,6.0,-8.0,26.0,11.0,0.0,-14.0,3.0
10,9.0,-7.0,-6.0,21.0,4.0,-5.0,-13.0,7.0,18.0,6.0,-4.0,25.0,12.0,2.0,-12.0,3.0
9,5.0,-7.0,-3.0,21.0,1.0,-3.0,-14.0,5.0,18.0,6.0,1.0,24.0,11.0,3.0,-8.0,3.0
7,1.0,-7.0,0.0,21.0,-3.0,-2.0,-15.0,4.0,17.0,7.0,5.0,21.0,11.0,5.0,-4.0,3.0
5,-3.0,-7.0,2.0,20.0,-6.0,-2.0,-16.0,5.0,14.0,7.0,9.0,18.0,10.0,7.0,-1.0,3.0
3,-8.0,-7.0,3.0,20.0,-10.0,-2.0,-17.0,7.0,8.0,6.0,11.0,15.0,8.0,8.0,2.0,3.0
3,-12.0,-8.0,3.0,19.0,-14.0,-2.0,-18.0,8.0,2.0,6.0,13.0,10.0,7.0,7.0,4.0,3.0
2,-15.0,-9.0,2.0,19.0,-18.0,-2.0,-19.0,7.0,-3.0,5.0,13.0,5.0,6.0,6.0,5.0,3.0
2,-17.0,-11.0,1.0,18.0,-20.0,-2.0,-20.0,4.0,-5.0,4.0,11.0,-1.0,4.0,5.0,6.0,3.0
1,-18.0,-12.0,-2.0,16.0,-21.0,-3.0,-21.0,0.0,-7.0,2.0,9.0,-7.0,1.0,5.0,5.0,3.0
1,-17.0,-13.0,-5.0,13.0,-21.0,-4.0,-22.0,-3.0,-8.0,0.0,7.0,-11.0,-3.0,5.0,4.0,3.0
0,-15.0,-13.0,-9.0,11.0,-19.0,-6.0,-23.0,-4.0,-10.0,-2.0,4.0,-14.0,-6.0,5.0,4.0,3.0
0,-12.0,-13.0,-12.0,9.0,-17.0,-7.0,-22.0,-3.0,-12.0,-3.0,1.0,-16.0,-8.0,4.0,4.0,3.0
1,-10.0,-13.0,-16.0,8.0,-15.0,-8.0,-22.0,-1.0,-13.0,-4.0,-3.0,-17.0,-10.0,1.0,4.0,3.0
3,-8.0,-12.0,-18.0,7.0,-13.0,-8.0,-21.0,1.0,-14.0,-4.0,-6.0,-16.0,-11.0,-2.0,5.0,3.0
4,-6.0,-12.0,-19.0,6.0,-10.0,-8.0,-20.0,3.0,-13.0,-4.0,-8.0,-15.0,-11.0,-4.0,6.0,3.0
5,-5.0,-11.0,-20.0,4.0,-8.0,-8.0,-19.0,3.0,-12.0,-4.0,-10.0,-14.0,-12.0,-4.0,7.0,3.0
5,-4.0,-11.0,-19.0,2.0,-6.0,-7.0,-18.0,2.0,-9.0,-4.0,-11.0,-15.0,-11.0,-3.0,7.0,3.0
6,-4.0,-10.0,-17.0,1.0,-3.0,-6.0,-16.0,1.0,-7.0,-2.0,-11.0,-16.0,-9.0,-2.0,8.0,3.0
6,-3.0,-9.0,-14.0,1.0,-2.0,-5.0,-14.0,0.0,-5.0,1.0,-11.0,-18.0,-6.0,-1.0,9.0,3.0
7,-3.0,-7.0,-11.0,2.0,0.0,-4.0,-12.0,-1.0,-3.0,4.0,-10.0,-18.0,-2.0,0.0,11.0,3.0
7,-1.0,-6.0,-7.0,4.0,2.0,-2.0,-10.0,-1.0,1.0,8.0,-9.0,-17.0,1.0,2.0,12.0,3.0
7,2.0,-3.0,-5.0,5.0,5.0,0.0,-9.0,-2.0,6.0,11.0,-7.0,-13.0,4.0,4.0,13.0,3.0
7,4.0,-1.0,-3.0,7.0,7.0,2.0,-8.0,-1.0,12.0,14.0,-5.0,-8.0,7.0,7.0,13.0,3.0
8,7.0,2.0,-2.0,8.0,10.0,3.0,-6.0,0.0,17.0,16.0,-3.0,-3.0,10.0,11.0,12.0,3.0
8,9.0,4.0,-1.0,9.0,13.0,4.0,-5.0,1.0,22.0,17.0,0.0,1.0,13.0,13.0,12.0,3.0
8,12.0,7.0,-1.0,10.0,15.0,4.0,-3.0,2.0,25.0,18.0,2.0,5.0,16.0,15.0,12.0,3.0
8,13.0,8.0,0.0,10.0,16.0,5.0,-2.0,4.0,27.0,19.0,5.0,8.0,17.0,16.0,13.0,3.0
7,14.0,9.0,2.0,10.0,16.0,5.0,0.0,6.0,26.0,18.0,7.0,11.0,18.0,16.0,12.0,3.0
6,14.0,9.0,3.0,9.0,15.0,6.0,2.0,7.0,25.0,17.0,10.0,13.0,18.0,16.0,12.0,3.0
5,13.0,9.0,5.0,7.0,13.0,8.0,3.0,8.0,23.0,16.0,11.0,14.0,18.0,16.0,11.0,3.0
3,11.0,8.0,6.0,4.0,10.0,10.0,4.0,8.0,21.0,14.0,13.0,13.0,17.0,15.0,11.0,3.0
2,9.0,6.0,7.0,2.0,7.0,11.0,4.0,8.0,17.0,11.0,13.0,12.0,15.0,14.0,10.0,3.0
1,7.0,4.0,7.0,-1.0,4.0,12.0,5.0,8.0,13.0,8.0,13.0,9.0,11.0,13.0,9.0,3.0
0,5.0,3.0,6.0,-4.0,1.0,11.0,5.0,7.0,7.0,5.0,12.0,5.0,6.0,12.0,8.0,3.0
0,3.0,1.0,4.0,-7.0,-2.0,10.0,6.0,5.0,2.0,3.0,10.0,2.0,-1.0,11.0,8.0,3.0
1,0.0,0.0,2.0,-10.0,-4.0,9.0,7.0,3.0,-3.0,0.0,7.0,-2.0,-6.0,8.0,8.0,3.0
2,-3.0,-1.0,-1.0,-12.0,-5.0,6.0,8.0,2.0,-8.0,-2.0,4.0,-5.0,-11.0,4.0,8.0,3.0
3,-4.0,-1.0,-3.0,-14.0,-6.0,4.0,10.0,2.0,-12.0,-3.0,-1.0,-7.0,-14.0,0.0,7.0,3.0
3,-5.0,-2.0,-4.0,-15.0,-5.0,2.0,11.0,1.0,-14.0,-4.0,-5.0,-8.0,-15.0,-4.0,6.0,3.0
3,-4.0,-2.0,-5.0,-17.0,-3.0,0.0,13.0,2.0,-15.0,-4.0,-8.0,-8.0,-15.0,-6.0,5.0,3.0
3,-2.0,-1.0,-5.0,-18.0,0.0,-1.0,14.0,4.0,-16.0,-4.0,-11.0,-8.0,-14.0,-8.0,4.0,3.0
3,1.0,1.0,-4.0,-19.0,4.0,-1.0,16.0,6.0,-16.0,-2.0,-14.0,-7.0,-13.0,-8.0,3.0,3.0
2,5.0,2.0,-4.0,-20.0,7.0,0.0,18.0,6.0,-14.0,0.0,-16.0,-6.0,-13.0,-7.0,2.0,3.0
0,8.0,3.0,-3.0,-22.0,11.0,1.0,18.0,5.0,-13.0,3.0,-18.0,-6.0,-12.0,-6.0,1.0,3.0
-1,11.0,5.0,-2.0,-22.0,13.0,2.0,19.0,3.0,-11.0,5.0,-19.0,-6.0,-12.0,-4.0,-1.0,3.0
-2,13.0,7.0,0.0,-21.0,16.0,4.0,19.0,1.0,-10.0,7.0,-18.0,-6.0,-11.0,-1.0,-2.0,3.0
-3,15.0,9.0,4.0,-19.0,17.0,6.0,19.0,0.0,-8.0,8.0,-16.0,-4.0,-11.0,2.0,-3.0,3.0
-4,15.0,11.0,8.0,-17.0,18.0,9.0,20.0,0.0,-7.0,9.0,-13.0,-1.0,-11.0,4.0,-2.0,3.0
-5,15.0,13.0,13.0,-13.0,18.0,12.0,20.0,2.0,-7.0,10.0,-9.0,3.0,-10.0,4.0,-1.0,3.0
-5,13.0,15.0,19.0,-10.0,18.0,14.0,20.0,3.0,-6.0,11.0,-5.0,8.0,-10.0,5.0,1.0,3.0
-5,12.0,16.0,23.0,-6.0,18.0,17.0,18.0,3.0,-5.0,11.0,0.0,12.0,-10.0,5.0,3.0,3.0
-4,10.0,16.0,26.0,-2.0,17.0,18.0,16.0,3.0,-2.0,11.0,4.0,16.0,-10.0,6.0,4.0,3.0
-3,9.0,15.0,28.0,2.0,15.0,20.0,13.0,1.0,2.0,10.0,7.0,19.0,-9.0,7.0,4.0,3.0
-2,7.0,14.0,28.0,5.0,13.0,21.0,10.0,1.0,6.0,9.0,8.0,22.0,-7.0,8.0,2.0,3.0
-2,5.0,14.0,28.0,7.0,11.0,21.0,7.0,2.0,9.0,9.0,8.0,25.0,-5.0,7.0,1.0,3.0
-2,4.0,13.0,28.0,8.0,9.0,21.0,5.0,5.0,9.0,8.0,9.0,28.0,-2.0,6.0,-1.0,3.0
-2,4.0,12.0,27.0,9.0,7.0,21.0,4.0,9.0,7.0,7.0,10.0,31.0,0.0,6.0,-3.0,3.0
-2,3.0,11.0,27.0,10.0,5.0,20.0,3.0,12.0,3.0,6.0,13.0,33.0,1.0,7.0,-5.0,3.0
-2,2.0,10.0,25.0,10.0,3.0,19.0,3.0,13.0,0.0,5.0,17.0,34.0,0.0,7.0,-6.0,3.0
-2,1.0,9.0,23.0,10.0,2.0,18.0,2.0,14.0,-4.0,3.0,20.0,33.0,-1.0,7.0,-6.0,3.0
-3,0.0,7.0,20.0,8.0,-1.0,16.0,1.0,13.0,-7.0,1.0,22.0,32.0,-2.0,5.0,-6.0,3.0
-4,-2.0,6.0,16.0,6.0,-3.0,13.0,0.0,12.0,-11.0,0.0,22.0,28.0,-4.0,3.0,-4.0,3.0
-6,-3.0,5.0,11.0,3.0,-5.0,11.0,-2.0,10.0,-13.0,-1.0,21.0,25.0,-6.0,1.0,-3.0,3.0
-8,-4.0,4.0,7.0,1.0,-7.0,9.0,-3.0,8.0,-14.0,-2.0,19.0,21.0,-8.0,0.0,-3.0,3.0
-8,-4.0,4.0,2.0,-1.0,-9.0,7.0,-4.0,7.0,-13.0,-2.0,15.0,18.0,-9.0,0.0,-3.0,3.0
-8,-4.0,5.0,-3.0,-1.0,-9.0,4.0,-4.0,5.0,-11.0,-2.0,11.0,16.0,-9.0,-1.0,-3.0,3.0
-8,-2.0,6.0,-8.0,-1.0,-9.0,2.0,-4.0,3.0,-6.0,-1.0,5.0,14.0,-8.0,-2.0,-3.0,3.0
-7,0.0,7.0,-12.0,0.0,-9.0,1.0,-4.0,1.0,-2.0,1.0,-1.0,12.0,-6.0,-4.0,-2.0,3.0
-6,2.0,7.0,-15.0,0.0,-8.0,-1.0,-4.0,0.0,1.0,2.0,-6.0,9.0,-5.0,-6.0,-1.0,3.0
-5,4.0,6.0,-17.0,0.0,-7.0,-1.0,-4.0,-1.0,2.0,3.0,-11.0,6.0,-5.0,-9.0,0.0,3.0
-5,4.0,4.0,-17.0,-1.0,-7.0,-2.0,-5.0,-2.0,1.0,2.0,-15.0,3.0,-7.0,-11.0,1.0,3.0
-4,3.0,2.0,-16.0,-2.0,-7.0,-2.0,-5.0,-3.0,0.0,1.0,-17.0,1.0,-9.0,-13.0,2.0,3.0
-4,1.0,0.0,-14.0,-4.0,-7.0,-3.0,-5.0,-3.0,-2.0,-2.0,-16.0,0.0,-11.0,-14.0,3.0,3.0
-5,-2.0,-2.0,-11.0,-5.0,-7.0,-3.0,-6.0,-4.0,-4.0,-4.0,-13.0,-1.0,-14.0,-13.0,2.0,3.0
-6,-5.0,-4.0,-8.0,-5.0,-8.0,-3.0,-7.0,-6.0,-8.0,-5.0,-8.0,-2.0,-16.0,-10.0,1.0,3.0
-7,-10.0,-8.0,-1.0,-3.0,-9.0,-1.0,-13.0,-6.0,-18.0,-8.0,4.0,-2.0,-19.0,-6.0,-2.0,3.0
-7,-12.0,-9.0,2.0,-1.0,-9.0,0.0,-16.0,-5.0,-23.0,-10.0,9.0,-1.0,-20.0,-5.0,-3.0,3.0
-7,-14.0,-10.0,4.0,1.0,-10.0,1.0,-19.0,-3.0,-27.0,-12.0,13.0,1.0,-22.0,-4.0,-4.0,3.0
-7,-17.0,-10.0,6.0,3.0,-11.0,2.0,-21.0,-2.0,-29.0,-14.0,15.0,4.0,-23.0,-4.0,-7.0,3.0
-7,-18.0,-10.0,8.0,4.0,-13.0,3.0,-22.0,-1.0,-31.0,-15.0,16.0,6.0,-24.0,-4.0,-9.0,3.0
-6,-19.0,-10.0,8.0,6.0,-13.0,4.0,-23.0,-1.0,-31.0,-16.0,17.0,8.0,-25.0,-3.0,-10.0,3.0
-6,-19.0,-9.0,8.0,7.0,-14.0,4.0,-23.0,-1.0,-29.0,-16.0,17.0,8.0,-24.0,-3.0,-11.0,3.0
-6,-18.0,-8.0,7.0,8.0,-13.0,3.0,-22.0,-3.0,-26.0,-15.0,17.0,7.0,-22.0,-3.0,-11.0,3.0
-6,-17.0,-7.0,5.0,9.0,-13.0,1.0,-21.0,-6.0,-22.0,-14.0,16.0,5.0,-19.0,-2.0,-11.0,3.0
-5,-16.0,-6.0,3.0,9.0,-12.0,0.0,-21.0,-9.0,-17.0,-12.0,14.0,1.0,-15.0,1.0,-11.0,3.0
-4,-15.0,-5.0,0.0,9.0,-11.0,-2.0,-20.0,-11.0,-13.0,-10.0,12.0,-3.0,-11.0,4.0,-11.0,3.0
-2,-14.0,-4.0,-3.0,10.0,-10.0,-3.0,-20.0,-12.0,-9.0,-7.0,10.0,-6.0,-8.0,7.0,-11.0,3.0
0,-12.0,-4.0,-6.0,10.0,-8.0,-5.0,-19.0,-11.0,-6.0,-5.0,7.0,-10.0,-5.0,10.0,-10.0,3.0
1,-9.0,-3.0,-9.0,10.0,-6.0,-7.0,-17.0,-9.0,-5.0,-2.0,2.0,-14.0,-3.0,11.0,-9.0,3.0
2,-6.0,-3.0,-11.0,9.0,-4.0,-8.0,-14.0,-8.0,-5.0,2.0,-6.0,-19.0,-1.0,11.0,-8.0,3.0
2,-2.0,-2.0,-13.0,8.0,-2.0,-9.0,-12.0,-9.0,-4.0,6.0,-14.0,-24.0,0.0,10.0,-7.0,3.0
3,0.0,-1.0,-14.0,8.0,-1.0,-10.0,-9.0,-10.0,-2.0,9.0,-23.0,-29.0,2.0,7.0,-7.0,3.0
4,2.0,-1.0,-15.0,7.0,-1.0,-10.0,-7.0,-13.0,2.0,11.0,-30.0,-31.0,5.0,4.0,-8.0,3.0
5,2.0,-1.0,-15.0,7.0,-2.0,-10.0,-4.0,-15.0,8.0,11.0,-32.0,-29.0,9.0,2.0,-10.0,3.0
7,2.0,-1.0,-15.0,8.0,-2.0,-9.0,-3.0,-15.0,16.0,9.0,-28.0,-23.0,14.0,1.0,-11.0,3.0
8,3.0,-1.0,-14.0,9.0,-3.0,-9.0,-2.0,-13.0,23.0,6.0,-21.0,-13.0,19.0,1.0,-12.0,3.0
8,4.0,0.0,-12.0,11.0,-3.0,-8.0,-1.0,-9.0,27.0,3.0,-11.0,-3.0,21.0,4.0,-12.0,3.0
7,5.0,1.0,-10.0,14.0,-4.0,-8.0,-1.0,-5.0,30.0,1.0,-1.0,7.0,21.0,7.0,-10.0,3.0
6,7.0,1.0,-9.0,18.0,-4.0,-8.0,-2.0,-2.0,29.0,0.0,8.0,14.0,19.0,10.0,-7.0,3.0
6,8.0,0.0,-7.0,21.0,-4.0,-8.0,-4.0,1.0,26.0,-2.0,16.0,19.0,15.0,11.0,-3.0,3.0
7,8.0,-2.0,-6.0,24.0,-4.0,-8.0,-6.0,2.0,22.0,-3.0,21.0,20.0,10.0,12.0,1.0,3.0
8,8.0,-5.0,-5.0,26.0,-6.0,-8.0,-8.0,2.0,16.0,-5.0,25.0,16.0,7.0,12.0,4.0,3.0
9,5.0,-8.0,-5.0,26.0,-7.0,-7.0,-10.0,1.0,10.0,-6.0,26.0,9.0,4.0,12.0,6.0,3.0
9,2.0,-9.0,-4.0,24.0,-9.0,-6.0,-12.0,-2.0,3.0,-7.0,26.0,0.0,1.0,12.0,8.0,3.0
9,-3.0,-9.0,-4.0,20.0,-12.0,-4.0,-12.0,-3.0,-4.0,-7.0,25.0,-9.0,-1.0,11.0,9.0,3.0
7,-8.0,-9.0,-4.0,14.0,-14.0,-2.0,-11.0,-4.0,-9.0,-8.0,22.0,-17.0,-2.0,9.0,10.0,3.0
4,-13.0,-7.0,-3.0,7.0,-16.0,-1.0,-9.0,-4.0,-14.0,-8.0,19.0,-22.0,-3.0,7.0,11.0,3.0
1,-17.0,-5.0,-4.0,-1.0,-17.0,-1.0,-6.0,-3.0,-19.0,-7.0,14.0,-26.0,-3.0,3.0,11.0,3.0
-1,-20.0,-3.0,-4.0,-8.0,-17.0,-1.0,-3.0,-1.0,-21.0,-7.0,9.0,-28.0,-2.0,0.0,10.0,3.0
-3,-21.0,-2.0,-5.0,-14.0,-16.0,-1.0,1.0,0.0,-22.0,-6.0,4.0,-30.0,0.0,-3.0,9.0,3.0
-5,-21.0,-1.0,-5.0,-20.0,-15.0,-1.0,5.0,0.0,-22.0,-6.0,-1.0,-32.0,2.0,-6.0,7.0,3.0
-7,-21.0,1.0,-5.0,-25.0,-14.0,-1.0,8.0,-1.0,-21.0,-6.0,-5.0,-35.0,4.0,-8.0,6.0,3.0
-8,-20.0,2.0,-4.0,-30.0,-12.0,0.0,12.0,-2.0,-20.0,-7.0,-8.0,-36.0,5.0,-10.0,5.0,3.0
-10,-18.0,3.0,-3.0,-34.0,-10.0,1.0,15.0,-4.0,-19.0,-7.0,-11.0,-38.0,6.0,-12.0,3.0,3.0
-12,-17.0,5.0,-2.0,-37.0,-8.0,1.0,18.0,-5.0,-19.0,-6.0,-14.0,-39.0,6.0,-12.0,1.0,3.0
-12,-15.0,6.0,-1.0,-39.0,-6.0,2.0,20.0,-5.0,-19.0,-5.0,-16.0,-40.0,7.0,-11.0,-1.0,3.0
-12,-13.0,7.0,1.0,-39.0,-3.0,3.0,22.0,-5.0,-19.0,-4.0,-18.0,-40.0,8.0,-9.0,-4.0,3.0
-11,-11.0,7.0,2.0,-39.0,-1.0,3.0,23.0,-4.0,-18.0,-3.0,-20.0,-40.0,10.0,-9.0,-6.0,3.0
-10,-9.0,7.0,2.0,-38.0,2.0,3.0,23.0,-4.0,-16.0,-2.0,-21.0,-39.0,12.0,-10.0,-7.0,3.0
-8,-7.0,7.0,3.0,-37.0,5.0,3.0,23.0,-5.0,-13.0,-2.0,-23.0,-38.0,14.0,-11.0,-8.0,3.0
-5,-6.0,6.0,3.0,-36.0,8.0,4.0,23.0,-5.0,-10.0,-2.0,-24.0,-36.0,17.0,-13.0,-8.0,3.0
-3,-4.0,6.0,2.0,-35.0,10.0,4.0,21.0,-6.0,-7.0,-2.0,-24.0,-35.0,18.0,-15.0,-8.0,3.0
-2,-3.0,6.0,0.0,-35.0,13.0,5.0,19.0,-7.0,-6.0,-2.0,-24.0,-33.0,18.0,-15.0,-9.0,3.0
-2,-1.0,5.0,-1.0,-36.0,15.0,5.0,17.0,-8.0,-7.0,-3.0,-23.0,-33.0,16.0,-13.0,-10.0,3.0
-2,1.0,5.0,-3.0,-36.0,18.0,6.0,14.0,-8.0,-8.0,-4.0,-21.0,-32.0,14.0,-11.0,-11.0,3.0
-2,3.0,6.0,-4.0,-35.0,20.0,6.0,12.0,-7.0,-9.0,-4.0,-20.0,-31.0,12.0,-9.0,-12.0,3.0
-2,5.0,7.0,-5.0,-34.0,22.0,7.0,10.0,-7.0,-9.0,-3.0,-20.0,-30.0,10.0,-7.0,-12.0,3.0
-2,7.0,9.0,-6.0,-32.0,23.0,9.0,7.0,-6.0,-8.0,-1.0,-21.0,-28.0,11.0,-7.0,-11.0,3.0
-3,9.0,11.0,-7.0,-30.0,24.0,11.0,6.0,-7.0,-5.0,2.0,-22.0,-27.0,11.0,-6.0,-11.0,3.0
-4,10.0,13.0,-8.0,-29.0,25.0,12.0,4.0,-9.0,0.0,4.0,-24.0,-25.0,12.0,-6.0,-11.0,3.0
-5,12.0,15.0,-9.0,-28.0,25.0,13.0,2.0,-12.0,5.0,5.0,-25.0,-23.0,12.0,-5.0,-10.0,3.0
-5,12.0,16.0,-9.0,-27.0,25.0,14.0,1.0,-16.0,10.0,7.0,-25.0,-22.0,13.0,-5.0,-10.0,3.0
-6,12.0,16.0,-10.0,-26.0,24.0,14.0,0.0,-17.0,12.0,7.0,-24.0,-20.0,13.0,-4.0,-10.0,3.0
-7,12.0,15.0,-10.0,-25.0,23.0,13.0,-1.0,-18.0,12.0,8.0,-22.0,-19.0,12.0,-3.0,-10.0,3.0
-7,11.0,14.0,-11.0,-25.0,21.0,12.0,-1.0,-17.0,10.0,8.0,-19.0,-17.0,11.0,-2.0,-10.0,3.0
-8,10.0,12.0,-11.0,-25.0,19.0,11.0,-2.0,-15.0,7.0,8.0,-17.0,-16.0,10.0,-1.0,-10.0,3.0
-7,10.0,10.0,-13.0,-25.0,17.0,10.0,-2.0,-14.0,6.0,8.0,-15.0,-16.0,9.0,0.0,-8.0,3.0
-6,11.0,8.0,-15.0,-25.0,16.0,8.0,-2.0,-13.0,8.0,8.0,-15.0,-16.0,9.0,0.0,-6.0,3.0
-5,11.0,7.0,-17.0,-25.0,16.0,7.0,-2.0,-12.0,10.0,10.0,-18.0,-17.0,10.0,1.0,-4.0,3.0
-4,10.0,5.0,-17.0,-25.0,15.0,7.0,-2.0,-11.0,10.0,13.0,-20.0,-19.0,11.0,2.0,-2.0,3.0
-4,8.0,4.0,-15.0,-25.0,14.0,7.0,-2.0,-11.0,8.0,16.0,-20.0,-22.0,12.0,6.0,-2.0,3.0
-5,6.0,4.0,-11.0,-25.0,12.0,8.0,-2.0,-13.0,3.0,20.0,-17.0,-26.0,11.0,10.0,-3.0,3.0
-8,4.0,3.0,-5.0,-26.0,10.0,10.0,-1.0,-17.0,-3.0,21.0,-11.0,-30.0,10.0,15.0,-5.0,3.0
-11,2.0,3.0,1.0,-25.0,8.0,12.0,-1.0,-21.0,-9.0,20.0,-2.0,-31.0,9.0,19.0,-8.0,3.0
-14,3.0,2.0,5.0,-23.0,6.0,15.0,-1.0,-23.0,-11.0,16.0,8.0,-28.0,9.0,20.0,-12.0,3.0
-16,4.0,2.0,9.0,-19.0,4.0,16.0,-3.0,-22.0,-11.0,9.0,18.0,-20.0,10.0,20.0,-16.0,3.0
-17,5.0,0.0,12.0,-13.0,2.0,18.0,-6.0,-20.0,-9.0,3.0,26.0,-9.0,11.0,18.0,-20.0,3.0
-15,7.0,-1.0,13.0,-5.0,1.0,18.0,-10.0,-16.0,-5.0,-3.0,32.0,4.0,11.0,15.0,-22.0,3.0
-12,9.0,-2.0,14.0,4.0,0.0,19.0,-14.0,-11.0,-2.0,-7.0,35.0,16.0,11.0,12.0,-23.0,3.0
-9,12.0,-2.0,14.0,13.0,1.0,19.0,-18.0,-6.0,2.0,-10.0,36.0,25.0,10.0,9.0,-22.0,3.0
-5,14.0,-1.0,13.0,22.0,1.0,19.0,-20.0,-2.0,4.0,-11.0,35.0,32.0,9.0,6.0,-20.0,3.0
-2,17.0,0.0,13.0,30.0,2.0,18.0,-22.0,4.0,4.0,-11.0,33.0,38.0,7.0,3.0,-18.0,3.0
1,19.0,0.0,12.0,36.0,3.0,16.0,-23.0,8.0,2.0,-10.0,30.0,41.0,2.0,2.0,-15.0,3.0
4,20.0,0.0,12.0,41.0,3.0,14.0,-23.0,12.0,0.0,-10.0,26.0,43.0,-4.0,2.0,-12.0,3.0
6,20.0,-2.0,11.0,43.0,3.0,11.0,-23.0,15.0,-3.0,-10.0,22.0,42.0,-10.0,2.0,-9.0,3.0
8,18.0,-4.0,9.0,44.0,2.0,8.0,-22.0,15.0,-5.0,-11.0,19.0,39.0,-15.0,1.0,-7.0,3.0
9,14.0,-6.0,7.0,42.0,-1.0,4.0,-21.0,14.0,-7.0,-12.0,15.0,34.0,-18.0,-2.0,-4.0,3.0
8,10.0,-8.0,5.0,37.0,-5.0,0.0,-19.0,13.0,-10.0,-12.0,11.0,27.0,-19.0,-5.0,-2.0,3.0
5,5.0,-9.0,2.0,31.0,-8.0,-3.0,-17.0,10.0,-13.0,-13.0,8.0,19.0,-20.0,-7.0,0.0,3.0
1,1.0,-9.0,-1.0,22.0,-12.0,-5.0,-14.0,7.0,-16.0,-13.0,5.0,10.0,-20.0,-8.0,1.0,3.0
-3,-4.0,-9.0,-3.0,13.0,-15.0,-6.0,-10.0,4.0,-19.0,-12.0,3.0,2.0,-21.0,-8.0,1.0,3.0
-7,-7.0,-8.0,-4.0,5.0,-17.0,-6.0,-7.0,1.0,-22.0,-11.0,0.0,-7.0,-20.0,-7.0,1.0,3.0
-9,-10.0,-7.0,-4.0,-2.0,-19.0,-5.0,-4.0,-3.0,-23.0,-11.0,-2.0,-14.0,-19.0,-7.0,1.0,3.0
-9,-12.0,-7.0,-4.0,-8.0,-20.0,-4.0,-2.0,-6.0,-24.0,-11.0,-4.0,-21.0,-17.0,-6.0,1.0,3.0
-8,-14.0,-8.0,-4.0,-12.0,-20.0,-3.0,1.0,-8.0,-24.0,-10.0,-5.0,-27.0,-14.0,-7.0,0.0,3.0
-7,-15.0,-8.0,-4.0,-15.0,-18.0,-3.0,2.0,-9.0,-24.0,-10.0,-7.0,-31.0,-11.0,-8.0,0.0,3.0
-6,-15.0,-9.0,-4.0,-19.0,-16.0,-3.0,3.0,-9.0,-24.0,-10.0,-9.0,-34.0,-8.0,-10.0,0.0,3.0
-6,-15.0,-9.0,-5.0,-23.0,-13.0,-2.0,4.0,-8.0,-24.0,-9.0,-11.0,-35.0,-5.0,-12.0,0.0,3.0
-5,-16.0,-9.0,-4.0,-26.0,-10.0,-2.0,4.0,-8.0,-24.0,-9.0,-12.0,-37.0,-3.0,-13.0,-1.0,3.0
-5,-17.0,-9.0,-4.0,-29.0,-8.0,-2.0,5.0,-8.0,-24.0,-9.0,-13.0,-37.0,-1.0,-14.0,-1.0,3.0
-4,-19.0,-10.0,-3.0,-31.0,-7.0,-2.0,5.0,-8.0,-25.0,-9.0,-13.0,-37.0,-1.0,-14.0,-2.0,3.0
-4,-21.0,-10.0,-3.0,-32.0,-7.0,-3.0,4.0,-8.0,-24.0,-9.0,-12.0,-35.0,-1.0,-14.0,-3.0,3.0
-4,-23.0,-10.0,-3.0,-34.0,-8.0,-3.0,4.0,-8.0,-21.0,-10.0,-11.0,-32.0,0.0,-14.0,-4.0,3.0
-6,-24.0,-9.0,-2.0,-34.0,-8.0,-2.0,3.0,-8.0,-15.0,-11.0,-11.0,-28.0,2.0,-16.0,-4.0,3.0
-9,-23.0,-7.0,-1.0,-35.0,-8.0,-1.0,2.0,-9.0,-9.0,-12.0,-13.0,-24.0,5.0,-17.0,-6.0,3.0
-14,-20.0,-5.0,1.0,-34.0,-6.0,1.0,1.0,-10.0,-3.0,-12.0,-15.0,-23.0,9.0,-17.0,-8.0,3.0
-18,-16.0,-3.0,4.0,-32.0,-3.0,4.0,-1.0,-11.0,1.0,-10.0,-16.0,-22.0,11.0,-16.0,-10.0,3.0
-21,-12.0,-2.0,7.0,-29.0,1.0,6.0,-5.0,-12.0,2.0,-8.0,-16.0,-23.0,13.0,-15.0,-10.0,3.0
-23,-9.0,-2.0,10.0,-25.0,3.0,7.0,-10.0,-12.0,2.0,-6.0,-16.0,-24.0,14.0,-14.0,-9.0,3.0
-24,-8.0,-2.0,11.0,-19.0,4.0,8.0,-15.0,-13.0,1.0,-3.0,-16.0,-24.0,14.0,-13.0,-7.0,3.0
-23,-7.0,-3.0,11.0,-11.0,2.0,7.0,-19.0,-13.0,2.0,-1.0,-15.0,-24.0,14.0,-13.0,-4.0,3.0
-21,-5.0,-3.0,10.0,-1.0,-2.0,6.0,-22.0,-13.0,4.0,1.0,-15.0,-22.0,14.0,-13.0,-2.0,3.0
-18,-4.0,-4.0,9.0,9.0,-7.0,4.0,-23.0,-14.0,7.0,2.0,-15.0,-21.0,14.0,-12.0,-1.0,3.0
-14,-4.0,-5.0,9.0,18.0,-12.0,3.0,-23.0,-14.0,10.0,3.0,-14.0,-18.0,14.0,-11.0,1.0,3.0
-11,-7.0,-7.0,9.0,24.0,-18.0,1.0,-22.0,-13.0,13.0,4.0,-11.0,-14.0,14.0,-9.0,2.0,3.0
-9,-10.0,-9.0,11.0,27.0,-23.0,0.0,-21.0,-13.0,17.0,5.0,-6.0,-9.0,14.0,-5.0,3.0,3.0
-7,-12.0,-11.0,13.0,30.0,-28.0,0.0,-19.0,-12.0,20.0,6.0,-2.0,-5.0,14.0,-1.0,4.0,3.0
-6,-14.0,-11.0,15.0,32.0,-32.0,-1.0,-16.0,-10.0,23.0,7.0,1.0,-1.0,14.0,2.0,6.0,3.0
-6,-13.0,-11.0,15.0,34.0,-35.0,-1.0,-12.0,-7.0,27.0,7.0,2.0,4.0,14.0,4.0,7.0,3.0
-4,-9.0,-10.0,13.0,36.0,-36.0,-2.0,-8.0,-4.0,30.0,7.0,1.0,7.0,13.0,5.0,8.0,3.0
-3,-5.0,-8.0,10.0,37.0,-36.0,-3.0,-4.0,-2.0,31.0,7.0,-1.0,9.0,12.0,6.0,8.0,3.0
-1,-1.0,-7.0,7.0,37.0,-35.0,-4.0,-1.0,0.0,31.0,9.0,-2.0,10.0,12.0,8.0,7.0,3.0
-2,2.0,-6.0,4.0,34.0,-32.0,-5.0,1.0,-1.0,28.0,11.0,-1.0,7.0,11.0,12.0,6.0,3.0
-3,2.0,-6.0,3.0,27.0,-28.0,-5.0,1.0,-4.0,23.0,13.0,2.0,2.0,11.0,18.0,4.0,3.0
-6,0.0,-6.0,2.0,17.0,-24.0,-4.0,1.0,-8.0,18.0,14.0,6.0,-5.0,11.0,22.0,2.0,3.0
-9,-3.0,-6.0,2.0,6.0,-19.0,-4.0,0.0,-12.0,13.0,13.0,10.0,-11.0,11.0,25.0,1.0,3.0
-13,-7.0,-6.0,2.0,-4.0,-15.0,-4.0,-1.0,-16.0,10.0,11.0,13.0,-17.0,10.0,24.0,0.0,3.0
-15,-9.0,-7.0,3.0,-12.0,-11.0,-4.0,-1.0,-17.0,8.0,7.0,15.0,-19.0,10.0,22.0,-1.0,3.0
-17,-11.0,-7.0,4.0,-18.0,-8.0,-4.0,-1.0,-18.0,7.0,4.0,16.0,-18.0,9.0,20.0,-2.0,3.0
-18,-11.0,-7.0,5.0,-21.0,-6.0,-4.0,-1.0,-18.0,6.0,1.0,16.0,-17.0,8.0,17.0,-3.0,3.0
-19,-11.0,-7.0,7.0,-22.0,-5.0,-3.0,0.0,-17.0,6.0,-1.0,14.0,-16.0,6.0,15.0,-3.0,3.0
-19,-10.0,-7.0,7.0,-24.0,-3.0,-3.0,1.0,-17.0,5.0,-3.0,12.0,-15.0,4.0,13.0,-3.0,3.0
-18,-10.0,-8.0,8.0,-25.0,-2.0,-3.0,2.0,-14.0,3.0,-4.0,9.0,-15.0,1.0,10.0,-2.0,3.0
-15,-10.0,-10.0,8.0,-25.0,-2.0,-3.0,3.0,-13.0,0.0,-5.0,8.0,-15.0,-1.0,8.0,-1.0,3.0
-11,-10.0,-11.0,7.0,-25.0,-2.0,-3.0,4.0,-11.0,-2.0,-5.0,6.0,-16.0,-3.0,6.0,0.0,3.0
-8,-11.0,-12.0,7.0,-25.0,-3.0,-2.0,5.0,-10.0,-4.0,-7.0,5.0,-18.0,-4.0,5.0,1.0,3.0
-5,-12.0,-13.0,6.0,-26.0,-4.0,-1.0,7.0,-10.0,-6.0,-8.0,5.0,-20.0,-6.0,4.0,2.0,3.0
-4,-12.0,-14.0,6.0,-27.0,-5.0,-1.0,8.0,-10.0,-9.0,-9.0,4.0,-22.0,-8.0,4.0,3.0,3.0
-4,-11.0,-14.0,5.0,-28.0,-5.0,-1.0,9.0,-10.0,-12.0,-9.0,4.0,-25.0,-9.0,4.0,3.0,3.0
-4,-10.0,-15.0,5.0,-29.0,-4.0,-1.0,10.0,-9.0,-15.0,-9.0,3.0,-27.0,-9.0,3.0,3.0,3.0
-4,-9.0,-14.0,4.0,-31.0,-3.0,-1.0,11.0,-7.0,-17.0,-9.0,1.0,-29.0,-9.0,2.0,3.0,3.0
-4,-8.0,-13.0,2.0,-33.0,-1.0,-1.0,12.0,-7.0,-18.0,-9.0,-2.0,-31.0,-8.0,0.0,3.0,3.0
-4,-7.0,-11.0,0.0,-34.0,1.0,-1.0,12.0,-7.0,-16.0,-9.0,-5.0,-33.0,-6.0,-1.0,2.0,3.0
-4,-6.0,-9.0,-2.0,-36.0,4.0,-1.0,12.0,-8.0,-13.0,-9.0,-9.0,-34.0,-4.0,-2.0,1.0,3.0
-4,-4.0,-7.0,-5.0,-38.0,7.0,-1.0,12.0,-10.0,-11.0,-9.0,-12.0,-37.0,-1.0,-3.0,-1.0,3.0
-5,-2.0,-6.0,-8.0,-41.0,11.0,-1.0,11.0,-10.0,-9.0,-8.0,-16.0,-39.0,2.0,-3.0,-3.0,3.0
-5,-1.0,-4.0,-10.0,-45.0,14.0,-1.0,11.0,-10.0,-8.0,-7.0,-19.0,-41.0,5.0,-3.0,-4.0,3.0
-6,-2.0,-3.0,-11.0,-48.0,18.0,-2.0,10.0,-9.0,-7.0,-5.0,-22.0,-43.0,7.0,-4.0,-3.0,3.0
-7,-2.0,-1.0,-13.0,-51.0,20.0,-2.0,10.0,-9.0,-7.0,-4.0,-24.0,-45.0,9.0,-6.0,-2.0,3.0
-7,-3.0,0.0,-14.0,-53.0,21.0,-2.0,9.0,-10.0,-7.0,-3.0,-26.0,-47.0,11.0,-8.0,-1.0,3.0
-5,-4.0,0.0,-15.0,-53.0,22.0,-2.0,8.0,-10.0,-7.0,-2.0,-26.0,-49.0,12.0,-10.0,1.0,3.0
1,-5.0,-1.0,-17.0,-50.0,24.0,-3.0,7.0,-12.0,-7.0,-1.0,-26.0,-49.0,12.0,-10.0,1.0,3.0
8,-6.0,-3.0,-18.0,-43.0,24.0,-4.0,5.0,-12.0,-5.0,1.0,-26.0,-47.0,12.0,-9.0,2.0,3.0
16,-6.0,-5.0,-18.0,-36.0,25.0,-5.0,2.0,-12.0,-1.0,1.0,-25.0,-41.0,12.0,-9.0,1.0,3.0
20,-5.0,-6.0,-18.0,-27.0,24.0,-4.0,-2.0,-9.0,4.0,0.0,-24.0,-32.0,12.0,-10.0,1.0,3.0
21,-3.0,-6.0,-17.0,-20.0,24.0,-3.0,-6.0,-6.0,8.0,-1.0,-24.0,-23.0,12.0,-11.0,-1.0,3.0
17,1.0,-5.0,-17.0,-15.0,23.0,-1.0,-9.0,-2.0,11.0,-3.0,-25.0,-16.0,12.0,-12.0,-2.0,3.0
10,6.0,-2.0,-17.0,-12.0,22.0,0.0,-13.0,0.0,12.0,-5.0,-26.0,-13.0,11.0,-14.0,-3.0,3.0
3,10.0,2.0,-18.0,-11.0,23.0,0.0,-15.0,0.0,11.0,-6.0,-27.0,-13.0,9.0,-14.0,-3.0,3.0
-1,13.0,4.0,-19.0,-10.0,23.0,0.0,-17.0,-1.0,8.0,-6.0,-27.0,-16.0,6.0,-14.0,-2.0,3.0
-3,14.0,7.0,-20.0,-8.0,24.0,-1.0,-17.0,-3.0,4.0,-5.0,-25.0,-18.0,2.0,-12.0,-1.0,3.0
-3,15.0,8.0,-22.0,-8.0,24.0,-1.0,-17.0,-5.0,0.0,-5.0,-22.0,-20.0,-2.0,-10.0,1.0,3.0
-3,13.0,7.0,-23.0,-7.0,22.0,-3.0,-17.0,-6.0,-5.0,-5.0,-17.0,-19.0,-7.0,-8.0,2.0,3.0
-1,10.0,6.0,-25.0,-7.0,19.0,-6.0,-16.0,-7.0,-9.0,-6.0,-12.0,-17.0,-12.0,-8.0,3.0,3.0
1,6.0,3.0,-25.0,-7.0,15.0,-9.0,-14.0,-7.0,-11.0,-6.0,-9.0,-13.0,-15.0,-7.0,3.0,3.0
4,0.0,2.0,-25.0,-7.0,11.0,-12.0,-12.0,-5.0,-9.0,-4.0,-9.0,-7.0,-16.0,-7.0,3.0,3.0
8,-4.0,2.0,-26.0,-5.0,9.0,-15.0,-9.0,1.0,-3.0,1.0,-15.0,2.0,-13.0,-7.0,3.0,3.0
12,-5.0,4.0,-27.0,-1.0,9.0,-17.0,-8.0,10.0,9.0,8.0,-25.0,12.0,-6.0,-7.0,4.0,3.0
15,-4.0,8.0,-29.0,6.0,10.0,-17.0,-10.0,19.0,24.0,15.0,-34.0,22.0,3.0,-7.0,5.0,3.0
16,-2.0,10.0,-30.0,13.0,10.0,-14.0,-15.0,24.0,37.0,21.0,-39.0,30.0,13.0,-6.0,6.0,3.0
13,0.0,9.0,-27.0,20.0,9.0,-10.0,-23.0,23.0,46.0,24.0,-36.0,34.0,20.0,-3.0,6.0,3.0
8,0.0,6.0,-21.0,23.0,6.0,-4.0,-31.0,15.0,46.0,23.0,-24.0,32.0,22.0,3.0,3.0,3.0
-1,-1.0,2.0,-10.0,24.0,1.0,3.0,-38.0,3.0,36.0,19.0,-5.0,26.0,19.0,9.0,-2.0,3.0
-12,-4.0,-2.0,2.0,22.0,-5.0,9.0,-43.0,-11.0,19.0,11.0,17.0,17.0,11.0,13.0,-6.0,3.0
-24,-6.0,-5.0,12.0,19.0,-11.0,14.0,-45.0,-22.0,-2.0,3.0,36.0,9.0,-2.0,17.0,-8.0,3.0
-34,-9.0,-6.0,19.0,13.0,-17.0,18.0,-45.0,-30.0,-21.0,-4.0,50.0,3.0,-17.0,18.0,-10.0,3.0
-41,-13.0,-7.0,23.0,9.0,-22.0,19.0,-44.0,-33.0,-37.0,-10.0,59.0,1.0,-30.0,18.0,-9.0,3.0
-44,-16.0,-8.0,26.0,5.0,-27.0,20.0,-41.0,-33.0,-48.0,-13.0,64.0,1.0,-41.0,17.0,-7.0,3.0
-44,-19.0,-9.0,28.0,3.0,-30.0,21.0,-37.0,-32.0,-53.0,-16.0,65.0,4.0,-49.0,15.0,-5.0,3.0
-41,-18.0,-8.0,29.0,3.0,-31.0,21.0,-31.0,-29.0,-55.0,-16.0,65.0,8.0,-54.0,13.0,-3.0,3.0
-37,-15.0,-7.0,30.0,4.0,-29.0,20.0,-24.0,-25.0,-53.0,-17.0,62.0,12.0,-55.0,11.0,-1.0,3.0
-32,-12.0,-5.0,31.0,6.0,-26.0,19.0,-17.0,-22.0,-50.0,-17.0,58.0,14.0,-55.0,10.0,1.0,3.0
-27,-8.0,-2.0,32.0,7.0,-22.0,18.0,-9.0,-19.0,-47.0,-17.0,55.0,14.0,-52.0,8.0,2.0,3.0
-23,-5.0,-1.0,34.0,7.0,-18.0,18.0,-2.0,-16.0,-45.0,-16.0,52.0,14.0,-49.0,8.0,2.0,3.0
-19,-3.0,0.0,37.0,7.0,-15.0,18.0,5.0,-12.0,-43.0,-15.0,48.0,12.0,-45.0,9.0,1.0,3.0
-16,0.0,0.0,39.0,6.0,-12.0,17.0,11.0,-8.0,-41.0,-14.0,43.0,11.0,-41.0,9.0,1.0,3.0
-15,2.0,0.0,41.0,4.0,-10.0,17.0,17.0,-5.0,-39.0,-14.0,38.0,9.0,-37.0,9.0,1.0,3.0
-14,3.0,0.0,41.0,1.0,-8.0,16.0,22.0,-3.0,-35.0,-14.0,32.0,6.0,-34.0,7.0,1.0,3.0
-13,4.0,1.0,39.0,-5.0,-7.0,15.0,27.0,-3.0,-31.0,-13.0,25.0,2.0,-30.0,5.0,2.0,3.0
-13,3.0,2.0,36.0,-11.0,-5.0,14.0,30.0,-3.0,-28.0,-12.0,18.0,-3.0,-26.0,1.0,2.0,3.0
-13,0.0,3.0,33.0,-18.0,-4.0,13.0,32.0,-4.0,-26.0,-12.0,11.0,-8.0,-22.0,-3.0,3.0,3.0
-13,-3.0,3.0,28.0,-25.0,-3.0,11.0,33.0,-4.0,-25.0,-12.0,4.0,-15.0,-18.0,-6.0,2.0,3.0
-12,-6.0,4.0,22.0,-33.0,-3.0,9.0,33.0,-4.0,-25.0,-12.0,-4.0,-21.0,-15.0,-8.0,-1.0,3.0
-12,-10.0,3.0,16.0,-40.0,-2.0,7.0,32.0,-4.0,-25.0,-13.0,-10.0,-27.0,-12.0,-10.0,-3.0,3.0
-12,-13.0,2.0,11.0,-47.0,-2.0,5.0,31.0,-4.0,-26.0,-14.0,-16.0,-33.0,-9.0,-12.0,-5.0,3.0
-12,-16.0,0.0,6.0,-52.0,-1.0,2.0,29.0,-3.0,-26.0,-14.0,-21.0,-39.0,-5.0,-14.0,-7.0,3.0
-12,-18.0,-1.0,2.0,-55.0,-1.0,0.0,27.0,-4.0,-27.0,-14.0,-25.0,-44.0,-2.0,-16.0,-8.0,3.0
-11,-20.0,-2.0,-1.0,-57.0,0.0,-2.0,25.0,-4.0,-27.0,-14.0,-29.0,-48.0,1.0,-18.0,-8.0,3.0
-10,-21.0,-3.0,-4.0,-58.0,1.0,-4.0,23.0,-5.0,-26.0,-13.0,-32.0,-52.0,4.0,-20.0,-8.0,3.0
-10,-21.0,-4.0,-7.0,-58.0,1.0,-6.0,20.0,-5.0,-25.0,-12.0,-34.0,-55.0,6.0,-21.0,-7.0,3.0
-11,-22.0,-4.0,-9.0,-57.0,1.0,-8.0,18.0,-5.0,-24.0,-11.0,-36.0,-56.0,9.0,-21.0,-7.0,3.0
-11,-22.0,-5.0,-12.0,-56.0,3.0,-11.0,15.0,-4.0,-23.0,-10.0,-37.0,-56.0,10.0,-22.0,-7.0,3.0
-11,-22.0,-5.0,-14.0,-54.0,4.0,-13.0,12.0,-5.0,-20.0,-9.0,-39.0,-55.0,12.0,-22.0,-7.0,3.0
-12,-22.0,-4.0,-16.0,-53.0,5.0,-16.0,10.0,-6.0,-16.0,-8.0,-40.0,-54.0,13.0,-22.0,-7.0,3.0
-13,-21.0,-4.0,-18.0,-52.0,5.0,-18.0,8.0,-8.0,-12.0,-6.0,-40.0,-52.0,13.0,-21.0,-7.0,3.0
-15,-21.0,-3.0,-19.0,-50.0,5.0,-18.0,5.0,-10.0,-9.0,-5.0,-39.0,-48.0,13.0,-21.0,-7.0,3.0
-15,-20.0,-2.0,-20.0,-46.0,5.0,-18.0,2.0,-10.0,-7.0,-3.0,-38.0,-45.0,14.0,-20.0,-7.0,3.0
-13,-19.0,-1.0,-21.0,-40.0,5.0,-18.0,-1.0,-7.0,-6.0,-1.0,-36.0,-40.0,15.0,-18.0,-7.0,3.0
-11,-17.0,-1.0,-21.0,-33.0,6.0,-17.0,-4.0,-3.0,-4.0,2.0,-33.0,-33.0,17.0,-15.0,-7.0,3.0
-8,-14.0,0.0,-20.0,-25.0,7.0,-17.0,-7.0,2.0,-2.0,3.0,-30.0,-25.0,20.0,-13.0,-7.0,3.0
-6,-11.0,0.0,-19.0,-17.0,8.0,-16.0,-11.0,6.0,2.0,4.0,-25.0,-18.0,23.0,-11.0,-7.0,3.0
-5,-7.0,0.0,-18.0,-10.0,9.0,-16.0,-14.0,7.0,7.0,5.0,-20.0,-11.0,24.0,-8.0,-6.0,3.0
-4,-4.0,-1.0,-18.0,-4.0,9.0,-15.0,-17.0,7.0,11.0,5.0,-14.0,-6.0,25.0,-6.0,-5.0,3.0
-3,-3.0,-2.0,-17.0,0.0,9.0,-15.0,-20.0,6.0,12.0,4.0,-8.0,-2.0,24.0,-3.0,-5.0,3.0
-3,-3.0,-4.0,-16.0,3.0,8.0,-15.0,-23.0,5.0,11.0,3.0,-2.0,1.0,21.0,1.0,-5.0,3.0
-4,-5.0,-6.0,-13.0,6.0,5.0,-15.0,-25.0,2.0,10.0,2.0,6.0,3.0,17.0,5.0,-6.0,3.0
-4,-9.0,-8.0,-9.0,10.0,1.0,-15.0,-26.0,-2.0,7.0,2.0,13.0,5.0,13.0,10.0,-7.0,3.0
-3,-12.0,-9.0,-3.0,17.0,-4.0,-14.0,-26.0,-4.0,5.0,4.0,21.0,8.0,9.0,14.0,-7.0,3.0
-1,-13.0,-8.0,3.0,24.0,-7.0,-13.0,-23.0,-4.0,2.0,7.0,27.0,13.0,6.0,18.0,-6.0,3.0
3,-11.0,-6.0,9.0,35.0,-9.0,-11.0,-19.0,-2.0,1.0,10.0,30.0,18.0,5.0,20.0,-4.0,3.0
9,-6.0,-2.0,13.0,46.0,-9.0,-8.0,-14.0,2.0,2.0,12.0,31.0,25.0,4.0,19.0,-1.0,3.0
15,1.0,2.0,16.0,57.0,-8.0,-6.0,-9.0,9.0,3.0,13.0,29.0,32.0,3.0,18.0,2.0,3.0
20,8.0,5.0,17.0,66.0,-7.0,-4.0,-6.0,16.0,5.0,12.0,26.0,38.0,2.0,15.0,5.0,3.0
23,13.0,6.0,19.0,72.0,-6.0,-2.0,-4.0,22.0,6.0,10.0,24.0,41.0,2.0,13.0,6.0,3.0
23,14.0,5.0,21.0,74.0,-6.0,-1.0,-4.0,24.0,5.0,9.0,23.0,40.0,3.0,11.0,7.0,3.0
21,12.0,3.0,24.0,71.0,-7.0,0.0,-5.0,23.0,2.0,8.0,24.0,35.0,4.0,11.0,8.0,3.0
16,6.0,-1.0,26.0,64.0,-10.0,1.0,-8.0,20.0,-3.0,8.0,27.0,27.0,4.0,12.0,8.0,3.0
9,-1.0,-4.0,28.0,53.0,-13.0,1.0,-10.0,13.0,-8.0,7.0,31.0,19.0,2.0,13.0,8.0,3.0
1,-8.0,-6.0,28.0,42.0,-17.0,2.0,-12.0,4.0,-11.0,6.0,35.0,12.0,-2.0,16.0,8.0,3.0
-5,-13.0,-8.0,28.0,32.0,-19.0,3.0,-14.0,-5.0,-12.0,4.0,40.0,7.0,-7.0,18.0,8.0,3.0
-10,-15.0,-8.0,28.0,25.0,-19.0,4.0,-14.0,-12.0,-12.0,2.0,43.0,5.0,-11.0,19.0,8.0,3.0
-10,-13.0,-9.0,27.0,21.0,-18.0,5.0,-13.0,-15.0,-11.0,0.0,44.0,4.0,-14.0,19.0,9.0,3.0
-7,-9.0,-10.0,24.0,20.0,-15.0,5.0,-12.0,-15.0,-9.0,-1.0,42.0,5.0,-14.0,17.0,10.0,3.0
0,-3.0,-10.0,19.0,22.0,-10.0,4.0,-11.0,-13.0,-7.0,-2.0,39.0,7.0,-14.0,13.0,11.0,3.0
8,2.0,-11.0,12.0,24.0,-5.0,1.0,-9.0,-10.0,-5.0,-2.0,34.0,7.0,-13.0,10.0,13.0,3.0
17,5.0,-11.0,5.0,25.0,0.0,-2.0,-7.0,-8.0,-3.0,-3.0,29.0,7.0,-12.0,6.0,14.0,3.0
24,5.0,-10.0,-2.0,22.0,4.0,-4.0,-6.0,-8.0,1.0,-4.0,23.0,4.0,-9.0,4.0,14.0,3.0
28,3.0,-9.0,-8.0,16.0,8.0,-6.0,-4.0,-8.0,4.0,-5.0,17.0,-1.0,-6.0,2.0,12.0,3.0
29,-1.0,-9.0,-13.0,7.0,10.0,-7.0,-4.0,-9.0,6.0,-7.0,12.0,-7.0,-3.0,1.0,10.0,3.0
27,-4.0,-9.0,-18.0,-3.0,12.0,-8.0,-4.0,-9.0,6.0,-9.0,8.0,-12.0,0.0,0.0,8.0,3.0
23,-7.0,-10.0,-21.0,-13.0,12.0,-9.0,-5.0,-9.0,4.0,-10.0,5.0,-17.0,2.0,-1.0,6.0,3.0
17,-11.0,-12.0,-23.0,-22.0,10.0,-10.0,-7.0,-9.0,1.0,-11.0,3.0,-21.0,3.0,-2.0,4.0,3.0
10,-16.0,-15.0,-22.0,-28.0,7.0,-12.0,-10.0,-10.0,-3.0,-11.0,2.0,-25.0,3.0,-2.0,2.0,3.0
3,-22.0,-18.0,-21.0,-32.0,3.0,-14.0,-14.0,-13.0,-4.0,-10.0,1.0,-29.0,4.0,-2.0,1.0,3.0
-4,-28.0,-22.0,-18.0,-34.0,-3.0,-17.0,-18.0,-17.0,-6.0,-9.0,1.0,-33.0,4.0,-3.0,1.0,3.0
-10,-35.0,-25.0,-16.0,-33.0,-11.0,-19.0,-23.0,-23.0,-7.0,-8.0,0.0,-39.0,4.0,-4.0,0.0,3.0
-17,-40.0,-27.0,-13.0,-31.0,-18.0,-21.0,-26.0,-30.0,-9.0,-7.0,-1.0,-44.0,4.0,-5.0,-1.0,3.0
-23,-43.0,-28.0,-11.0,-30.0,-25.0,-23.0,-28.0,-35.0,-11.0,-6.0,-1.0,-48.0,3.0,-6.0,-1.0,3.0
-28,-43.0,-28.0,-10.0,-29.0,-30.0,-24.0,-27.0,-36.0,-14.0,-6.0,-1.0,-49.0,3.0,-7.0,-3.0,3.0
-33,-42.0,-27.0,-8.0,-29.0,-33.0,-24.0,-25.0,-36.0,-15.0,-6.0,-1.0,-47.0,2.0,-9.0,-4.0,3.0
-36,-39.0,-26.0,-7.0,-29.0,-33.0,-23.0,-22.0,-33.0,-15.0,-8.0,-1.0,-42.0,1.0,-10.0,-5.0,3.0
-36,-35.0,-24.0,-4.0,-29.0,-32.0,-21.0,-18.0,-29.0,-16.0,-9.0,0.0,-36.0,-1.0,-11.0,-6.0,3.0
-35,-31.0,-21.0,-1.0,-29.0,-29.0,-18.0,-13.0,-24.0,-18.0,-12.0,2.0,-30.0,-4.0,-11.0,-7.0,3.0
-33,-27.0,-17.0,3.0,-27.0,-26.0,-14.0,-7.0,-20.0,-23.0,-14.0,4.0,-27.0,-9.0,-11.0,-7.0,3.0
-31,-21.0,-13.0,7.0,-25.0,-21.0,-11.0,-1.0,-18.0,-29.0,-15.0,6.0,-25.0,-14.0,-11.0,-6.0,3.0
-28,-14.0,-9.0,10.0,-22.0,-16.0,-8.0,6.0,-16.0,-32.0,-16.0,8.0,-24.0,-18.0,-10.0,-4.0,3.0
-26,-4.0,-4.0,13.0,-19.0,-10.0,-5.0,13.0,-15.0,-32.0,-17.0,9.0,-22.0,-21.0,-9.0,-3.0,3.0
-23,6.0,1.0,16.0,-15.0,-5.0,-2.0,20.0,-12.0,-30.0,-16.0,10.0,-19.0,-22.0,-7.0,-1.0,3.0
-22,15.0,5.0,17.0,-11.0,1.0,1.0,25.0,-9.0,-23.0,-15.0,10.0,-13.0,-20.0,-6.0,1.0,3.0
-20,24.0,8.0,18.0,-10.0,6.0,3.0,30.0,-5.0,-16.0,-13.0,8.0,-8.0,-17.0,-5.0,3.0,3.0
-18,31.0,11.0,17.0,-9.0,10.0,5.0,34.0,-2.0,-10.0,-11.0,7.0,-4.0,-14.0,-4.0,5.0,3.0
-15,35.0,13.0,16.0,-10.0,14.0,7.0,38.0,1.0,-6.0,-9.0,5.0,-1.0,-12.0,-3.0,6.0,3.0
-12,38.0,14.0,15.0,-11.0,18.0,8.0,40.0,2.0,-1.0,-6.0,3.0,2.0,-10.0,-2.0,7.0,3.0
-8,40.0,16.0,14.0,-12.0,21.0,10.0,43.0,3.0,4.0,-3.0,0.0,4.0,-6.0,-1.0,7.0,3.0
-4,40.0,18.0,12.0,-12.0,23.0,10.0,44.0,4.0,10.0,-1.0,-3.0,6.0,-2.0,0.0,7.0,3.0
-1,40.0,19.0,10.0,-12.0,25.0,11.0,44.0,6.0,17.0,1.0,-7.0,6.0,4.0,1.0,6.0,3.0
0,41.0,20.0,7.0,-12.0,26.0,11.0,42.0,5.0,24.0,2.0,-10.0,5.0,9.0,1.0,6.0,3.0
0,42.0,20.0,4.0,-13.0,28.0,11.0,39.0,2.0,30.0,3.0,-13.0,-1.0,13.0,1.0,8.0,3.0
-1,42.0,18.0,1.0,-14.0,29.0,11.0,35.0,-4.0,32.0,4.0,-14.0,-9.0,15.0,1.0,11.0,3.0
-2,42.0,16.0,-2.0,-16.0,30.0,10.0,31.0,-10.0,30.0,5.0,-13.0,-18.0,15.0,2.0,14.0,3.0
-2,39.0,13.0,-3.0,-17.0,29.0,9.0,26.0,-16.0,26.0,6.0,-10.0,-27.0,13.0,3.0,16.0,3.0
-3,36.0,10.0,-4.0,-17.0,28.0,9.0,21.0,-21.0,23.0,7.0,-6.0,-33.0,12.0,6.0,18.0,3.0
-3,33.0,8.0,-4.0,-17.0,25.0,8.0,17.0,-25.0,20.0,8.0,-1.0,-35.0,11.0,9.0,18.0,3.0
-5,30.0,5.0,-2.0,-16.0,23.0,7.0,13.0,-26.0,17.0,9.0,4.0,-35.0,9.0,13.0,17.0,3.0
-7,28.0,4.0,0.0,-15.0,22.0,7.0,11.0,-25.0,13.0,10.0,9.0,-34.0,7.0,17.0,16.0,3.0
-8,26.0,4.0,2.0,-13.0,20.0,7.0,11.0,-23.0,12.0,10.0,12.0,-32.0,6.0,20.0,16.0,3.0
-9,25.0,4.0,4.0,-12.0,17.0,6.0,12.0,-22.0,13.0,11.0,13.0,-29.0,6.0,21.0,16.0,3.0
-9,23.0,4.0,6.0,-10.0,15.0,6.0,13.0,-20.0,17.0,10.0,12.0,-24.0,8.0,21.0,16.0,3.0
-9,22.0,4.0,7.0,-7.0,13.0,5.0,13.0,-17.0,23.0,9.0,12.0,-19.0,10.0,20.0,15.0,3.0
-9,19.0,3.0,9.0,-6.0,10.0,5.0,13.0,-15.0,27.0,8.0,11.0,-12.0,12.0,18.0,13.0,3.0
-10,16.0,2.0,11.0,-5.0,8.0,5.0,12.0,-14.0,30.0,8.0,12.0,-7.0,14.0,17.0,11.0,3.0
-12,12.0,0.0,14.0,-6.0,5.0,5.0,10.0,-13.0,29.0,8.0,13.0,-4.0,15.0,16.0,10.0,3.0
-13,7.0,-2.0,16.0,-7.0,1.0,5.0,8.0,-14.0,25.0,8.0,14.0,-4.0,14.0,16.0,8.0,3.0
-15,2.0,-4.0,17.0,-8.0,-2.0,5.0,5.0,-17.0,20.0,8.0,16.0,-8.0,12.0,16.0,7.0,3.0
-16,-3.0,-7.0,16.0,-9.0,-6.0,3.0,2.0,-22.0,17.0,7.0,17.0,-12.0,10.0,16.0,6.0,3.0
-16,-7.0,-9.0,13.0,-9.0,-9.0,1.0,-2.0,-25.0,14.0,6.0,20.0,-14.0,7.0,16.0,5.0,3.0
-16,-9.0,-11.0,10.0,-8.0,-11.0,-1.0,-6.0,-26.0,11.0,4.0,23.0,-13.0,3.0,18.0,5.0,3.0
-16,-12.0,-13.0,7.0,-7.0,-13.0,-2.0,-10.0,-24.0,7.0,2.0,27.0,-10.0,-1.0,19.0,4.0,3.0
-16,-14.0,-15.0,5.0,-7.0,-16.0,-3.0,-14.0,-22.0,3.0,0.0,30.0,-7.0,-6.0,19.0,4.0,3.0
-16,-17.0,-17.0,4.0,-8.0,-17.0,-4.0,-18.0,-19.0,-2.0,-3.0,31.0,-5.0,-11.0,19.0,4.0,3.0
-17,-20.0,-18.0,3.0,-10.0,-19.0,-4.0,-20.0,-18.0,-6.0,-5.0,30.0,-5.0,-15.0,17.0,4.0,3.0
-18,-22.0,-19.0,2.0,-13.0,-20.0,-4.0,-21.0,-17.0,-11.0,-7.0,29.0,-7.0,-19.0,15.0,4.0,3.0
-20,-24.0,-20.0,1.0,-16.0,-20.0,-5.0,-22.0,-17.0,-15.0,-8.0,26.0,-10.0,-21.0,12.0,5.0,3.0
-22,-25.0,-20.0,0.0,-19.0,-21.0,-5.0,-22.0,-18.0,-17.0,-9.0,23.0,-14.0,-21.0,9.0,5.0,3.0
-23,-25.0,-20.0,-1.0,-21.0,-20.0,-6.0,-21.0,-19.0,-17.0,-9.0,20.0,-18.0,-20.0,7.0,5.0,3.0
-24,-24.0,-19.0,-3.0,-23.0,-20.0,-7.0,-21.0,-19.0,-17.0,-8.0,15.0,-20.0,-19.0,5.0,5.0,3.0
-25,-24.0,-17.0,-5.0,-24.0,-19.0,-7.0,-20.0,-18.0,-16.0,-8.0,11.0,-20.0,-18.0,3.0,4.0,3.0
-25,-23.0,-16.0,-7.0,-25.0,-18.0,-8.0,-20.0,-17.0,-16.0,-7.0,6.0,-20.0,-18.0,2.0,2.0,3.0
-25,-23.0,-16.0,-9.0,-25.0,-18.0,-9.0,-20.0,-15.0,-17.0,-7.0,1.0,-20.0,-18.0,0.0,0.0,3.0
-17,-25.0,-14.0,-17.0,-28.0,-14.0,-13.0,-16.0,4.0,-18.0,-10.0,-22.0,-16.0,-11.0,-12.0,-7.0,3.0
-13,-24.0,-13.0,-16.0,-26.0,-12.0,-13.0,-16.0,9.0,-17.0,-11.0,-24.0,-12.0,-9.0,-14.0,-8.0,3.0
-9,-23.0,-14.0,-16.0,-23.0,-11.0,-12.0,-16.0,12.0,-14.0,-11.0,-26.0,-9.0,-6.0,-16.0,-8.0,3.0
-6,-21.0,-14.0,-15.0,-20.0,-8.0,-12.0,-15.0,14.0,-12.0,-10.0,-26.0,-5.0,-4.0,-18.0,-8.0,3.0
-3,-18.0,-14.0,-14.0,-16.0,-6.0,-12.0,-15.0,14.0,-8.0,-9.0,-25.0,-1.0,-1.0,-18.0,-8.0,3.0
0,-14.0,-15.0,-13.0,-11.0,-4.0,-13.0,-14.0,15.0,-4.0,-8.0,-25.0,4.0,1.0,-18.0,-8.0,3.0
1,-9.0,-14.0,-14.0,-7.0,-3.0,-13.0,-13.0,16.0,0.0,-7.0,-25.0,8.0,2.0,-18.0,-8.0,3.0
2,-4.0,-13.0,-15.0,-4.0,-2.0,-13.0,-12.0,18.0,3.0,-6.0,-26.0,12.0,2.0,-18.0,-7.0,3.0
3,0.0,-11.0,-16.0,0.0,-1.0,-14.0,-11.0,20.0,4.0,-4.0,-28.0,14.0,3.0,-19.0,-7.0,3.0
4,3.0,-10.0,-18.0,3.0,0.0,-14.0,-10.0,22.0,5.0,-3.0,-30.0,16.0,3.0,-18.0,-7.0,3.0
5,4.0,-9.0,-20.0,6.0,-1.0,-16.0,-9.0,22.0,6.0,-2.0,-31.0,17.0,3.0,-17.0,-8.0,3.0
7,6.0,-8.0,-21.0,9.0,-1.0,-16.0,-7.0,21.0,8.0,-1.0,-32.0,17.0,4.0,-16.0,-8.0,3.0
10,8.0,-6.0,-22.0,13.0,-1.0,-17.0,-6.0,20.0,10.0,0.0,-31.0,15.0,6.0,-14.0,-8.0,3.0
12,11.0,-5.0,-22.0,18.0,-1.0,-17.0,-4.0,18.0,11.0,1.0,-31.0,13.0,8.0,-14.0,-7.0,3.0
14,13.0,-3.0,-23.0,21.0,0.0,-16.0,-3.0,18.0,12.0,2.0,-32.0,10.0,10.0,-14.0,-6.0,3.0
15,15.0,-1.0,-24.0,22.0,1.0,-16.0,-2.0,18.0,12.0,2.0,-33.0,7.0,11.0,-16.0,-4.0,3.0
16,15.0,1.0,-25.0,21.0,2.0,-16.0,0.0,19.0,12.0,2.0,-35.0,5.0,13.0,-19.0,-2.0,3.0
16,15.0,2.0,-25.0,19.0,3.0,-16.0,2.0,20.0,12.0,1.0,-36.0,4.0,14.0,-21.0,0.0,3.0
15,13.0,3.0,-24.0,16.0,4.0,-16.0,3.0,20.0,13.0,1.0,-37.0,2.0,16.0,-22.0,1.0,3.0
14,11.0,3.0,-23.0,12.0,4.0,-16.0,5.0,16.0,15.0,1.0,-37.0,-2.0,16.0,-21.0,2.0,3.0
12,8.0,4.0,-21.0,9.0,2.0,-16.0,7.0,10.0,16.0,2.0,-36.0,-7.0,16.0,-20.0,3.0,3.0
10,5.0,4.0,-19.0,6.0,1.0,-14.0,7.0,4.0,14.0,3.0,-35.0,-13.0,16.0,-19.0,3.0,3.0
7,2.0,4.0,-16.0,3.0,-1.0,-13.0,7.0,-2.0,11.0,4.0,-32.0,-19.0,15.0,-18.0,4.0,3.0
4,-2.0,4.0,-12.0,0.0,-3.0,-10.0,7.0,-6.0,7.0,4.0,-28.0,-23.0,14.0,-17.0,3.0,3.0
1,-3.0,3.0,-8.0,-2.0,-3.0,-8.0,6.0,-8.0,3.0,4.0,-24.0,-26.0,14.0,-15.0,2.0,3.0
0,-4.0,2.0,-5.0,-2.0,-3.0,-7.0,5.0,-9.0,0.0,4.0,-19.0,-26.0,14.0,-12.0,1.0,3.0
1,-2.0,3.0,-3.0,1.0,-1.0,-5.0,5.0,-10.0,0.0,4.0,-14.0,-25.0,14.0,-9.0,-1.0,3.0
2,2.0,4.0,-2.0,4.0,1.0,-4.0,5.0,-11.0,1.0,4.0,-9.0,-22.0,13.0,-6.0,-1.0,3.0
5,6.0,6.0,-2.0,9.0,3.0,-3.0,6.0,-12.0,4.0,5.0,-5.0,-18.0,13.0,-3.0,1.0,3.0
7,10.0,8.0,-2.0,13.0,5.0,-1.0,7.0,-14.0,7.0,8.0,-1.0,-14.0,11.0,1.0,2.0,3.0
8,13.0,10.0,-1.0,16.0,6.0,0.0,9.0,-16.0,10.0,10.0,2.0,-11.0,10.0,4.0,4.0,3.0
7,13.0,10.0,2.0,15.0,6.0,1.0,10.0,-19.0,13.0,11.0,4.0,-9.0,9.0,5.0,5.0,3.0
5,13.0,10.0,4.0,13.0,6.0,1.0,12.0,-21.0,13.0,11.0,4.0,-9.0,7.0,5.0,5.0,3.0
3,11.0,9.0,5.0,11.0,6.0,0.0,12.0,-21.0,13.0,9.0,4.0,-9.0,5.0,5.0,5.0,3.0
1,10.0,8.0,6.0,9.0,5.0,-1.0,12.0,-20.0,12.0,6.0,3.0,-8.0,3.0,3.0,3.0,3.0
0,10.0,6.0,5.0,6.0,5.0,-2.0,11.0,-18.0,12.0,3.0,0.0,-6.0,0.0,1.0,2.0,3.0
-1,9.0,3.0,3.0,4.0,5.0,-4.0,9.0,-14.0,11.0,0.0,-2.0,-3.0,-1.0,-3.0,2.0,3.0
-1,8.0,1.0,2.0,2.0,5.0,-5.0,7.0,-10.0,10.0,-2.0,-5.0,-1.0,-2.0,-6.0,2.0,3.0
0,7.0,-1.0,0.0,0.0,6.0,-6.0,7.0,-7.0,8.0,-4.0,-6.0,0.0,-3.0,-8.0,4.0,3.0
2,7.0,-1.0,-1.0,-2.0,8.0,-7.0,7.0,-5.0,7.0,-5.0,-8.0,0.0,-4.0,-10.0,5.0,3.0
4,7.0,-1.0,-2.0,-4.0,9.0,-7.0,9.0,-3.0,7.0,-5.0,-8.0,-1.0,-4.0,-12.0,6.0,3.0
6,7.0,-1.0,-3.0,-6.0,11.0,-7.0,11.0,-2.0,6.0,-5.0,-9.0,-1.0,-3.0,-12.0,6.0,3.0
7,7.0,-1.0,-3.0,-9.0,13.0,-7.0,13.0,-2.0,6.0,-6.0,-9.0,-1.0,-3.0,-12.0,5.0,3.0
8,8.0,-1.0,-3.0,-13.0,15.0,-6.0,16.0,-2.0,6.0,-6.0,-8.0,-2.0,-1.0,-12.0,4.0,3.0
8,8.0,-1.0,-2.0,-17.0,17.0,-6.0,19.0,-2.0,6.0,-7.0,-8.0,-5.0,1.0,-11.0,4.0,3.0
7,8.0,0.0,-1.0,-20.0,19.0,-5.0,21.0,-1.0,5.0,-7.0,-8.0,-7.0,3.0,-10.0,3.0,3.0
6,9.0,1.0,1.0,-23.0,20.0,-4.0,24.0,0.0,5.0,-7.0,-8.0,-8.0,5.0,-8.0,1.0,3.0
5,10.0,2.0,3.0,-25.0,21.0,-2.0,26.0,0.0,6.0,-6.0,-8.0,-7.0,6.0,-6.0,0.0,3.0
5,11.0,2.0,5.0,-26.0,22.0,-1.0,28.0,1.0,9.0,-5.0,-8.0,-6.0,8.0,-6.0,0.0,3.0
4,13.0,3.0,7.0,-27.0,23.0,1.0,30.0,1.0,11.0,-5.0,-8.0,-4.0,10.0,-7.0,0.0,3.0
4,14.0,4.0,8.0,-29.0,25.0,2.0,32.0,2.0,12.0,-4.0,-9.0,-3.0,12.0,-8.0,1.0,3.0
3,14.0,5.0,9.0,-30.0,26.0,3.0,33.0,4.0,12.0,-3.0,-10.0,-2.0,13.0,-8.0,1.0,3.0
3,15.0,7.0,9.0,-30.0,27.0,4.0,33.0,5.0,12.0,-2.0,-11.0,-2.0,13.0,-8.0,1.0,3.0
3,16.0,8.0,10.0,-29.0,28.0,5.0,33.0,6.0,12.0,-1.0,-11.0,-1.0,13.0,-7.0,0.0,3.0
3,17.0,9.0,10.0,-28.0,28.0,6.0,33.0,6.0,14.0,-1.0,-11.0,1.0,13.0,-5.0,-1.0,3.0
3,17.0,10.0,11.0,-26.0,28.0,7.0,32.0,5.0,17.0,-1.0,-10.0,2.0,13.0,-2.0,-2.0,3.0
5,17.0,11.0,11.0,-24.0,27.0,8.0,32.0,5.0,20.0,0.0,-9.0,4.0,12.0,1.0,-2.0,3.0
8,16.0,11.0,11.0,-22.0,26.0,9.0,31.0,4.0,22.0,0.0,-9.0,6.0,11.0,2.0,-2.0,3.0
11,14.0,10.0,10.0,-19.0,25.0,8.0,31.0,4.0,23.0,1.0,-10.0,7.0,10.0,4.0,-3.0,3.0
14,12.0,9.0,8.0,-16.0,22.0,8.0,30.0,4.0,24.0,1.0,-10.0,8.0,10.0,5.0,-4.0,3.0
17,10.0,9.0,7.0,-12.0,19.0,6.0,30.0,4.0,24.0,1.0,-11.0,8.0,10.0,6.0,-6.0,3.0
18,9.0,8.0,6.0,-8.0,15.0,6.0,28.0,3.0,25.0,1.0,-11.0,9.0,10.0,6.0,-7.0,3.0
17,10.0,9.0,6.0,-5.0,13.0,6.0,28.0,2.0,24.0,1.0,-10.0,10.0,9.0,7.0,-8.0,3.0
14,10.0,9.0,7.0,-4.0,11.0,6.0,27.0,3.0,22.0,1.0,-8.0,10.0,9.0,8.0,-8.0,3.0
9,11.0,11.0,9.0,-4.0,10.0,7.0,26.0,5.0,19.0,1.0,-6.0,10.0,8.0,7.0,-8.0,3.0
4,12.0,12.0,11.0,-5.0,9.0,9.0,26.0,6.0,14.0,2.0,-5.0,10.0,7.0,7.0,-7.0,3.0
-1,13.0,14.0,12.0,-6.0,9.0,9.0,26.0,6.0,10.0,2.0,-4.0,9.0,6.0,6.0,-6.0,3.0
-5,13.0,16.0,13.0,-6.0,8.0,10.0,26.0,5.0,8.0,2.0,-3.0,8.0,5.0,5.0,-6.0,3.0
-7,13.0,17.0,14.0,-6.0,7.0,10.0,25.0,3.0,7.0,3.0,-3.0,7.0,3.0,5.0,-6.0,3.0
-9,13.0,17.0,15.0,-6.0,7.0,11.0,24.0,1.0,8.0,3.0,-2.0,7.0,2.0,7.0,-7.0,3.0
-10,13.0,17.0,16.0,-5.0,7.0,11.0,24.0,1.0,9.0,3.0,-2.0,8.0,2.0,9.0,-8.0,3.0
-9,14.0,17.0,16.0,-4.0,7.0,12.0,23.0,1.0,10.0,3.0,-1.0,10.0,2.0,10.0,-8.0,3.0
-8,16.0,16.0,17.0,-2.0,7.0,12.0,23.0,3.0,12.0,3.0,1.0,13.0,3.0,11.0,-8.0,3.0
-6,18.0,14.0,18.0,3.0,6.0,13.0,23.0,5.0,13.0,3.0,2.0,17.0,4.0,11.0,-8.0,3.0
-2,19.0,12.0,20.0,8.0,5.0,13.0,23.0,8.0,15.0,3.0,2.0,21.0,5.0,10.0,-8.0,3.0
2,19.0,10.0,20.0,13.0,3.0,13.0,22.0,12.0,17.0,2.0,2.0,25.0,5.0,9.0,-8.0,3.0
7,17.0,9.0,20.0,18.0,1.0,13.0,21.0,15.0,18.0,1.0,1.0,30.0,6.0,7.0,-8.0,3.0
13,15.0,8.0,20.0,23.0,-1.0,13.0,19.0,18.0,19.0,-1.0,-1.0,33.0,6.0,5.0,-7.0,3.0
18,12.0,6.0,18.0,27.0,-2.0,12.0,17.0,22.0,19.0,-3.0,-2.0,36.0,5.0,2.0,-7.0,3.0
25,11.0,5.0,15.0,32.0,-2.0,11.0,14.0,25.0,17.0,-4.0,-4.0,39.0,3.0,-2.0,-6.0,3.0
32,10.0,3.0,12.0,36.0,0.0,9.0,11.0,28.0,16.0,-5.0,-5.0,42.0,2.0,-4.0,-5.0,3.0
38,10.0,0.0,8.0,40.0,2.0,7.0,7.0,29.0,15.0,-4.0,-5.0,44.0,0.0,-6.0,-4.0,3.0
43,10.0,-2.0,6.0,43.0,4.0,5.0,3.0,28.0,14.0,-4.0,-5.0,45.0,-1.0,-7.0,-3.0,3.0
46,9.0,-3.0,3.0,46.0,5.0,5.0,-1.0,28.0,14.0,-3.0,-4.0,46.0,-3.0,-6.0,-2.0,3.0
45,10.0,-3.0,2.0,47.0,5.0,5.0,-4.0,27.0,14.0,-3.0,-3.0,46.0,-4.0,-5.0,-1.0,3.0
41,10.0,-1.0,1.0,47.0,5.0,5.0,-5.0,26.0,14.0,-3.0,-1.0,46.0,-6.0,-4.0,0.0,3.0
35,11.0,2.0,2.0,45.0,5.0,6.0,-5.0,26.0,12.0,-3.0,1.0,44.0,-7.0,-2.0,1.0,3.0
27,12.0,7.0,4.0,41.0,5.0,8.0,-4.0,25.0,9.0,-2.0,3.0,42.0,-7.0,-1.0,2.0,3.0
20,13.0,11.0,6.0,37.0,5.0,9.0,-1.0,24.0,8.0,-1.0,4.0,39.0,-7.0,1.0,2.0,3.0
12,14.0,14.0,9.0,31.0,5.0,10.0,2.0,22.0,8.0,0.0,5.0,37.0,-7.0,3.0,2.0,3.0
7,14.0,16.0,11.0,27.0,5.0,11.0,4.0,20.0,9.0,1.0,6.0,37.0,-6.0,5.0,1.0,3.0
3,16.0,16.0,12.0,25.0,4.0,12.0,5.0,20.0,10.0,2.0,6.0,37.0,-5.0,6.0,-1.0,3.0
1,17.0,16.0,13.0,26.0,3.0,13.0,6.0,20.0,11.0,2.0,7.0,39.0,-3.0,7.0,-1.0,3.0
2,18.0,16.0,13.0,29.0,1.0,14.0,5.0,21.0,13.0,3.0,9.0,41.0,-1.0,7.0,-2.0,3.0
4,18.0,14.0,15.0,33.0,-1.0,15.0,5.0,20.0,16.0,3.0,11.0,43.0,1.0,7.0,-2.0,3.0
6,16.0,12.0,18.0,36.0,-3.0,16.0,3.0,19.0,17.0,3.0,14.0,44.0,3.0,8.0,-2.0,3.0
8,13.0,10.0,21.0,39.0,-6.0,18.0,1.0,18.0,18.0,3.0,18.0,45.0,5.0,9.0,-3.0,3.0
8,9.0,7.0,25.0,40.0,-9.0,19.0,-2.0,17.0,17.0,4.0,22.0,46.0,6.0,11.0,-3.0,3.0
8,6.0,5.0,27.0,41.0,-11.0,20.0,-4.0,17.0,15.0,5.0,26.0,46.0,6.0,13.0,-3.0,3.0
8,4.0,3.0,29.0,41.0,-13.0,21.0,-5.0,17.0,11.0,5.0,30.0,47.0,6.0,14.0,-3.0,3.0
7,3.0,3.0,30.0,42.0,-14.0,21.0,-6.0,17.0,8.0,5.0,33.0,47.0,5.0,14.0,-3.0,3.0
6,2.0,3.0,31.0,42.0,-14.0,21.0,-6.0,17.0,6.0,5.0,34.0,46.0,4.0,13.0,-2.0,3.0
5,2.0,3.0,31.0,42.0,-14.0,20.0,-6.0,16.0,4.0,4.0,35.0,45.0,3.0,13.0,-2.0,3.0
5,1.0,3.0,30.0,41.0,-14.0,18.0,-6.0,14.0,3.0,3.0,34.0,43.0,2.0,13.0,-2.0,3.0
5,0.0,2.0,28.0,40.0,-14.0,16.0,-5.0,12.0,4.0,2.0,33.0,40.0,1.0,13.0,-3.0,3.0
6,-1.0,1.0,26.0,39.0,-14.0,13.0,-5.0,11.0,5.0,1.0,32.0,38.0,-1.0,13.0,-3.0,3.0
8,-2.0,1.0,23.0,37.0,-13.0,10.0,-4.0,10.0,5.0,0.0,29.0,36.0,-1.0,12.0,-3.0,3.0
11,-4.0,0.0,21.0,36.0,-12.0,8.0,-3.0,11.0,5.0,0.0,26.0,34.0,0.0,10.0,-2.0,3.0
13,-5.0,0.0,18.0,34.0,-11.0,6.0,-2.0,12.0,5.0,0.0,23.0,31.0,1.0,8.0,1.0,3.0
16,-5.0,1.0,14.0,33.0,-10.0,5.0,-1.0,14.0,5.0,1.0,19.0,29.0,1.0,6.0,3.0,3.0
17,-4.0,2.0,11.0,31.0,-9.0,4.0,0.0,15.0,6.0,2.0,16.0,28.0,2.0,6.0,5.0,3.0
18,-3.0,3.0,8.0,28.0,-7.0,3.0,2.0,15.0,10.0,3.0,13.0,28.0,2.0,5.0,5.0,3.0
19,-2.0,4.0,5.0,25.0,-4.0,2.0,3.0,15.0,16.0,3.0,9.0,29.0,3.0,6.0,5.0,3.0
20,-1.0,5.0,2.0,22.0,-1.0,1.0,4.0,14.0,20.0,4.0,6.0,29.0,4.0,6.0,5.0,3.0
21,0.0,6.0,-1.0,19.0,2.0,1.0,5.0,13.0,24.0,4.0,4.0,30.0,5.0,6.0,4.0,3.0
23,1.0,6.0,-3.0,16.0,4.0,0.0,6.0,14.0,25.0,4.0,1.0,30.0,6.0,4.0,4.0,3.0
24,2.0,6.0,-6.0,13.0,6.0,-1.0,7.0,15.0,24.0,4.0,-1.0,29.0,6.0,3.0,4.0,3.0
25,3.0,6.0,-8.0,10.0,8.0,-1.0,8.0,17.0,22.0,4.0,-3.0,29.0,6.0,3.0,2.0,3.0
25,3.0,6.0,-10.0,6.0,10.0,-2.0,9.0,18.0,21.0,4.0,-3.0,29.0,6.0,3.0,1.0,3.0
24,3.0,6.0,-12.0,3.0,11.0,-3.0,9.0,18.0,20.0,3.0,-3.0,28.0,6.0,3.0,0.0,3.0
23,2.0,6.0,-14.0,0.0,12.0,-3.0,9.0,18.0,19.0,2.0,-3.0,28.0,7.0,2.0,0.0,3.0
23,2.0,5.0,-16.0,-3.0,13.0,-5.0,8.0,18.0,19.0,2.0,-3.0,28.0,7.0,0.0,-1.0,3.0
22,2.0,4.0,-18.0,-5.0,14.0,-6.0,6.0,19.0,19.0,2.0,-3.0,29.0,8.0,-1.0,-1.0,3.0
22,2.0,2.0,-21.0,-6.0,15.0,-8.0,5.0,20.0,18.0,2.0,-3.0,30.0,8.0,-1.0,-1.0,3.0
22,2.0,0.0,-24.0,-7.0,15.0,-10.0,2.0,20.0,17.0,2.0,-4.0,30.0,8.0,-2.0,-1.0,3.0
22,2.0,-2.0,-27.0,-8.0,16.0,-12.0,-1.0,20.0,15.0,3.0,-5.0,30.0,8.0,-3.0,-2.0,3.0
22,2.0,-4.0,-31.0,-9.0,16.0,-14.0,-4.0,19.0,13.0,3.0,-6.0,27.0,7.0,-5.0,-2.0,3.0
21,1.0,-6.0,-34.0,-11.0,15.0,-16.0,-7.0,17.0,11.0,3.0,-8.0,25.0,6.0,-6.0,-3.0,3.0
21,-1.0,-8.0,-36.0,-13.0,14.0,-17.0,-9.0,14.0,11.0,2.0,-9.0,22.0,6.0,-6.0,-4.0,3.0
20,-3.0,-11.0,-38.0,-15.0,13.0,-18.0,-11.0,12.0,10.0,2.0,-10.0,20.0,6.0,-7.0,-5.0,3.0
18,-6.0,-12.0,-39.0,-18.0,11.0,-19.0,-13.0,10.0,10.0,1.0,-11.0,19.0,5.0,-8.0,-6.0,3.0
16,-9.0,-13.0,-38.0,-21.0,9.0,-18.0,-14.0,7.0,9.0,1.0,-12.0,17.0,4.0,-8.0,-7.0,3.0
13,-12.0,-13.0,-36.0,-24.0,8.0,-17.0,-15.0,5.0,8.0,2.0,-11.0,16.0,2.0,-8.0,-8.0,3.0
11,-16.0,-12.0,-33.0,-26.0,6.0,-16.0,-15.0,3.0,5.0,3.0,-11.0,14.0,0.0,-7.0,-7.0,3.0
8,-18.0,-11.0,-30.0,-27.0,5.0,-14.0,-14.0,3.0,2.0,5.0,-10.0,12.0,-1.0,-5.0,-7.0,3.0
5,-21.0,-10.0,-26.0,-28.0,3.0,-13.0,-13.0,3.0,-2.0,7.0,-9.0,11.0,-3.0,-3.0,-7.0,3.0
3,-23.0,-10.0,-23.0,-29.0,2.0,-12.0,-13.0,4.0,-5.0,7.0,-8.0,9.0,-4.0,0.0,-7.0,3.0
2,-25.0,-10.0,-21.0,-29.0,0.0,-11.0,-13.0,5.0,-8.0,7.0,-7.0,7.0,-5.0,3.0,-8.0,3.0
1,-26.0,-10.0,-19.0,-28.0,-2.0,-11.0,-13.0,6.0,-11.0,6.0,-5.0,5.0,-6.0,3.0,-7.0,3.0
0,-26.0,-11.0,-18.0,-27.0,-3.0,-11.0,-14.0,6.0,-14.0,4.0,-4.0,4.0,-7.0,2.0,-7.0,3.0
-2,-25.0,-10.0,-18.0,-27.0,-2.0,-11.0,-15.0,6.0,-17.0,1.0,-3.0,3.0,-8.0,-1.0,-6.0,3.0
-4,-23.0,-10.0,-18.0,-26.0,-2.0,-11.0,-16.0,7.0,-20.0,-1.0,-3.0,2.0,-8.0,-3.0,-6.0,3.0
-7,-20.0,-8.0,-18.0,-25.0,0.0,-11.0,-16.0,8.0,-22.0,-1.0,-2.0,1.0,-9.0,-4.0,-5.0,3.0
-8,-16.0,-6.0,-17.0,-24.0,2.0,-10.0,-15.0,6.0,-22.0,-1.0,-1.0,0.0,-9.0,-3.0,-5.0,3.0
-9,-13.0,-4.0,-15.0,-21.0,4.0,-10.0,-14.0,3.0,-20.0,1.0,2.0,-2.0,-8.0,0.0,-6.0,3.0
-8,-11.0,-3.0,-13.0,-18.0,5.0,-9.0,-14.0,-3.0,-17.0,2.0,5.0,-3.0,-7.0,4.0,-6.0,3.0
-8,-10.0,-2.0,-11.0,-14.0,6.0,-8.0,-13.0,-8.0,-12.0,3.0,8.0,-5.0,-6.0,7.0,-5.0,3.0
-6,-9.0,-1.0,-8.0,-11.0,6.0,-7.0,-12.0,-11.0,-8.0,4.0,10.0,-5.0,-4.0,8.0,-5.0,3.0
-5,-8.0,0.0,-6.0,-8.0,7.0,-6.0,-11.0,-13.0,-5.0,4.0,12.0,-5.0,-3.0,9.0,-4.0,3.0
-4,-7.0,1.0,-4.0,-6.0,8.0,-5.0,-10.0,-14.0,-2.0,4.0,13.0,-4.0,-3.0,10.0,-3.0,3.0
-3,-6.0,2.0,-1.0,-4.0,8.0,-4.0,-10.0,-14.0,0.0,4.0,13.0,-2.0,-3.0,11.0,-3.0,3.0
-2,-5.0,2.0,0.0,-2.0,9.0,-3.0,-9.0,-14.0,3.0,5.0,12.0,0.0,-3.0,11.0,-4.0,3.0
0,-3.0,1.0,2.0,1.0,11.0,-3.0,-9.0,-14.0,6.0,5.0,11.0,3.0,-2.0,11.0,-5.0,3.0
1,-1.0,1.0,2.0,3.0,11.0,-3.0,-9.0,-13.0,8.0,6.0,9.0,5.0,-1.0,11.0,-6.0,3.0
1,0.0,1.0,2.0,5.0,12.0,-3.0,-10.0,-10.0,7.0,7.0,8.0,7.0,0.0,12.0,-7.0,3.0
0,1.0,1.0,3.0,7.0,12.0,-3.0,-11.0,-7.0,6.0,7.0,8.0,9.0,0.0,12.0,-7.0,3.0
-2,1.0,2.0,3.0,7.0,11.0,-2.0,-12.0,-6.0,6.0,7.0,8.0,11.0,-1.0,12.0,-7.0,3.0
-4,2.0,2.0,3.0,8.0,10.0,-1.0,-14.0,-5.0,6.0,7.0,8.0,12.0,-2.0,12.0,-6.0,3.0
-6,3.0,2.0,3.0,8.0,10.0,-1.0,-15.0,-5.0,7.0,6.0,9.0,14.0,-3.0,13.0,-6.0,3.0
-7,4.0,2.0,3.0,9.0,9.0,0.0,-16.0,-5.0,9.0,6.0,9.0,15.0,-4.0,14.0,-6.0,3.0
-8,5.0,2.0,2.0,11.0,7.0,0.0,-16.0,-4.0,9.0,6.0,11.0,17.0,-5.0,16.0,-6.0,3.0
-7,7.0,1.0,2.0,13.0,6.0,0.0,-16.0,-2.0,9.0,6.0,13.0,18.0,-6.0,19.0,-6.0,3.0
-6,8.0,1.0,2.0,17.0,4.0,0.0,-16.0,0.0,7.0,7.0,15.0,20.0,-6.0,21.0,-6.0,3.0
-4,10.0,1.0,2.0,21.0,3.0,1.0,-16.0,4.0,6.0,7.0,17.0,22.0,-6.0,23.0,-6.0,3.0
-1,11.0,1.0,3.0,25.0,2.0,1.0,-14.0,7.0,5.0,8.0,19.0,26.0,-6.0,24.0,-6.0,3.0
2,12.0,1.0,4.0,28.0,1.0,2.0,-12.0,10.0,5.0,8.0,20.0,29.0,-5.0,25.0,-5.0,3.0
5,13.0,1.0,5.0,30.0,1.0,2.0,-11.0,12.0,4.0,8.0,21.0,31.0,-5.0,24.0,-4.0,3.0
7,13.0,1.0,5.0,31.0,1.0,3.0,-9.0,13.0,4.0,8.0,22.0,32.0,-5.0,24.0,-3.0,3.0
8,13.0,-1.0,6.0,31.0,1.0,3.0,-8.0,13.0,6.0,7.0,21.0,32.0,-5.0,23.0,-3.0,3.0
9,14.0,-2.0,5.0,31.0,1.0,2.0,-7.0,12.0,8.0,6.0,20.0,31.0,-4.0,23.0,-4.0,3.0
9,15.0,-3.0,5.0,31.0,1.0,1.0,-7.0,10.0,11.0,6.0,17.0,30.0,-4.0,23.0,-4.0,3.0
9,16.0,-4.0,5.0,31.0,1.0,1.0,-7.0,10.0,14.0,6.0,14.0,31.0,-3.0,22.0,-5.0,3.0
8,16.0,-4.0,6.0,31.0,2.0,1.0,-8.0,10.0,16.0,5.0,12.0,32.0,-3.0,20.0,-5.0,3.0
7,16.0,-4.0,6.0,31.0,2.0,1.0,-8.0,10.0,18.0,5.0,9.0,32.0,-2.0,18.0,-5.0,3.0
6,16.0,-3.0,6.0,30.0,2.0,1.0,-8.0,10.0,20.0,5.0,6.0,32.0,0.0,15.0,-5.0,3.0
6,16.0,-1.0,5.0,30.0,2.0,1.0,-7.0,11.0,22.0,5.0,2.0,31.0,3.0,11.0,-5.0,3.0
6,16.0,0.0,4.0,31.0,1.0,1.0,-7.0,12.0,25.0,5.0,-3.0,31.0,6.0,8.0,-5.0,3.0
7,14.0,2.0,1.0,31.0,0.0,-1.0,-7.0,13.0,28.0,5.0,-7.0,31.0,7.0,7.0,-5.0,3.0
9,12.0,2.0,-3.0,31.0,-1.0,-3.0,-7.0,14.0,32.0,5.0,-11.0,31.0,8.0,5.0,-5.0,3.0
13,10.0,2.0,-7.0,31.0,-1.0,-5.0,-7.0,14.0,34.0,4.0,-14.0,31.0,9.0,4.0,-4.0,3.0
16,9.0,2.0,-10.0,32.0,-1.0,-6.0,-7.0,16.0,35.0,4.0,-16.0,30.0,10.0,3.0,-3.0,3.0
18,8.0,2.0,-12.0,32.0,-1.0,-8.0,-7.0,17.0,35.0,4.0,-16.0,27.0,11.0,2.0,-2.0,3.0
19,9.0,2.0,-13.0,32.0,0.0,-8.0,-6.0,17.0,32.0,4.0,-15.0,24.0,12.0,2.0,-1.0,3.0
18,10.0,3.0,-12.0,30.0,1.0,-8.0,-5.0,17.0,29.0,3.0,-14.0,21.0,12.0,2.0,0.0,3.0
16,11.0,4.0,-12.0,28.0,3.0,-7.0,-4.0,17.0,26.0,2.0,-12.0,19.0,10.0,2.0,1.0,3.0
13,13.0,6.0,-11.0,26.0,4.0,-6.0,-3.0,16.0,23.0,-1.0,-10.0,18.0,7.0,2.0,1.0,3.0
10,16.0,7.0,-11.0,24.0,6.0,-5.0,-3.0,14.0,19.0,-3.0,-7.0,17.0,4.0,1.0,1.0,3.0
8,19.0,7.0,-11.0,23.0,8.0,-5.0,-4.0,15.0,14.0,-5.0,-4.0,17.0,2.0,1.0,0.0,3.0
6,20.0,6.0,-12.0,23.0,9.0,-5.0,-6.0,17.0,8.0,-8.0,-2.0,15.0,1.0,0.0,-1.0,3.0
6,19.0,4.0,-11.0,22.0,9.0,-5.0,-8.0,18.0,2.0,-10.0,1.0,13.0,-1.0,0.0,-1.0,3.0
6,15.0,1.0,-8.0,19.0,8.0,-4.0,-9.0,18.0,-3.0,-11.0,3.0,9.0,-1.0,0.0,0.0,3.0
7,10.0,-4.0,-4.0,17.0,5.0,-3.0,-10.0,16.0,-5.0,-11.0,5.0,6.0,-2.0,0.0,1.0,3.0
6,5.0,-7.0,2.0,13.0,2.0,-2.0,-9.0,12.0,-4.0,-11.0,6.0,3.0,-3.0,1.0,2.0,3.0
4,2.0,-10.0,7.0,10.0,-1.0,1.0,-7.0,8.0,-2.0,-10.0,7.0,1.0,-2.0,3.0,2.0,3.0
1,2.0,-10.0,12.0,8.0,-4.0,3.0,-3.0,4.0,1.0,-9.0,7.0,-1.0,-2.0,4.0,2.0,3.0
-3,4.0,-9.0,16.0,7.0,-6.0,6.0,2.0,0.0,3.0,-8.0,8.0,-1.0,-1.0,4.0,1.0,3.0
-5,6.0,-7.0,20.0,7.0,-7.0,8.0,6.0,-3.0,4.0,-6.0,8.0,-1.0,-1.0,5.0,0.0,3.0
-7,6.0,-4.0,23.0,7.0,-8.0,10.0,10.0,-5.0,4.0,-5.0,9.0,-1.0,-1.0,7.0,-1.0,3.0
-8,6.0,-1.0,26.0,7.0,-9.0,11.0,13.0,-6.0,4.0,-4.0,10.0,-1.0,-1.0,8.0,-2.0,3.0
-8,6.0,2.0,26.0,8.0,-10.0,12.0,16.0,-6.0,4.0,-3.0,10.0,-1.0,-2.0,10.0,-3.0,3.0
-7,7.0,3.0,26.0,8.0,-11.0,13.0,19.0,-5.0,5.0,-3.0,8.0,0.0,-2.0,10.0,-3.0,3.0
-4,7.0,4.0,25.0,9.0,-10.0,12.0,21.0,-3.0,7.0,-3.0,7.0,1.0,-2.0,10.0,-2.0,3.0
2,8.0,4.0,23.0,12.0,-10.0,11.0,23.0,0.0,9.0,-3.0,4.0,4.0,-1.0,9.0,-1.0,3.0
8,8.0,3.0,21.0,14.0,-9.0,10.0,24.0,3.0,12.0,-3.0,2.0,6.0,0.0,7.0,1.0,3.0
13,8.0,2.0,18.0,18.0,-9.0,9.0,23.0,5.0,15.0,-3.0,0.0,9.0,0.0,6.0,2.0,3.0
16,10.0,1.0,16.0,21.0,-9.0,8.0,22.0,6.0,16.0,-2.0,-1.0,11.0,-1.0,6.0,3.0,3.0
16,13.0,0.0,14.0,23.0,-9.0,8.0,20.0,8.0,15.0,-2.0,-1.0,12.0,-2.0,6.0,3.0,3.0
15,15.0,0.0,13.0,25.0,-9.0,9.0,18.0,9.0,13.0,-3.0,0.0,13.0,-4.0,6.0,4.0,3.0
13,17.0,0.0,12.0,25.0,-8.0,9.0,16.0,10.0,10.0,-4.0,1.0,12.0,-5.0,5.0,5.0,3.0
11,18.0,0.0,13.0,25.0,-8.0,10.0,15.0,11.0,7.0,-6.0,2.0,12.0,-5.0,2.0,5.0,3.0
9,17.0,0.0,15.0,24.0,-8.0,11.0,13.0,11.0,5.0,-8.0,4.0,11.0,-5.0,-1.0,6.0,3.0
7,16.0,0.0,17.0,24.0,-8.0,11.0,12.0,10.0,5.0,-11.0,5.0,11.0,-5.0,-3.0,7.0,3.0
6,14.0,-2.0,19.0,24.0,-9.0,12.0,11.0,8.0,4.0,-12.0,7.0,10.0,-5.0,-5.0,7.0,3.0
5,13.0,-4.0,22.0,23.0,-11.0,12.0,10.0,8.0,3.0,-13.0,8.0,10.0,-6.0,-5.0,6.0,3.0
4,11.0,-7.0,24.0,23.0,-12.0,12.0,9.0,8.0,2.0,-13.0,9.0,11.0,-6.0,-5.0,5.0,3.0
4,9.0,-9.0,26.0,22.0,-13.0,12.0,9.0,8.0,2.0,-12.0,8.0,12.0,-4.0,-5.0,4.0,3.0
5,6.0,-10.0,27.0,22.0,-14.0,13.0,8.0,8.0,3.0,-10.0,7.0,13.0,-2.0,-6.0,3.0,3.0
8,4.0,-10.0,27.0,22.0,-14.0,13.0,8.0,9.0,5.0,-9.0,6.0,15.0,0.0,-6.0,3.0,3.0
10,1.0,-10.0,26.0,22.0,-14.0,13.0,7.0,9.0,7.0,-8.0,6.0,16.0,1.0,-5.0,2.0,3.0
14,-1.0,-11.0,25.0,22.0,-14.0,13.0,6.0,10.0,9.0,-7.0,5.0,17.0,2.0,-3.0,2.0,3.0
17,-2.0,-11.0,23.0,23.0,-14.0,12.0,6.0,11.0,11.0,-6.0,4.0,17.0,2.0,-2.0,2.0,3.0
17,-3.0,-10.0,22.0,22.0,-13.0,12.0,5.0,12.0,12.0,-5.0,4.0,18.0,2.0,0.0,3.0,3.0
15,-3.0,-9.0,21.0,21.0,-12.0,11.0,4.0,13.0,13.0,-3.0,3.0,18.0,4.0,2.0,3.0,3.0
12,-3.0,-7.0,20.0,19.0,-11.0,11.0,3.0,14.0,14.0,0.0,2.0,19.0,6.0,2.0,4.0,3.0
10,-3.0,-5.0,18.0,16.0,-10.0,12.0,3.0,16.0,16.0,2.0,1.0,19.0,8.0,3.0,3.0,3.0
7,-3.0,-2.0,17.0,14.0,-10.0,13.0,3.0,18.0,16.0,3.0,0.0,19.0,10.0,4.0,3.0,3.0
6,-2.0,-1.0,14.0,11.0,-10.0,13.0,4.0,19.0,14.0,4.0,0.0,19.0,11.0,6.0,2.0,3.0
5,-2.0,0.0,11.0,9.0,-11.0,13.0,3.0,19.0,12.0,4.0,0.0,18.0,11.0,7.0,1.0,3.0
6,-2.0,-1.0,8.0,7.0,-10.0,13.0,2.0,17.0,10.0,4.0,0.0,16.0,9.0,7.0,-1.0,3.0
6,-3.0,-2.0,4.0,4.0,-10.0,12.0,0.0,14.0,9.0,3.0,0.0,12.0,7.0,8.0,-2.0,3.0
7,-5.0,-3.0,1.0,2.0,-9.0,10.0,-3.0,11.0,8.0,2.0,1.0,9.0,6.0,8.0,-2.0,3.0
7,-8.0,-4.0,-2.0,1.0,-9.0,8.0,-7.0,7.0,7.0,1.0,2.0,6.0,5.0,8.0,-2.0,3.0
6,-10.0,-4.0,-3.0,1.0,-9.0,8.0,-10.0,5.0,5.0,1.0,3.0,3.0,4.0,8.0,-2.0,3.0
5,-12.0,-4.0,-3.0,1.0,-9.0,7.0,-13.0,5.0,3.0,0.0,4.0,2.0,3.0,7.0,-1.0,3.0
4,-13.0,-5.0,-2.0,3.0,-10.0,7.0,-14.0,5.0,1.0,-1.0,4.0,1.0,1.0,7.0,0.0,3.0
3,-13.0,-5.0,0.0,4.0,-11.0,7.0,-16.0,5.0,-1.0,-2.0,3.0,0.0,-2.0,5.0,1.0,3.0
2,-14.0,-5.0,1.0,4.0,-11.0,6.0,-16.0,4.0,-2.0,-3.0,1.0,-1.0,-5.0,3.0,2.0,3.0
0,-16.0,-6.0,2.0,3.0,-12.0,6.0,-16.0,3.0,-3.0,-4.0,-3.0,-2.0,-7.0,-1.0,2.0,3.0
-1,-17.0,-6.0,3.0,2.0,-12.0,5.0,-16.0,1.0,-4.0,-5.0,-6.0,-4.0,-8.0,-5.0,2.0,3.0
-3,-18.0,-6.0,2.0,-1.0,-13.0,4.0,-16.0,-2.0,-4.0,-5.0,-11.0,-6.0,-8.0,-9.0,2.0,3.0
-5,-19.0,-6.0,1.0,-3.0,-13.0,3.0,-16.0,-4.0,-4.0,-4.0,-15.0,-9.0,-8.0,-12.0,2.0,3.0
-7,-19.0,-6.0,-1.0,-5.0,-13.0,1.0,-16.0,-5.0,-5.0,-4.0,-19.0,-11.0,-7.0,-14.0,1.0,3.0
-7,-19.0,-7.0,-4.0,-7.0,-13.0,0.0,-16.0,-5.0,-5.0,-3.0,-22.0,-13.0,-7.0,-16.0,0.0,3.0
-6,-12.0,-6.0,-12.0,-5.0,-10.0,-3.0,-17.0,1.0,-5.0,0.0,-30.0,-9.0,-5.0,-17.0,-2.0,3.0
-5,-8.0,-5.0,-14.0,-3.0,-9.0,-3.0,-17.0,2.0,-3.0,2.0,-31.0,-5.0,-4.0,-17.0,-3.0,3.0
-5,-5.0,-4.0,-14.0,-1.0,-7.0,-3.0,-17.0,2.0,-1.0,4.0,-30.0,-2.0,-4.0,-16.0,-4.0,3.0
-4,-2.0,-2.0,-15.0,1.0,-4.0,-3.0,-16.0,1.0,1.0,5.0,-28.0,1.0,-4.0,-14.0,-4.0,3.0
-3,1.0,-1.0,-16.0,3.0,-2.0,-3.0,-16.0,-1.0,2.0,5.0,-25.0,3.0,-6.0,-12.0,-4.0,3.0
-2,3.0,1.0,-16.0,5.0,-1.0,-3.0,-16.0,-2.0,1.0,5.0,-22.0,4.0,-7.0,-10.0,-4.0,3.0
-2,5.0,2.0,-15.0,7.0,1.0,-3.0,-15.0,-2.0,-1.0,6.0,-17.0,3.0,-8.0,-7.0,-3.0,3.0
-2,7.0,3.0,-13.0,9.0,3.0,-2.0,-16.0,-2.0,-4.0,6.0,-11.0,2.0,-8.0,-4.0,-3.0,3.0
-2,9.0,3.0,-11.0,12.0,4.0,-1.0,-16.0,-2.0,-7.0,7.0,-5.0,0.0,-6.0,0.0,-2.0,3.0
-2,9.0,3.0,-7.0,14.0,5.0,1.0,-16.0,-2.0,-8.0,7.0,1.0,-1.0,-3.0,4.0,-2.0,3.0
-2,10.0,3.0,-3.0,16.0,6.0,3.0,-16.0,-3.0,-8.0,8.0,8.0,-2.0,1.0,9.0,-3.0,3.0
-3,10.0,2.0,2.0,17.0,7.0,4.0,-16.0,-4.0,-7.0,9.0,13.0,-3.0,4.0,13.0,-3.0,3.0
-3,10.0,2.0,7.0,17.0,8.0,6.0,-15.0,-6.0,-4.0,9.0,17.0,-4.0,7.0,17.0,-4.0,3.0
-4,10.0,3.0,11.0,17.0,9.0,8.0,-14.0,-8.0,-1.0,10.0,20.0,-5.0,11.0,18.0,-3.0,3.0
-4,9.0,4.0,15.0,18.0,9.0,10.0,-13.0,-8.0,2.0,10.0,21.0,-6.0,15.0,18.0,-2.0,3.0
-5,8.0,6.0,17.0,18.0,9.0,12.0,-11.0,-8.0,5.0,11.0,21.0,-6.0,18.0,17.0,0.0,3.0
-5,7.0,8.0,18.0,18.0,8.0,13.0,-10.0,-7.0,6.0,11.0,20.0,-7.0,20.0,16.0,1.0,3.0
-5,7.0,9.0,18.0,17.0,7.0,13.0,-9.0,-6.0,7.0,13.0,17.0,-7.0,21.0,16.0,2.0,3.0
-4,6.0,8.0,16.0,17.0,5.0,13.0,-9.0,-4.0,7.0,13.0,12.0,-8.0,20.0,15.0,2.0,3.0
-4,6.0,7.0,12.0,16.0,2.0,12.0,-9.0,-3.0,7.0,14.0,7.0,-9.0,19.0,13.0,1.0,3.0
-4,5.0,6.0,8.0,15.0,0.0,10.0,-9.0,-2.0,7.0,14.0,1.0,-10.0,18.0,11.0,1.0,3.0
-3,5.0,4.0,4.0,14.0,-2.0,7.0,-9.0,-2.0,10.0,13.0,-5.0,-10.0,17.0,8.0,1.0,3.0
-1,5.0,2.0,-1.0,13.0,-3.0,5.0,-9.0,-4.0,14.0,12.0,-10.0,-11.0,17.0,5.0,2.0,3.0
0,5.0,1.0,-5.0,12.0,-4.0,2.0,-8.0,-5.0,18.0,11.0,-13.0,-10.0,16.0,3.0,2.0,3.0
2,6.0,0.0,-8.0,11.0,-3.0,-1.0,-7.0,-6.0,22.0,10.0,-16.0,-10.0,15.0,3.0,2.0,3.0
3,7.0,-1.0,-10.0,11.0,-3.0,-3.0,-6.0,-5.0,24.0,10.0,-16.0,-9.0,15.0,4.0,3.0,3.0
5,8.0,-1.0,-12.0,10.0,-2.0,-4.0,-5.0,-4.0,25.0,10.0,-17.0,-8.0,15.0,5.0,3.0,3.0
6,9.0,-1.0,-14.0,10.0,-1.0,-6.0,-3.0,-1.0,24.0,10.0,-16.0,-7.0,15.0,6.0,4.0,3.0
8,10.0,-2.0,-16.0,9.0,1.0,-7.0,-3.0,3.0,23.0,10.0,-15.0,-6.0,15.0,7.0,4.0,3.0
9,11.0,-3.0,-17.0,8.0,2.0,-7.0,-2.0,5.0,22.0,10.0,-14.0,-5.0,16.0,8.0,4.0,3.0
9,12.0,-4.0,-16.0,7.0,4.0,-7.0,-2.0,5.0,21.0,10.0,-13.0,-6.0,16.0,8.0,4.0,3.0
9,12.0,-4.0,-15.0,7.0,5.0,-6.0,-3.0,4.0,20.0,10.0,-12.0,-7.0,15.0,8.0,4.0,3.0
7,14.0,-5.0,-12.0,6.0,6.0,-5.0,-3.0,3.0,19.0,9.0,-11.0,-7.0,15.0,8.0,4.0,3.0
5,15.0,-5.0,-9.0,6.0,7.0,-3.0,-3.0,2.0,19.0,8.0,-10.0,-6.0,15.0,7.0,3.0,3.0
3,17.0,-4.0,-6.0,7.0,9.0,-2.0,-3.0,3.0,19.0,7.0,-10.0,-4.0,15.0,6.0,2.0,3.0
1,19.0,-2.0,-2.0,7.0,11.0,-1.0,-1.0,4.0,19.0,7.0,-10.0,-1.0,16.0,6.0,1.0,3.0
1,20.0,-1.0,1.0,8.0,12.0,0.0,2.0,5.0,21.0,7.0,-9.0,2.0,17.0,6.0,-1.0,3.0
2,20.0,0.0,4.0,9.0,12.0,1.0,5.0,6.0,22.0,8.0,-8.0,5.0,17.0,7.0,-2.0,3.0
4,18.0,1.0,7.0,11.0,11.0,1.0,7.0,5.0,23.0,8.0,-6.0,7.0,17.0,8.0,-2.0,3.0
7,16.0,1.0,9.0,12.0,10.0,1.0,8.0,3.0,22.0,9.0,-3.0,7.0,17.0,9.0,-3.0,3.0
9,13.0,0.0,11.0,13.0,9.0,2.0,9.0,2.0,20.0,9.0,1.0,8.0,17.0,10.0,-3.0,3.0
9,10.0,1.0,13.0,12.0,8.0,3.0,10.0,4.0,17.0,8.0,5.0,10.0,15.0,11.0,-3.0,3.0
9,9.0,1.0,15.0,11.0,7.0,4.0,11.0,7.0,13.0,7.0,10.0,13.0,13.0,12.0,-2.0,3.0
8,8.0,1.0,17.0,9.0,7.0,6.0,12.0,10.0,10.0,5.0,15.0,16.0,11.0,14.0,-1.0,3.0
8,8.0,1.0,17.0,7.0,8.0,6.0,13.0,12.0,8.0,3.0,19.0,18.0,9.0,15.0,0.0,3.0
9,7.0,-1.0,16.0,4.0,9.0,5.0,14.0,12.0,6.0,2.0,22.0,18.0,7.0,16.0,0.0,3.0
10,6.0,-2.0,14.0,2.0,10.0,4.0,13.0,11.0,5.0,0.0,23.0,17.0,4.0,16.0,1.0,3.0
11,5.0,-5.0,11.0,-1.0,10.0,2.0,11.0,11.0,3.0,-2.0,22.0,16.0,2.0,14.0,1.0,3.0
11,5.0,-7.0,9.0,-3.0,10.0,1.0,9.0,11.0,0.0,-4.0,21.0,14.0,-1.0,11.0,2.0,3.0
8,5.0,-8.0,8.0,-4.0,10.0,0.0,7.0,9.0,-2.0,-7.0,19.0,13.0,-5.0,8.0,3.0,3.0
5,6.0,-8.0,7.0,-4.0,8.0,-1.0,6.0,7.0,-3.0,-9.0,18.0,12.0,-9.0,5.0,4.0,3.0
3,7.0,-7.0,7.0,-4.0,7.0,0.0,6.0,4.0,-5.0,-11.0,16.0,12.0,-13.0,3.0,3.0,3.0
1,7.0,-7.0,8.0,-3.0,5.0,0.0,6.0,2.0,-7.0,-13.0,16.0,11.0,-17.0,2.0,3.0,3.0
0,6.0,-7.0,9.0,-2.0,3.0,1.0,6.0,2.0,-12.0,-14.0,17.0,10.0,-21.0,0.0,3.0,3.0
1,5.0,-7.0,10.0,-1.0,1.0,2.0,6.0,2.0,-17.0,-16.0,17.0,10.0,-24.0,-3.0,3.0,3.0
1,3.0,-9.0,11.0,0.0,-2.0,3.0,6.0,3.0,-21.0,-18.0,18.0,10.0,-27.0,-6.0,5.0,3.0
2,1.0,-10.0,12.0,0.0,-3.0,3.0,6.0,3.0,-23.0,-19.0,17.0,9.0,-28.0,-9.0,6.0,3.0
2,1.0,-10.0,12.0,1.0,-4.0,3.0,6.0,3.0,-23.0,-19.0,15.0,9.0,-28.0,-12.0,7.0,3.0
2,2.0,-9.0,13.0,1.0,-4.0,3.0,7.0,3.0,-22.0,-19.0,12.0,8.0,-26.0,-14.0,7.0,3.0
3,4.0,-7.0,13.0,2.0,-3.0,4.0,9.0,5.0,-21.0,-18.0,8.0,8.0,-24.0,-15.0,5.0,3.0
4,5.0,-6.0,13.0,2.0,-2.0,4.0,12.0,7.0,-20.0,-17.0,4.0,7.0,-22.0,-14.0,4.0,3.0
7,5.0,-5.0,13.0,3.0,-1.0,4.0,14.0,8.0,-18.0,-15.0,2.0,7.0,-21.0,-14.0,3.0,3.0
11,3.0,-4.0,13.0,4.0,0.0,3.0,17.0,8.0,-17.0,-14.0,0.0,8.0,-21.0,-13.0,3.0,3.0
15,1.0,-4.0,14.0,6.0,0.0,2.0,19.0,8.0,-15.0,-13.0,0.0,9.0,-20.0,-12.0,3.0,3.0
17,1.0,-4.0,15.0,7.0,0.0,1.0,21.0,9.0,-13.0,-11.0,1.0,11.0,-19.0,-10.0,3.0,3.0
17,2.0,-3.0,16.0,9.0,0.0,2.0,22.0,11.0,-13.0,-10.0,3.0,14.0,-18.0,-7.0,2.0,3.0
16,6.0,-1.0,17.0,11.0,1.0,3.0,22.0,14.0,-12.0,-8.0,5.0,18.0,-16.0,-4.0,2.0,3.0
14,10.0,1.0,18.0,13.0,2.0,4.0,23.0,17.0,-11.0,-6.0,8.0,21.0,-13.0,-2.0,2.0,3.0
12,12.0,2.0,20.0,15.0,4.0,6.0,22.0,18.0,-9.0,-5.0,11.0,23.0,-11.0,1.0,2.0,3.0
12,13.0,3.0,22.0,16.0,4.0,7.0,22.0,17.0,-9.0,-3.0,14.0,24.0,-9.0,4.0,2.0,3.0
12,12.0,2.0,24.0,17.0,4.0,8.0,21.0,16.0,-9.0,-2.0,18.0,24.0,-9.0,6.0,2.0,3.0
12,10.0,1.0,27.0,18.0,3.0,9.0,20.0,15.0,-11.0,-2.0,21.0,23.0,-9.0,7.0,2.0,3.0
11,7.0,-1.0,30.0,17.0,1.0,10.0,19.0,15.0,-14.0,-3.0,23.0,23.0,-11.0,8.0,1.0,3.0
10,4.0,-4.0,32.0,15.0,-1.0,10.0,18.0,14.0,-17.0,-4.0,26.0,23.0,-12.0,7.0,0.0,3.0
8,0.0,-6.0,34.0,13.0,-4.0,10.0,17.0,12.0,-19.0,-6.0,27.0,23.0,-13.0,6.0,-1.0,3.0
7,-4.0,-8.0,34.0,11.0,-7.0,10.0,15.0,10.0,-20.0,-7.0,28.0,22.0,-14.0,5.0,-1.0,3.0
6,-8.0,-9.0,33.0,8.0,-9.0,9.0,13.0,9.0,-22.0,-9.0,29.0,21.0,-17.0,5.0,-3.0,3.0
5,-11.0,-11.0,32.0,6.0,-11.0,8.0,11.0,8.0,-25.0,-10.0,28.0,20.0,-20.0,6.0,-4.0,3.0
4,-13.0,-13.0,29.0,4.0,-12.0,7.0,10.0,8.0,-28.0,-11.0,28.0,18.0,-24.0,6.0,-4.0,3.0
5,-14.0,-14.0,26.0,2.0,-13.0,5.0,8.0,9.0,-30.0,-12.0,27.0,17.0,-27.0,5.0,-2.0,3.0
5,-16.0,-14.0,23.0,0.0,-13.0,4.0,8.0,9.0,-30.0,-13.0,25.0,17.0,-28.0,3.0,-1.0,3.0
6,-17.0,-13.0,20.0,-2.0,-12.0,3.0,8.0,8.0,-28.0,-13.0,23.0,16.0,-28.0,0.0,1.0,3.0
6,-18.0,-11.0,17.0,-5.0,-11.0,2.0,7.0,8.0,-25.0,-14.0,20.0,17.0,-27.0,-4.0,3.0,3.0
6,-18.0,-10.0,13.0,-7.0,-9.0,1.0,7.0,8.0,-22.0,-13.0,17.0,18.0,-25.0,-6.0,3.0,3.0
6,-17.0,-8.0,9.0,-9.0,-7.0,-1.0,7.0,9.0,-19.0,-12.0,13.0,19.0,-25.0,-6.0,3.0,3.0
7,-16.0,-6.0,6.0,-10.0,-4.0,-2.0,6.0,9.0,-17.0,-11.0,11.0,20.0,-24.0,-6.0,3.0,3.0
8,-14.0,-5.0,3.0,-10.0,-2.0,-3.0,6.0,8.0,-14.0,-9.0,9.0,20.0,-23.0,-5.0,2.0,3.0
8,-11.0,-5.0,0.0,-10.0,1.0,-5.0,5.0,7.0,-11.0,-7.0,7.0,18.0,-21.0,-4.0,2.0,3.0
8,-9.0,-4.0,-3.0,-10.0,4.0,-6.0,5.0,5.0,-8.0,-5.0,5.0,16.0,-17.0,-5.0,3.0,3.0
8,-7.0,-3.0,-5.0,-11.0,7.0,-7.0,4.0,4.0,-5.0,-4.0,3.0,13.0,-13.0,-5.0,3.0,3.0
8,-6.0,-1.0,-8.0,-12.0,9.0,-7.0,3.0,4.0,-2.0,-2.0,1.0,11.0,-10.0,-5.0,4.0,3.0
8,-5.0,0.0,-10.0,-13.0,12.0,-8.0,2.0,5.0,0.0,0.0,-1.0,9.0,-6.0,-4.0,5.0,3.0
9,-4.0,1.0,-14.0,-14.0,14.0,-9.0,1.0,6.0,3.0,1.0,-3.0,7.0,-3.0,-4.0,5.0,3.0
9,-4.0,2.0,-17.0,-15.0,15.0,-9.0,-1.0,6.0,5.0,2.0,-5.0,5.0,1.0,-4.0,6.0,3.0
9,-3.0,2.0,-21.0,-16.0,16.0,-10.0,-3.0,5.0,7.0,3.0,-8.0,1.0,4.0,-4.0,6.0,3.0
9,-3.0,3.0,-24.0,-16.0,17.0,-11.0,-5.0,3.0,8.0,4.0,-10.0,-4.0,6.0,-3.0,6.0,3.0
9,-3.0,3.0,-26.0,-16.0,17.0,-12.0,-7.0,1.0,8.0,6.0,-12.0,-9.0,9.0,-2.0,6.0,3.0
10,-4.0,3.0,-28.0,-16.0,18.0,-13.0,-8.0,-1.0,9.0,7.0,-13.0,-13.0,12.0,-1.0,5.0,3.0
10,-4.0,3.0,-28.0,-15.0,17.0,-13.0,-8.0,-2.0,9.0,9.0,-14.0,-18.0,14.0,0.0,5.0,3.0
10,-5.0,4.0,-27.0,-14.0,17.0,-13.0,-8.0,-3.0,9.0,10.0,-14.0,-21.0,16.0,2.0,5.0,3.0
9,-7.0,4.0,-25.0,-13.0,16.0,-13.0,-8.0,-5.0,8.0,11.0,-13.0,-25.0,17.0,3.0,5.0,3.0
8,-8.0,5.0,-24.0,-13.0,15.0,-13.0,-8.0,-6.0,7.0,12.0,-12.0,-27.0,17.0,5.0,5.0,3.0
6,-10.0,6.0,-23.0,-14.0,14.0,-13.0,-8.0,-6.0,5.0,13.0,-11.0,-27.0,16.0,8.0,4.0,3.0
5,-11.0,7.0,-23.0,-13.0,13.0,-13.0,-8.0,-6.0,5.0,14.0,-10.0,-26.0,14.0,11.0,3.0,3.0
4,-11.0,8.0,-23.0,-13.0,12.0,-12.0,-8.0,-5.0,5.0,16.0,-9.0,-25.0,14.0,13.0,4.0,3.0
3,-10.0,9.0,-24.0,-13.0,11.0,-12.0,-8.0,-5.0,5.0,18.0,-8.0,-24.0,15.0,14.0,5.0,3.0
2,-9.0,9.0,-25.0,-14.0,11.0,-12.0,-7.0,-5.0,6.0,19.0,-8.0,-25.0,16.0,14.0,6.0,3.0
0,-8.0,9.0,-26.0,-15.0,10.0,-13.0,-7.0,-7.0,7.0,19.0,-8.0,-26.0,17.0,14.0,7.0,3.0
-1,-7.0,9.0,-27.0,-16.0,10.0,-14.0,-7.0,-8.0,7.0,18.0,-8.0,-27.0,18.0,12.0,7.0,3.0
-3,-7.0,8.0,-27.0,-17.0,10.0,-14.0,-7.0,-9.0,7.0,17.0,-8.0,-28.0,19.0,11.0,7.0,3.0
-4,-6.0,8.0,-28.0,-17.0,9.0,-15.0,-7.0,-10.0,8.0,15.0,-7.0,-27.0,18.0,9.0,6.0,3.0
-5,-5.0,8.0,-28.0,-16.0,9.0,-15.0,-8.0,-10.0,8.0,13.0,-7.0,-27.0,17.0,8.0,5.0,3.0
-5,-3.0,9.0,-28.0,-14.0,9.0,-14.0,-8.0,-11.0,8.0,10.0,-7.0,-26.0,15.0,7.0,5.0,3.0
-5,-2.0,10.0,-27.0,-13.0,9.0,-13.0,-8.0,-11.0,7.0,9.0,-6.0,-26.0,14.0,6.0,5.0,3.0
-5,0.0,10.0,-26.0,-11.0,10.0,-13.0,-7.0,-11.0,5.0,7.0,-5.0,-25.0,12.0,4.0,5.0,3.0
-6,2.0,10.0,-24.0,-10.0,10.0,-12.0,-7.0,-11.0,3.0,5.0,-4.0,-24.0,9.0,3.0,5.0,3.0
-6,3.0,9.0,-20.0,-9.0,11.0,-11.0,-6.0,-10.0,1.0,4.0,-2.0,-22.0,6.0,3.0,6.0,3.0
-7,3.0,8.0,-17.0,-9.0,11.0,-10.0,-5.0,-8.0,-2.0,3.0,0.0,-20.0,4.0,3.0,6.0,3.0
-8,3.0,8.0,-13.0,-9.0,11.0,-9.0,-3.0,-8.0,-3.0,2.0,2.0,-18.0,2.0,3.0,6.0,3.0
-9,3.0,8.0,-10.0,-9.0,10.0,-7.0,-2.0,-8.0,-3.0,1.0,4.0,-17.0,1.0,3.0,7.0,3.0
-9,3.0,8.0,-8.0,-9.0,10.0,-6.0,-2.0,-9.0,-3.0,1.0,6.0,-15.0,0.0,3.0,8.0,3.0
-9,3.0,8.0,-7.0,-9.0,10.0,-5.0,-2.0,-9.0,-4.0,1.0,7.0,-14.0,-1.0,2.0,8.0,3.0
-9,3.0,8.0,-7.0,-9.0,10.0,-4.0,-2.0,-8.0,-5.0,1.0,6.0,-14.0,-2.0,2.0,9.0,3.0
-9,3.0,7.0,-9.0,-8.0,9.0,-4.0,-4.0,-6.0,-6.0,0.0,4.0,-14.0,-4.0,2.0,8.0,3.0
-8,3.0,7.0,-10.0,-7.0,8.0,-4.0,-5.0,-3.0,-6.0,-1.0,2.0,-13.0,-6.0,2.0,7.0,3.0
-7,3.0,7.0,-12.0,-6.0,7.0,-4.0,-6.0,-1.0,-5.0,-2.0,-1.0,-11.0,-6.0,3.0,5.0,3.0
-6,3.0,7.0,-13.0,-5.0,7.0,-4.0,-7.0,0.0,-3.0,-3.0,-3.0,-10.0,-6.0,4.0,3.0,3.0
-5,3.0,7.0,-15.0,-5.0,8.0,-4.0,-8.0,-1.0,1.0,-3.0,-5.0,-8.0,-6.0,4.0,2.0,3.0
-3,3.0,7.0,-16.0,-5.0,8.0,-5.0,-8.0,-3.0,6.0,-4.0,-7.0,-8.0,-5.0,3.0,2.0,3.0
-2,3.0,7.0,-16.0,-5.0,9.0,-5.0,-7.0,-5.0,9.0,-4.0,-9.0,-8.0,-4.0,1.0,3.0,3.0
-1,4.0,6.0,-16.0,-6.0,10.0,-6.0,-6.0,-6.0,12.0,-4.0,-11.0,-8.0,-4.0,-2.0,3.0,3.0
-1,4.0,6.0,-16.0,-8.0,11.0,-6.0,-4.0,-4.0,12.0,-3.0,-14.0,-6.0,-3.0,-3.0,4.0,3.0
-2,5.0,6.0,-15.0,-9.0,10.0,-5.0,-2.0,-2.0,12.0,-2.0,-16.0,-5.0,-2.0,-5.0,3.0,3.0
-2,4.0,6.0,-13.0,-10.0,10.0,-5.0,0.0,1.0,10.0,0.0,-16.0,-3.0,-1.0,-4.0,2.0,3.0
-3,3.0,5.0,-11.0,-12.0,9.0,-5.0,2.0,1.0,8.0,1.0,-16.0,-2.0,-1.0,-4.0,1.0,3.0
-4,2.0,5.0,-9.0,-13.0,7.0,-5.0,3.0,1.0,4.0,2.0,-14.0,-3.0,-1.0,-3.0,0.0,3.0
-5,0.0,4.0,-8.0,-14.0,6.0,-5.0,5.0,1.0,0.0,2.0,-11.0,-5.0,-1.0,-2.0,-1.0,3.0
-6,-1.0,3.0,-6.0,-16.0,5.0,-5.0,6.0,1.0,-5.0,1.0,-8.0,-6.0,-2.0,-2.0,-1.0,3.0
-7,-2.0,3.0,-5.0,-18.0,5.0,-5.0,6.0,2.0,-10.0,-1.0,-5.0,-7.0,-3.0,-1.0,-2.0,3.0
-8,-3.0,3.0,-5.0,-19.0,5.0,-5.0,7.0,2.0,-13.0,-2.0,-2.0,-8.0,-4.0,-1.0,-3.0,3.0
-8,-4.0,3.0,-4.0,-20.0,5.0,-5.0,7.0,2.0,-13.0,-4.0,0.0,-7.0,-4.0,-1.0,-4.0,3.0
-7,-4.0,3.0,-4.0,-20.0,5.0,-6.0,8.0,1.0,-13.0,-6.0,3.0,-6.0,-4.0,0.0,-4.0,3.0
-6,-5.0,2.0,-4.0,-18.0,5.0,-6.0,7.0,1.0,-11.0,-8.0,5.0,-5.0,-3.0,0.0,-5.0,3.0
-5,-5.0,2.0,-4.0,-15.0,3.0,-6.0,6.0,0.0,-11.0,-9.0,7.0,-4.0,-2.0,-1.0,-5.0,3.0
-4,-5.0,2.0,-4.0,-12.0,2.0,-5.0,5.0,0.0,-12.0,-11.0,9.0,-4.0,-2.0,-3.0,-5.0,3.0
-4,-4.0,2.0,-4.0,-10.0,1.0,-4.0,4.0,1.0,-14.0,-12.0,10.0,-4.0,-2.0,-5.0,-4.0,3.0
-4,-2.0,2.0,-5.0,-9.0,1.0,-3.0,3.0,2.0,-17.0,-13.0,10.0,-4.0,-3.0,-7.0,-3.0,3.0
-3,0.0,2.0,-5.0,-7.0,1.0,-2.0,2.0,2.0,-18.0,-13.0,9.0,-5.0,-4.0,-9.0,-3.0,3.0
-2,2.0,2.0,-6.0,-6.0,2.0,-2.0,1.0,1.0,-17.0,-13.0,7.0,-5.0,-5.0,-9.0,-3.0,3.0
-1,4.0,2.0,-6.0,-4.0,4.0,-2.0,2.0,1.0,-15.0,-13.0,5.0,-4.0,-6.0,-9.0,-3.0,3.0
2,5.0,2.0,-5.0,-1.0,5.0,-3.0,2.0,2.0,-12.0,-12.0,3.0,-2.0,-6.0,-8.0,-3.0,3.0
4,6.0,2.0,-4.0,2.0,5.0,-3.0,3.0,3.0,-8.0,-12.0,2.0,2.0,-7.0,-7.0,-2.0,3.0
5,6.0,2.0,-3.0,5.0,5.0,-4.0,5.0,4.0,-5.0,-12.0,2.0,4.0,-7.0,-7.0,-2.0,3.0
7,6.0,2.0,-2.0,6.0,5.0,-4.0,6.0,4.0,-3.0,-11.0,1.0,5.0,-7.0,-6.0,-1.0,3.0
7,6.0,2.0,0.0,7.0,4.0,-4.0,7.0,5.0,-3.0,-10.0,0.0,6.0,-7.0,-6.0,-1.0,3.0
8,5.0,2.0,1.0,7.0,4.0,-3.0,8.0,4.0,-2.0,-9.0,-1.0,6.0,-7.0,-6.0,0.0,3.0
8,4.0,2.0,3.0,7.0,4.0,-2.0,8.0,3.0,-3.0,-8.0,-1.0,5.0,-7.0,-6.0,0.0,3.0
7,3.0,2.0,6.0,6.0,4.0,-1.0,8.0,2.0,-3.0,-8.0,-1.0,4.0,-7.0,-6.0,0.0,3.0
6,1.0,2.0,8.0,5.0,4.0,0.0,8.0,2.0,-4.0,-8.0,0.0,4.0,-8.0,-5.0,-1.0,3.0
5,1.0,3.0,10.0,5.0,4.0,2.0,7.0,2.0,-4.0,-8.0,1.0,4.0,-8.0,-3.0,-2.0,3.0
3,1.0,3.0,12.0,4.0,5.0,4.0,6.0,3.0,-5.0,-9.0,2.0,3.0,-9.0,-1.0,-3.0,3.0
1,2.0,3.0,13.0,3.0,5.0,5.0,6.0,4.0,-8.0,-9.0,3.0,3.0,-10.0,1.0,-4.0,3.0
1,3.0,3.0,13.0,2.0,6.0,6.0,5.0,5.0,-11.0,-9.0,3.0,3.0,-11.0,1.0,-4.0,3.0
0,2.0,1.0,13.0,1.0,5.0,6.0,4.0,5.0,-14.0,-9.0,4.0,2.0,-12.0,-1.0,-4.0,3.0
0,1.0,-1.0,12.0,-2.0,5.0,6.0,4.0,3.0,-16.0,-10.0,5.0,1.0,-13.0,-3.0,-3.0,3.0
1,-1.0,-2.0,11.0,-4.0,4.0,4.0,4.0,1.0,-17.0,-10.0,6.0,0.0,-13.0,-5.0,-2.0,3.0
2,-2.0,-4.0,9.0,-4.0,2.0,3.0,5.0,0.0,-17.0,-11.0,7.0,-1.0,-13.0,-7.0,-1.0,3.0
2,-3.0,-5.0,8.0,-4.0,0.0,1.0,5.0,-1.0,-17.0,-11.0,7.0,0.0,-13.0,-7.0,-1.0,3.0
2,-4.0,-4.0,7.0,-2.0,-3.0,-1.0,7.0,0.0,-17.0,-11.0,7.0,1.0,-14.0,-7.0,-1.0,3.0
1,-3.0,-3.0,6.0,-1.0,-5.0,-2.0,9.0,2.0,-18.0,-11.0,7.0,2.0,-14.0,-7.0,-1.0,3.0
0,-1.0,-1.0,5.0,1.0,-6.0,-4.0,11.0,3.0,-18.0,-10.0,5.0,2.0,-13.0,-7.0,-1.0,3.0
-1,1.0,0.0,3.0,1.0,-7.0,-4.0,13.0,4.0,-17.0,-10.0,3.0,2.0,-12.0,-9.0,-1.0,3.0
0,1.0,1.0,2.0,1.0,-7.0,-5.0,15.0,3.0,-16.0,-10.0,-1.0,-1.0,-11.0,-10.0,-2.0,3.0
3,0.0,1.0,0.0,0.0,-7.0,-5.0,16.0,3.0,-16.0,-10.0,-4.0,-3.0,-9.0,-11.0,-3.0,3.0
7,-3.0,-1.0,-2.0,-1.0,-8.0,-6.0,17.0,4.0,-16.0,-9.0,-6.0,-4.0,-7.0,-11.0,-5.0,3.0
11,-7.0,-2.0,-2.0,-1.0,-9.0,-7.0,17.0,4.0,-15.0,-9.0,-8.0,-4.0,-6.0,-11.0,-6.0,3.0
13,-10.0,-4.0,-1.0,-1.0,-10.0,-8.0,17.0,5.0,-13.0,-8.0,-8.0,-4.0,-4.0,-11.0,-7.0,3.0
12,-11.0,-5.0,1.0,-1.0,-12.0,-7.0,16.0,5.0,-12.0,-8.0,-6.0,-3.0,-1.0,-11.0,-6.0,3.0
8,-11.0,-5.0,4.0,0.0,-13.0,-5.0,14.0,4.0,-10.0,-8.0,-4.0,-1.0,0.0,-11.0,-6.0,3.0
2,-9.0,-5.0,7.0,1.0,-14.0,-3.0,12.0,3.0,-9.0,-9.0,-1.0,-1.0,0.0,-10.0,-5.0,3.0
-3,-7.0,-4.0,9.0,3.0,-15.0,-1.0,10.0,3.0,-9.0,-9.0,3.0,-1.0,0.0,-8.0,-4.0,3.0
-6,-5.0,-5.0,11.0,4.0,-16.0,0.0,7.0,3.0,-11.0,-10.0,6.0,-3.0,-1.0,-5.0,-4.0,3.0
-8,-5.0,-6.0,13.0,5.0,-17.0,1.0,5.0,2.0,-13.0,-10.0,9.0,-5.0,-2.0,-1.0,-4.0,3.0
-10,-5.0,-6.0,15.0,6.0,-18.0,1.0,4.0,1.0,-14.0,-10.0,11.0,-8.0,-1.0,2.0,-5.0,3.0
-11,-5.0,-7.0,17.0,7.0,-18.0,1.0,4.0,-1.0,-14.0,-9.0,12.0,-10.0,0.0,3.0,-4.0,3.0
-12,-6.0,-7.0,19.0,7.0,-19.0,2.0,4.0,-2.0,-12.0,-9.0,13.0,-11.0,1.0,4.0,-4.0,3.0
-13,-6.0,-7.0,21.0,7.0,-19.0,2.0,4.0,-3.0,-10.0,-8.0,13.0,-11.0,3.0,4.0,-3.0,3.0
-13,-7.0,-7.0,22.0,7.0,-19.0,3.0,4.0,-2.0,-8.0,-8.0,13.0,-10.0,4.0,4.0,-2.0,3.0
-14,-7.0,-6.0,23.0,7.0,-18.0,4.0,4.0,-1.0,-7.0,-7.0,12.0,-9.0,4.0,4.0,-2.0,3.0
-13,-6.0,-6.0,23.0,8.0,-18.0,4.0,4.0,2.0,-8.0,-6.0,11.0,-8.0,5.0,4.0,-2.0,3.0
-12,-6.0,-5.0,23.0,9.0,-18.0,4.0,4.0,3.0,-7.0,-5.0,10.0,-7.0,6.0,4.0,-2.0,3.0
-10,-5.0,-5.0,21.0,12.0,-18.0,4.0,5.0,3.0,-5.0,-4.0,9.0,-6.0,6.0,3.0,-1.0,3.0
-7,-4.0,-4.0,20.0,14.0,-18.0,3.0,5.0,3.0,-2.0,-3.0,7.0,-4.0,8.0,2.0,-1.0,3.0
-5,-3.0,-4.0,18.0,17.0,-18.0,3.0,5.0,2.0,1.0,-2.0,5.0,-3.0,10.0,0.0,0.0,3.0
-3,-2.0,-3.0,17.0,19.0,-18.0,2.0,6.0,1.0,5.0,0.0,3.0,-2.0,11.0,-1.0,1.0,3.0
-2,-1.0,-3.0,16.0,19.0,-18.0,3.0,6.0,-1.0,6.0,2.0,2.0,-3.0,11.0,-1.0,2.0,3.0
-1,-1.0,-2.0,16.0,19.0,-18.0,3.0,7.0,-1.0,6.0,3.0,1.0,-3.0,11.0,0.0,2.0,3.0
-1,-1.0,-2.0,17.0,18.0,-18.0,4.0,8.0,-1.0,5.0,5.0,1.0,-5.0,10.0,1.0,3.0,3.0
0,-2.0,-2.0,17.0,17.0,-19.0,5.0,9.0,-2.0,4.0,6.0,1.0,-6.0,8.0,3.0,3.0,3.0
0,-3.0,-2.0,18.0,16.0,-19.0,5.0,10.0,-2.0,3.0,6.0,2.0,-6.0,8.0,3.0,4.0,3.0
-1,-4.0,-1.0,19.0,15.0,-18.0,6.0,11.0,-2.0,3.0,6.0,3.0,-6.0,8.0,4.0,4.0,3.0
0,-4.0,0.0,20.0,15.0,-18.0,6.0,12.0,-1.0,2.0,6.0,4.0,-6.0,9.0,3.0,5.0,3.0
0,-4.0,1.0,20.0,15.0,-16.0,7.0,12.0,0.0,1.0,5.0,5.0,-7.0,10.0,3.0,5.0,3.0
1,-4.0,1.0,20.0,14.0,-14.0,7.0,11.0,1.0,1.0,4.0,5.0,-9.0,9.0,4.0,5.0,3.0
1,-5.0,1.0,20.0,13.0,-13.0,8.0,10.0,0.0,1.0,2.0,5.0,-11.0,7.0,6.0,5.0,3.0
1,-5.0,1.0,19.0,11.0,-12.0,8.0,8.0,-1.0,3.0,0.0,4.0,-12.0,6.0,7.0,4.0,3.0
1,-5.0,1.0,18.0,10.0,-11.0,9.0,6.0,-2.0,4.0,-2.0,4.0,-12.0,5.0,9.0,3.0,3.0
0,-6.0,1.0,17.0,9.0,-11.0,9.0,4.0,-4.0,6.0,-4.0,5.0,-12.0,4.0,10.0,3.0,3.0
0,-6.0,1.0,16.0,9.0,-11.0,10.0,3.0,-5.0,7.0,-5.0,5.0,-12.0,3.0,10.0,2.0,3.0
-1,-6.0,1.0,14.0,8.0,-11.0,10.0,1.0,-5.0,6.0,-5.0,6.0,-12.0,3.0,9.0,3.0,3.0
-1,-6.0,1.0,12.0,7.0,-11.0,9.0,0.0,-4.0,5.0,-6.0,5.0,-13.0,3.0,7.0,3.0,3.0
-2,-6.0,1.0,10.0,6.0,-10.0,9.0,-1.0,-3.0,5.0,-6.0,5.0,-13.0,4.0,6.0,4.0,3.0
-2,-5.0,1.0,8.0,6.0,-10.0,8.0,-2.0,-2.0,6.0,-6.0,4.0,-12.0,5.0,5.0,3.0,3.0
-1,-4.0,1.0,6.0,7.0,-9.0,6.0,-2.0,-2.0,8.0,-5.0,4.0,-10.0,6.0,6.0,3.0,3.0
-1,-3.0,1.0,4.0,8.0,-9.0,5.0,-3.0,-2.0,10.0,-4.0,3.0,-10.0,8.0,8.0,2.0,3.0
0,-3.0,1.0,1.0,8.0,-8.0,3.0,-3.0,-2.0,11.0,-2.0,2.0,-9.0,8.0,9.0,1.0,3.0
1,-4.0,2.0,-2.0,8.0,-8.0,1.0,-4.0,-2.0,10.0,-1.0,1.0,-9.0,8.0,8.0,1.0,3.0
2,-4.0,2.0,-4.0,8.0,-7.0,-1.0,-6.0,-2.0,8.0,-1.0,0.0,-10.0,7.0,7.0,1.0,3.0
2,-5.0,1.0,-7.0,7.0,-6.0,-3.0,-7.0,-1.0,5.0,-1.0,-2.0,-10.0,5.0,4.0,1.0,3.0
3,-6.0,1.0,-9.0,7.0,-5.0,-4.0,-9.0,0.0,2.0,-1.0,-4.0,-10.0,4.0,2.0,1.0,3.0
3,-6.0,-1.0,-11.0,6.0,-5.0,-6.0,-10.0,0.0,1.0,-1.0,-5.0,-9.0,3.0,-1.0,1.0,3.0
3,-7.0,-2.0,-13.0,6.0,-5.0,-8.0,-11.0,-1.0,0.0,-2.0,-7.0,-9.0,3.0,-3.0,-1.0,3.0
3,-7.0,-3.0,-14.0,6.0,-6.0,-10.0,-11.0,-2.0,0.0,-2.0,-8.0,-9.0,3.0,-4.0,-1.0,3.0
4,-8.0,-4.0,-14.0,7.0,-7.0,-11.0,-12.0,-2.0,0.0,-2.0,-9.0,-8.0,2.0,-5.0,-2.0,3.0
5,-10.0,-4.0,-13.0,8.0,-8.0,-11.0,-12.0,-3.0,0.0,-3.0,-9.0,-8.0,1.0,-7.0,-1.0,3.0
5,-12.0,-5.0,-12.0,9.0,-9.0,-11.0,-12.0,-4.0,0.0,-4.0,-8.0,-8.0,-1.0,-8.0,1.0,3.0
6,-13.0,-5.0,-11.0,10.0,-10.0,-11.0,-12.0,-4.0,-1.0,-5.0,-7.0,-8.0,-2.0,-10.0,3.0,3.0
5,-15.0,-5.0,-10.0,10.0,-11.0,-10.0,-13.0,-4.0,-2.0,-6.0,-6.0,-8.0,-3.0,-12.0,5.0,3.0
4,-17.0,-4.0,-9.0,9.0,-11.0,-9.0,-13.0,-5.0,-3.0,-6.0,-5.0,-7.0,-4.0,-13.0,5.0,3.0
2,-18.0,-4.0,-8.0,6.0,-11.0,-9.0,-14.0,-5.0,-4.0,-7.0,-4.0,-8.0,-4.0,-13.0,5.0,3.0
0,-18.0,-3.0,-7.0,4.0,-10.0,-8.0,-15.0,-6.0,-5.0,-7.0,-3.0,-8.0,-5.0,-11.0,4.0,3.0
-3,-18.0,-3.0,-7.0,1.0,-9.0,-7.0,-15.0,-5.0,-4.0,-8.0,-2.0,-6.0,-6.0,-10.0,3.0,3.0
-5,-16.0,-3.0,-6.0,-1.0,-8.0,-6.0,-15.0,-4.0,-4.0,-8.0,-1.0,-3.0,-7.0,-8.0,3.0,3.0
-7,-14.0,-2.0,-5.0,-2.0,-7.0,-4.0,-14.0,-3.0,-2.0,-8.0,1.0,-1.0,-7.0,-7.0,3.0,3.0
-9,-12.0,0.0,-4.0,-3.0,-6.0,-3.0,-13.0,-2.0,-1.0,-8.0,1.0,1.0,-7.0,-6.0,2.0,3.0
-10,-9.0,2.0,-3.0,-3.0,-4.0,-1.0,-11.0,-3.0,0.0,-7.0,1.0,1.0,-7.0,-4.0,2.0,3.0
-10,-6.0,4.0,-3.0,-3.0,-2.0,0.0,-9.0,-4.0,0.0,-5.0,2.0,0.0,-7.0,-1.0,1.0,3.0
-10,-3.0,7.0,-3.0,-3.0,0.0,2.0,-7.0,-5.0,0.0,-3.0,2.0,-2.0,-6.0,1.0,2.0,3.0
-9,-1.0,9.0,-2.0,-3.0,2.0,3.0,-4.0,-5.0,1.0,-1.0,2.0,-2.0,-5.0,2.0,2.0,3.0
-8,1.0,11.0,-2.0,-3.0,4.0,4.0,-2.0,-5.0,2.0,0.0,2.0,-1.0,-4.0,2.0,2.0,3.0
-7,2.0,12.0,-2.0,-3.0,5.0,4.0,1.0,-4.0,5.0,2.0,0.0,1.0,-3.0,2.0,3.0,3.0
-6,4.0,13.0,-2.0,-3.0,6.0,4.0,2.0,-4.0,8.0,2.0,-2.0,3.0,-3.0,1.0,3.0,3.0
-6,5.0,13.0,-2.0,-2.0,6.0,3.0,3.0,-4.0,11.0,2.0,-5.0,3.0,-3.0,0.0,3.0,3.0
-6,6.0,12.0,-3.0,0.0,6.0,3.0,2.0,-3.0,12.0,1.0,-8.0,3.0,-2.0,-3.0,4.0,3.0
-5,7.0,10.0,-4.0,2.0,5.0,2.0,0.0,-1.0,11.0,0.0,-11.0,3.0,-1.0,-6.0,4.0,3.0
-5,7.0,8.0,-5.0,4.0,4.0,0.0,-2.0,1.0,8.0,-1.0,-13.0,2.0,-2.0,-8.0,3.0,3.0
-4,6.0,6.0,-6.0,6.0,2.0,-1.0,-5.0,1.0,4.0,-2.0,-14.0,0.0,-4.0,-9.0,2.0,3.0
-3,4.0,3.0,-7.0,7.0,-1.0,-3.0,-7.0,1.0,-1.0,-4.0,-16.0,-2.0,-7.0,-12.0,1.0,3.0
-3,2.0,0.0,-8.0,8.0,-3.0,-4.0,-9.0,0.0,-5.0,-6.0,-17.0,-3.0,-10.0,-15.0,1.0,3.0
-1,0.0,-2.0,-9.0,8.0,-5.0,-6.0,-10.0,-2.0,-8.0,-7.0,-17.0,-4.0,-12.0,-18.0,1.0,3.0
1,-2.0,-3.0,-10.0,9.0,-5.0,-7.0,-10.0,-4.0,-9.0,-8.0,-17.0,-5.0,-14.0,-19.0,1.0,3.0
2,-2.0,-4.0,-10.0,9.0,-5.0,-8.0,-9.0,-6.0,-9.0,-8.0,-15.0,-4.0,-16.0,-19.0,0.0,3.0
2,-2.0,-4.0,-9.0,9.0,-5.0,-9.0,-7.0,-7.0,-8.0,-8.0,-12.0,-1.0,-17.0,-18.0,-1.0,3.0
1,-1.0,-3.0,-8.0,8.0,-4.0,-10.0,-5.0,-6.0,-9.0,-8.0,-9.0,4.0,-18.0,-15.0,-2.0,3.0
-1,1.0,-3.0,-7.0,7.0,-3.0,-10.0,-3.0,-4.0,-10.0,-7.0,-6.0,8.0,-20.0,-12.0,-3.0,3.0
-2,1.0,-2.0,-6.0,5.0,-3.0,-10.0,-2.0,-2.0,-11.0,-8.0,-4.0,11.0,-22.0,-11.0,-4.0,3.0
-1,1.0,-2.0,-6.0,5.0,-3.0,-9.0,-2.0,-2.0,-12.0,-8.0,-3.0,13.0,-22.0,-12.0,-4.0,3.0
1,0.0,-2.0,-6.0,5.0,-3.0,-9.0,-1.0,-2.0,-11.0,-8.0,-3.0,15.0,-23.0,-12.0,-4.0,3.0
3,-1.0,-2.0,-7.0,6.0,-3.0,-8.0,-1.0,-2.0,-9.0,-8.0,-4.0,16.0,-23.0,-11.0,-4.0,3.0
5,-2.0,-2.0,-6.0,6.0,-3.0,-7.0,-1.0,0.0,-9.0,-6.0,-4.0,16.0,-22.0,-10.0,-3.0,3.0
5,-1.0,0.0,-6.0,7.0,-2.0,-6.0,0.0,3.0,-8.0,-5.0,-4.0,16.0,-20.0,-8.0,-3.0,3.0
4,0.0,3.0,-4.0,7.0,-1.0,-4.0,1.0,5.0,-8.0,-2.0,-5.0,15.0,-18.0,-5.0,-2.0,3.0
3,3.0,5.0,-2.0,6.0,0.0,-2.0,4.0,5.0,-6.0,0.0,-4.0,13.0,-14.0,-2.0,-1.0,3.0
3,6.0,7.0,0.0,6.0,2.0,0.0,7.0,5.0,-2.0,2.0,-3.0,11.0,-12.0,2.0,1.0,3.0
4,8.0,7.0,2.0,5.0,4.0,2.0,10.0,4.0,3.0,4.0,-1.0,10.0,-9.0,5.0,3.0,3.0
6,9.0,8.0,4.0,5.0,6.0,2.0,13.0,3.0,7.0,5.0,1.0,10.0,-7.0,8.0,4.0,3.0
7,10.0,7.0,5.0,4.0,7.0,2.0,17.0,4.0,10.0,6.0,2.0,11.0,-5.0,12.0,4.0,3.0
7,9.0,7.0,6.0,2.0,6.0,2.0,19.0,7.0,9.0,6.0,3.0,11.0,-3.0,15.0,4.0,3.0
6,8.0,8.0,6.0,0.0,6.0,2.0,20.0,10.0,8.0,7.0,4.0,11.0,-2.0,16.0,3.0,3.0
3,6.0,8.0,6.0,-3.0,5.0,2.0,20.0,10.0,6.0,6.0,4.0,9.0,-1.0,16.0,3.0,3.0
1,4.0,8.0,6.0,-5.0,3.0,2.0,20.0,9.0,5.0,6.0,4.0,6.0,-1.0,15.0,3.0,3.0
1,3.0,6.0,5.0,-7.0,2.0,1.0,19.0,7.0,3.0,5.0,4.0,4.0,-1.0,13.0,3.0,3.0
2,1.0,3.0,4.0,-9.0,1.0,0.0,18.0,5.0,2.0,4.0,4.0,2.0,-2.0,11.0,3.0,3.0
4,-2.0,-1.0,3.0,-10.0,-1.0,-2.0,16.0,2.0,1.0,3.0,4.0,0.0,-3.0,10.0,3.0,3.0
5,-4.0,-5.0,1.0,-11.0,-3.0,-3.0,15.0,0.0,1.0,2.0,4.0,-1.0,-4.0,10.0,3.0,3.0
4,-5.0,-7.0,0.0,-11.0,-5.0,-5.0,13.0,-1.0,1.0,2.0,4.0,-2.0,-6.0,9.0,2.0,3.0
2,-6.0,-8.0,0.0,-11.0,-7.0,-6.0,12.0,-3.0,1.0,1.0,3.0,-2.0,-7.0,8.0,2.0,3.0
-2,-6.0,-8.0,0.0,-11.0,-9.0,-7.0,11.0,-3.0,0.0,0.0,2.0,-3.0,-8.0,7.0,2.0,3.0
-5,-5.0,-7.0,1.0,-10.0,-10.0,-7.0,11.0,-3.0,0.0,-1.0,1.0,-4.0,-8.0,6.0,2.0,3.0
-8,-4.0,-7.0,2.0,-10.0,-12.0,-7.0,11.0,-3.0,-1.0,-2.0,0.0,-6.0,-8.0,6.0,2.0,3.0
-9,-4.0,-7.0,2.0,-9.0,-13.0,-7.0,11.0,-3.0,-2.0,-2.0,-1.0,-8.0,-6.0,5.0,1.0,3.0
-9,-4.0,-7.0,2.0,-9.0,-14.0,-7.0,12.0,-5.0,-3.0,-2.0,-2.0,-12.0,-5.0,4.0,1.0,3.0
-8,-4.0,-7.0,1.0,-8.0,-14.0,-7.0,12.0,-6.0,-3.0,-2.0,-3.0,-15.0,-4.0,4.0,1.0,3.0
-6,-5.0,-7.0,1.0,-8.0,-14.0,-7.0,12.0,-7.0,-3.0,-2.0,-4.0,-16.0,-4.0,3.0,1.0,3.0
-5,-6.0,-6.0,1.0,-8.0,-13.0,-7.0,13.0,-7.0,-2.0,-3.0,-5.0,-15.0,-4.0,3.0,0.0,3.0
-4,-7.0,-5.0,2.0,-8.0,-12.0,-7.0,14.0,-6.0,0.0,-3.0,-6.0,-13.0,-4.0,2.0,0.0,3.0
